
◆  Rendering native-presenter-v1 → /private/tmp/sniper-c0679-produced-review-20260909.FCYcRv/native-presenter-v1/renders/full-native-high-v4-browser-budget.mp4
   24000/1001fps · high · 1 workers

[?25l│
◇  Browser: env
[?25h/bin/sh: /bin/ps: Operation not permitted
/bin/sh: /bin/ps: Operation not permitted
/bin/sh: /bin/ps: Operation not permitted
/bin/sh: /bin/ps: Operation not permitted
/bin/sh: /bin/ps: Operation not permitted
/bin/sh: /bin/ps: Operation not permitted
/bin/sh: /bin/ps: Operation not permitted
/bin/sh: /bin/ps: Operation not permitted
/bin/sh: /bin/ps: Operation not permitted
/bin/sh: /bin/ps: Operation not permitted
/bin/sh: /bin/ps: Operation not permitted
/bin/sh: /bin/ps: Operation not permitted
/bin/sh: /bin/ps: Operation not permitted
/bin/sh: /bin/ps: Operation not permitted
/bin/sh: /bin/ps: Operation not permitted
/bin/sh: /bin/ps: Operation not permitted
/bin/sh: /bin/ps: Operation not permitted
/bin/sh: /bin/ps: Operation not permitted
/bin/sh: /bin/ps: Operation not permitted
/bin/sh: /bin/ps: Operation not permitted
/bin/sh: /bin/ps: Operation not permitted
/bin/sh: /bin/ps: Operation not permitted
/bin/sh: /bin/ps: Operation not permitted
/bin/sh: /bin/ps: Operation not permitted
/bin/sh: /bin/ps: Operation not permitted
/bin/sh: /bin/ps: Operation not permitted
/bin/sh: /bin/ps: Operation not permitted
/bin/sh: /bin/ps: Operation not permitted
/bin/sh: /bin/ps: Operation not permitted
/bin/sh: /bin/ps: Operation not permitted
/bin/sh: /bin/ps: Operation not permitted
/bin/sh: /bin/ps: Operation not permitted
/bin/sh: /bin/ps: Operation not permitted
/bin/sh: /bin/ps: Operation not permitted
/bin/sh: /bin/ps: Operation not permitted
/bin/sh: /bin/ps: Operation not permitted
/bin/sh: /bin/ps: Operation not permitted
/bin/sh: /bin/ps: Operation not permitted
/bin/sh: /bin/ps: Operation not permitted
/bin/sh: /bin/ps: Operation not permitted
/bin/sh: /bin/ps: Operation not permitted
/bin/sh: /bin/ps: Operation not permitted
/bin/sh: /bin/ps: Operation not permitted
/bin/sh: /bin/ps: Operation not permitted
/bin/sh: /bin/ps: Operation not permitted
/bin/sh: /bin/ps: Operation not permitted
/bin/sh: /bin/ps: Operation not permitted
/bin/sh: /bin/ps: Operation not permitted
/bin/sh: /bin/ps: Operation not permitted
/bin/sh: /bin/ps: Operation not permitted
/bin/sh: /bin/ps: Operation not permitted
/bin/sh: /bin/ps: Operation not permitted
/bin/sh: /bin/ps: Operation not permitted
/bin/sh: /bin/ps: Operation not permitted
/bin/sh: /bin/ps: Operation not permitted
/bin/sh: /bin/ps: Operation not permitted
/bin/sh: /bin/ps: Operation not permitted
/bin/sh: /bin/ps: Operation not permitted
/bin/sh: /bin/ps: Operation not permitted
/bin/sh: /bin/ps: Operation not permitted
/bin/sh: /bin/ps: Operation not permitted
/bin/sh: /bin/ps: Operation not permitted
/bin/sh: /bin/ps: Operation not permitted
/bin/sh: /bin/ps: Operation not permitted
/bin/sh: /bin/ps: Operation not permitted
/bin/sh: /bin/ps: Operation not permitted
/bin/sh: /bin/ps: Operation not permitted
/bin/sh: /bin/ps: Operation not permitted
/bin/sh: /bin/ps: Operation not permitted
/bin/sh: /bin/ps: Operation not permitted
[INFO] [Render] Pipeline started {"renderJobId":"e8f02bd8-eb11-48f0-81ac-0e0c97138008","platform":"darwin","arch":"arm64","nodeVersion":"v23.10.0","fps":{"num":24000,"den":1001},"format":"mp4","quality":"high","browserGpuMode":"software","forceScreenshot":true,"protocolTimeout":300000,"browserTimeout":120000,"pageNavigationTimeout":60000,"playerReadyTimeout":45000}
[INFO] [Render:trace] {"renderJobId":"e8f02bd8-eb11-48f0-81ac-0e0c97138008","phase":"pipeline","status":"checkpoint","elapsedMs":2,"message":"started","format":"mp4","quality":"high","browserGpuMode":"software","forceScreenshot":true,"protocolTimeoutMs":300000,"pageNavigationTimeoutMs":60000,"playerReadyTimeoutMs":45000,"requestedWorkers":1}
[INFO] [Render:trace] {"renderJobId":"e8f02bd8-eb11-48f0-81ac-0e0c97138008","phase":"compile","status":"start","elapsedMs":3,"needsAlpha":false}
  █░░░░░░░░░░░░░░░░░░░░░░░░  5%  Compiling composition
[INFO] [Compiler] Injected deterministic @font-face rules for 2 requested font families
[INFO] Compiled composition metadata {"renderJobId":"e8f02bd8-eb11-48f0-81ac-0e0c97138008","entryFile":"index.html","staticDuration":683.7664166666667,"width":1920,"height":1080,"videoCount":1,"audioCount":1,"renderModeHints":{"recommendScreenshot":false,"reasons":[]}}
[INFO] [Render:trace] {"renderJobId":"e8f02bd8-eb11-48f0-81ac-0e0c97138008","phase":"compile","status":"end","elapsedMs":204,"durationMs":201,"needsAlpha":false}
[INFO] [Render:trace] {"renderJobId":"e8f02bd8-eb11-48f0-81ac-0e0c97138008","phase":"compile","status":"checkpoint","elapsedMs":205,"message":"composition metadata resolved","width":1920,"height":1080,"videoCount":1,"audioCount":1,"imageCount":3,"deviceScaleFactor":1,"forceScreenshot":true,"compositionHash":"b49e016c762e2150"}
[INFO] [Render] Low-memory render profile active — screenshot capture, auto-worker calibration skipped. Override with --no-low-memory-mode or PRODUCER_LOW_MEMORY_MODE=false. {"renderJobId":"e8f02bd8-eb11-48f0-81ac-0e0c97138008","totalMemMb":65536,"thresholdMb":8192}
[INFO] [Render:trace] {"renderJobId":"e8f02bd8-eb11-48f0-81ac-0e0c97138008","phase":"browser_probe","status":"start","elapsedMs":205,"forceScreenshot":true,"stagePhase":"calibrating"}
[INFO] [Render:trace] {"renderJobId":"e8f02bd8-eb11-48f0-81ac-0e0c97138008","phase":"browser_probe","status":"end","elapsedMs":216,"durationMs":11,"forceScreenshot":true,"stagePhase":"calibrating"}
[INFO] [Render:trace] {"renderJobId":"e8f02bd8-eb11-48f0-81ac-0e0c97138008","phase":"browser_probe","status":"checkpoint","elapsedMs":217,"message":"duration resolved","durationSeconds":683.7664166666667,"totalFrames":16394,"compositionHash":"b49e016c762e2150","beginFrameStalled":false}
[INFO] [Render:trace] {"renderJobId":"e8f02bd8-eb11-48f0-81ac-0e0c97138008","phase":"video_extract","status":"start","elapsedMs":217,"videoCount":1}
[INFO] Probing video color spaces... {"renderJobId":"e8f02bd8-eb11-48f0-81ac-0e0c97138008","videoCount":1}
  ██░░░░░░░░░░░░░░░░░░░░░░░  10%  Extracting video frames
[INFO] Extracting frames from video 1/1 {"renderJobId":"e8f02bd8-eb11-48f0-81ac-0e0c97138008","sourceType":"local"}
[INFO] [Render:trace] {"renderJobId":"e8f02bd8-eb11-48f0-81ac-0e0c97138008","phase":"video_extract","status":"end","elapsedMs":277,"durationMs":60,"videoCount":1}
[INFO] [Render:trace] {"renderJobId":"e8f02bd8-eb11-48f0-81ac-0e0c97138008","phase":"video_extract","status":"checkpoint","elapsedMs":280,"message":"frames resolved","videoCount":1,"extractedVideoCount":1,"totalFramesExtracted":16394,"maxFramesPerVideo":16394,"avgFramesPerExtractedVideo":16394,"vfrPreflightCount":0,"vfrPreflightMs":0,"cacheHits":1,"cacheMisses":0,"transientRetries":0,"minVideoFrameCoverageRatio":1,"authoredTimedClipCount":3}
[INFO] [Render] No HDR sources detected — rendering SDR {"renderJobId":"e8f02bd8-eb11-48f0-81ac-0e0c97138008"}
[INFO] [Render:trace] {"renderJobId":"e8f02bd8-eb11-48f0-81ac-0e0c97138008","phase":"hdr_detection","status":"checkpoint","elapsedMs":280,"message":"resolved","requestedHdrMode":"auto","effectiveHdr":"sdr","nativeHdrVideoCount":0,"nativeHdrImageCount":0}
[INFO] [Render:trace] {"renderJobId":"e8f02bd8-eb11-48f0-81ac-0e0c97138008","phase":"audio_process","status":"start","elapsedMs":280,"audioCount":1}
  █████░░░░░░░░░░░░░░░░░░░░  20%  Processing audio tracks
[WARN] [Compiler] WARNING: Video "presenter" has sparse keyframes (max interval: 10.43s). This causes seek failures and frame freezing. Re-encode with: ffmpeg -i "assets/presenter-full.mp4" -c:v libx264 -r 30 -g 30 -keyint_min 30 -movflags +faststart -c:a copy output.mp4
[INFO] [Render:trace] {"renderJobId":"e8f02bd8-eb11-48f0-81ac-0e0c97138008","phase":"audio_process","status":"end","elapsedMs":15416,"durationMs":15136,"audioCount":1}
[INFO] [Render:trace] {"renderJobId":"e8f02bd8-eb11-48f0-81ac-0e0c97138008","phase":"file_server","status":"start","elapsedMs":15416,"reused":false}
  ██████░░░░░░░░░░░░░░░░░░░  25%  Starting frame capture
[INFO] [Render:trace] {"renderJobId":"e8f02bd8-eb11-48f0-81ac-0e0c97138008","phase":"file_server","status":"end","elapsedMs":15418,"durationMs":2}
[INFO] [Render:trace] {"renderJobId":"e8f02bd8-eb11-48f0-81ac-0e0c97138008","phase":"capture_calibration","status":"checkpoint","elapsedMs":15419,"message":"skipped","requestedWorkers":1,"totalFrames":16394,"htmlInCanvasDetected":false,"lowMemoryMode":true,"deInversionEligible":false,"deParallelRouterEligible":false}
[INFO] [Render:trace] {"renderJobId":"e8f02bd8-eb11-48f0-81ac-0e0c97138008","phase":"worker_resolution","status":"checkpoint","elapsedMs":15420,"message":"resolved","workerCount":1}
[INFO] streaming-encode gate {"renderJobId":"e8f02bd8-eb11-48f0-81ac-0e0c97138008","enabled":true,"configFlag":true,"outputFormat":"mp4","workerCount":1,"durationSeconds":683.7664166666667,"maxDurationSeconds":900}
[INFO] [Render:trace] {"renderJobId":"e8f02bd8-eb11-48f0-81ac-0e0c97138008","phase":"capture_strategy","status":"checkpoint","elapsedMs":15420,"message":"resolved","workerCount":1,"forceScreenshot":true,"captureBeyondViewport":true,"useStreamingEncode":true,"useLayeredComposite":false,"usePageSideCompositing":false,"hasHdrContent":false,"hasShaderTransitions":false,"isPngSequence":false}
[INFO] [Render:trace] {"renderJobId":"e8f02bd8-eb11-48f0-81ac-0e0c97138008","phase":"capture_streaming","status":"start","elapsedMs":15420,"stagePhase":"capturing","workerCount":1,"forceScreenshot":true,"totalFrames":16394,"framesCompleted":0,"captureMode":"screenshot","captureOperation":"captureScreenshot"}
[BrowserManager] Browser launched (HeadlessChrome/152.0.7928.2, screenshot, gl=--use-gl=angle --use-angle=swiftshader, headlessShell=true, platform=darwin)
[initSession:screenshot] page.goto start (0ms)
[HyperFrames] render runtime fps [object Object]
[initSession:screenshot] page.goto complete (708ms)
[initSession:screenshot] GSAP proxy flush complete (735ms)
[initSession:screenshot] pollHfReady complete (736ms)
[initSession:screenshot] pollSubCompositionTimelines complete (ready) (737ms)
[initSession:screenshot] applyVideoMetadataHints complete (738ms)
[initSession:screenshot] media + fonts + tailwind ready (739ms)
[initSession:screenshot] captureBeyondViewport downgraded: page content fits the capture viewport (741ms)
[initSession:screenshot] static-frame dedup: disabled (before-capture hook / video injection active) (742ms)
  ██████░░░░░░░░░░░░░░░░░░░  25%  Streaming frame 1/16394
  ██████░░░░░░░░░░░░░░░░░░░  25%  Streaming frame 2/16394
  ██████░░░░░░░░░░░░░░░░░░░  25%  Streaming frame 3/16394
  ██████░░░░░░░░░░░░░░░░░░░  25%  Streaming frame 4/16394
  ██████░░░░░░░░░░░░░░░░░░░  25%  Streaming frame 5/16394
  ██████░░░░░░░░░░░░░░░░░░░  25%  Streaming frame 6/16394
  ██████░░░░░░░░░░░░░░░░░░░  25%  Streaming frame 7/16394
  ██████░░░░░░░░░░░░░░░░░░░  25%  Streaming frame 8/16394
  ██████░░░░░░░░░░░░░░░░░░░  25%  Streaming frame 9/16394
  ██████░░░░░░░░░░░░░░░░░░░  25%  Streaming frame 10/16394
  ██████░░░░░░░░░░░░░░░░░░░  25%  Streaming frame 11/16394
  ██████░░░░░░░░░░░░░░░░░░░  25%  Streaming frame 12/16394
  ██████░░░░░░░░░░░░░░░░░░░  25%  Streaming frame 13/16394
  ██████░░░░░░░░░░░░░░░░░░░  25%  Streaming frame 14/16394
  ██████░░░░░░░░░░░░░░░░░░░  25%  Streaming frame 15/16394
  ██████░░░░░░░░░░░░░░░░░░░  25%  Streaming frame 16/16394
  ██████░░░░░░░░░░░░░░░░░░░  25%  Streaming frame 17/16394
  ██████░░░░░░░░░░░░░░░░░░░  25%  Streaming frame 18/16394
  ██████░░░░░░░░░░░░░░░░░░░  25%  Streaming frame 19/16394
  ██████░░░░░░░░░░░░░░░░░░░  25%  Streaming frame 20/16394
  ██████░░░░░░░░░░░░░░░░░░░  25%  Streaming frame 21/16394
  ██████░░░░░░░░░░░░░░░░░░░  25%  Streaming frame 22/16394
  ██████░░░░░░░░░░░░░░░░░░░  25%  Streaming frame 23/16394
  ██████░░░░░░░░░░░░░░░░░░░  25%  Streaming frame 24/16394
  ██████░░░░░░░░░░░░░░░░░░░  25%  Streaming frame 25/16394
  ██████░░░░░░░░░░░░░░░░░░░  25%  Streaming frame 26/16394
  ██████░░░░░░░░░░░░░░░░░░░  25%  Streaming frame 27/16394
  ██████░░░░░░░░░░░░░░░░░░░  25%  Streaming frame 28/16394
  ██████░░░░░░░░░░░░░░░░░░░  25%  Streaming frame 29/16394
  ██████░░░░░░░░░░░░░░░░░░░  25%  Streaming frame 30/16394
  ██████░░░░░░░░░░░░░░░░░░░  25%  Streaming frame 31/16394
  ██████░░░░░░░░░░░░░░░░░░░  25%  Streaming frame 32/16394
  ██████░░░░░░░░░░░░░░░░░░░  25%  Streaming frame 33/16394
  ██████░░░░░░░░░░░░░░░░░░░  25%  Streaming frame 34/16394
  ██████░░░░░░░░░░░░░░░░░░░  25%  Streaming frame 35/16394
  ██████░░░░░░░░░░░░░░░░░░░  25%  Streaming frame 36/16394
  ██████░░░░░░░░░░░░░░░░░░░  25%  Streaming frame 37/16394
  ██████░░░░░░░░░░░░░░░░░░░  25%  Streaming frame 38/16394
  ██████░░░░░░░░░░░░░░░░░░░  25%  Streaming frame 39/16394
  ██████░░░░░░░░░░░░░░░░░░░  25%  Streaming frame 40/16394
  ██████░░░░░░░░░░░░░░░░░░░  25%  Streaming frame 41/16394
  ██████░░░░░░░░░░░░░░░░░░░  25%  Streaming frame 42/16394
  ██████░░░░░░░░░░░░░░░░░░░  25%  Streaming frame 43/16394
  ██████░░░░░░░░░░░░░░░░░░░  25%  Streaming frame 44/16394
  ██████░░░░░░░░░░░░░░░░░░░  25%  Streaming frame 45/16394
  ██████░░░░░░░░░░░░░░░░░░░  25%  Streaming frame 46/16394
  ██████░░░░░░░░░░░░░░░░░░░  25%  Streaming frame 47/16394
  ██████░░░░░░░░░░░░░░░░░░░  25%  Streaming frame 48/16394
  ██████░░░░░░░░░░░░░░░░░░░  25%  Streaming frame 49/16394
  ██████░░░░░░░░░░░░░░░░░░░  25%  Streaming frame 50/16394
  ██████░░░░░░░░░░░░░░░░░░░  25%  Streaming frame 51/16394
  ██████░░░░░░░░░░░░░░░░░░░  25%  Streaming frame 52/16394
  ██████░░░░░░░░░░░░░░░░░░░  25%  Streaming frame 53/16394
  ██████░░░░░░░░░░░░░░░░░░░  25%  Streaming frame 54/16394
  ██████░░░░░░░░░░░░░░░░░░░  25%  Streaming frame 55/16394
  ██████░░░░░░░░░░░░░░░░░░░  25%  Streaming frame 56/16394
  ██████░░░░░░░░░░░░░░░░░░░  25%  Streaming frame 57/16394
  ██████░░░░░░░░░░░░░░░░░░░  25%  Streaming frame 58/16394
  ██████░░░░░░░░░░░░░░░░░░░  25%  Streaming frame 59/16394
  ██████░░░░░░░░░░░░░░░░░░░  25%  Streaming frame 60/16394
  ██████░░░░░░░░░░░░░░░░░░░  25%  Streaming frame 61/16394
  ██████░░░░░░░░░░░░░░░░░░░  25%  Streaming frame 62/16394
  ██████░░░░░░░░░░░░░░░░░░░  25%  Streaming frame 63/16394
  ██████░░░░░░░░░░░░░░░░░░░  25%  Streaming frame 64/16394
  ██████░░░░░░░░░░░░░░░░░░░  25%  Streaming frame 65/16394
  ██████░░░░░░░░░░░░░░░░░░░  25%  Streaming frame 66/16394
  ██████░░░░░░░░░░░░░░░░░░░  25%  Streaming frame 67/16394
  ██████░░░░░░░░░░░░░░░░░░░  25%  Streaming frame 68/16394
  ██████░░░░░░░░░░░░░░░░░░░  25%  Streaming frame 69/16394
  ██████░░░░░░░░░░░░░░░░░░░  25%  Streaming frame 70/16394
  ██████░░░░░░░░░░░░░░░░░░░  25%  Streaming frame 71/16394
  ██████░░░░░░░░░░░░░░░░░░░  25%  Streaming frame 72/16394
  ██████░░░░░░░░░░░░░░░░░░░  25%  Streaming frame 73/16394
  ██████░░░░░░░░░░░░░░░░░░░  25%  Streaming frame 74/16394
  ██████░░░░░░░░░░░░░░░░░░░  25%  Streaming frame 75/16394
  ██████░░░░░░░░░░░░░░░░░░░  25%  Streaming frame 76/16394
  ██████░░░░░░░░░░░░░░░░░░░  25%  Streaming frame 77/16394
  ██████░░░░░░░░░░░░░░░░░░░  25%  Streaming frame 78/16394
  ██████░░░░░░░░░░░░░░░░░░░  25%  Streaming frame 79/16394
  ██████░░░░░░░░░░░░░░░░░░░  25%  Streaming frame 80/16394
  ██████░░░░░░░░░░░░░░░░░░░  25%  Streaming frame 81/16394
  ██████░░░░░░░░░░░░░░░░░░░  25%  Streaming frame 82/16394
  ██████░░░░░░░░░░░░░░░░░░░  25%  Streaming frame 83/16394
  ██████░░░░░░░░░░░░░░░░░░░  25%  Streaming frame 84/16394
  ██████░░░░░░░░░░░░░░░░░░░  25%  Streaming frame 85/16394
  ██████░░░░░░░░░░░░░░░░░░░  25%  Streaming frame 86/16394
  ██████░░░░░░░░░░░░░░░░░░░  25%  Streaming frame 87/16394
  ██████░░░░░░░░░░░░░░░░░░░  25%  Streaming frame 88/16394
  ██████░░░░░░░░░░░░░░░░░░░  25%  Streaming frame 89/16394
  ██████░░░░░░░░░░░░░░░░░░░  25%  Streaming frame 90/16394
  ██████░░░░░░░░░░░░░░░░░░░  25%  Streaming frame 91/16394
  ██████░░░░░░░░░░░░░░░░░░░  25%  Streaming frame 92/16394
  ██████░░░░░░░░░░░░░░░░░░░  25%  Streaming frame 93/16394
  ██████░░░░░░░░░░░░░░░░░░░  25%  Streaming frame 94/16394
  ██████░░░░░░░░░░░░░░░░░░░  25%  Streaming frame 95/16394
  ██████░░░░░░░░░░░░░░░░░░░  25%  Streaming frame 96/16394
  ██████░░░░░░░░░░░░░░░░░░░  25%  Streaming frame 97/16394
  ██████░░░░░░░░░░░░░░░░░░░  25%  Streaming frame 98/16394
  ██████░░░░░░░░░░░░░░░░░░░  25%  Streaming frame 99/16394
  ██████░░░░░░░░░░░░░░░░░░░  25%  Streaming frame 100/16394
  ██████░░░░░░░░░░░░░░░░░░░  25%  Streaming frame 101/16394
  ██████░░░░░░░░░░░░░░░░░░░  25%  Streaming frame 102/16394
  ██████░░░░░░░░░░░░░░░░░░░  25%  Streaming frame 103/16394
  ██████░░░░░░░░░░░░░░░░░░░  25%  Streaming frame 104/16394
  ██████░░░░░░░░░░░░░░░░░░░  25%  Streaming frame 105/16394
  ██████░░░░░░░░░░░░░░░░░░░  25%  Streaming frame 106/16394
  ██████░░░░░░░░░░░░░░░░░░░  25%  Streaming frame 107/16394
  ██████░░░░░░░░░░░░░░░░░░░  25%  Streaming frame 108/16394
  ██████░░░░░░░░░░░░░░░░░░░  25%  Streaming frame 109/16394
  ██████░░░░░░░░░░░░░░░░░░░  25%  Streaming frame 110/16394
  ██████░░░░░░░░░░░░░░░░░░░  25%  Streaming frame 111/16394
  ██████░░░░░░░░░░░░░░░░░░░  25%  Streaming frame 112/16394
  ██████░░░░░░░░░░░░░░░░░░░  25%  Streaming frame 113/16394
  ██████░░░░░░░░░░░░░░░░░░░  25%  Streaming frame 114/16394
  ██████░░░░░░░░░░░░░░░░░░░  25%  Streaming frame 115/16394
  ██████░░░░░░░░░░░░░░░░░░░  25%  Streaming frame 116/16394
  ██████░░░░░░░░░░░░░░░░░░░  25%  Streaming frame 117/16394
  ██████░░░░░░░░░░░░░░░░░░░  25%  Streaming frame 118/16394
  ██████░░░░░░░░░░░░░░░░░░░  25%  Streaming frame 119/16394
  ██████░░░░░░░░░░░░░░░░░░░  25%  Streaming frame 120/16394
  ██████░░░░░░░░░░░░░░░░░░░  25%  Streaming frame 121/16394
  ██████░░░░░░░░░░░░░░░░░░░  25%  Streaming frame 122/16394
  ██████░░░░░░░░░░░░░░░░░░░  25%  Streaming frame 123/16394
  ██████░░░░░░░░░░░░░░░░░░░  25%  Streaming frame 124/16394
  ██████░░░░░░░░░░░░░░░░░░░  25%  Streaming frame 125/16394
  ██████░░░░░░░░░░░░░░░░░░░  25%  Streaming frame 126/16394
  ██████░░░░░░░░░░░░░░░░░░░  25%  Streaming frame 127/16394
  ██████░░░░░░░░░░░░░░░░░░░  25%  Streaming frame 128/16394
  ██████░░░░░░░░░░░░░░░░░░░  25%  Streaming frame 129/16394
  ██████░░░░░░░░░░░░░░░░░░░  25%  Streaming frame 130/16394
  ██████░░░░░░░░░░░░░░░░░░░  25%  Streaming frame 131/16394
  ██████░░░░░░░░░░░░░░░░░░░  25%  Streaming frame 132/16394
  ██████░░░░░░░░░░░░░░░░░░░  25%  Streaming frame 133/16394
  ██████░░░░░░░░░░░░░░░░░░░  25%  Streaming frame 134/16394
  ██████░░░░░░░░░░░░░░░░░░░  25%  Streaming frame 135/16394
  ██████░░░░░░░░░░░░░░░░░░░  25%  Streaming frame 136/16394
  ██████░░░░░░░░░░░░░░░░░░░  25%  Streaming frame 137/16394
  ██████░░░░░░░░░░░░░░░░░░░  25%  Streaming frame 138/16394
  ██████░░░░░░░░░░░░░░░░░░░  25%  Streaming frame 139/16394
  ██████░░░░░░░░░░░░░░░░░░░  25%  Streaming frame 140/16394
  ██████░░░░░░░░░░░░░░░░░░░  25%  Streaming frame 141/16394
  ██████░░░░░░░░░░░░░░░░░░░  25%  Streaming frame 142/16394
  ██████░░░░░░░░░░░░░░░░░░░  25%  Streaming frame 143/16394
  ██████░░░░░░░░░░░░░░░░░░░  25%  Streaming frame 144/16394
  ██████░░░░░░░░░░░░░░░░░░░  25%  Streaming frame 145/16394
  ██████░░░░░░░░░░░░░░░░░░░  25%  Streaming frame 146/16394
  ██████░░░░░░░░░░░░░░░░░░░  25%  Streaming frame 147/16394
  ██████░░░░░░░░░░░░░░░░░░░  25%  Streaming frame 148/16394
  ██████░░░░░░░░░░░░░░░░░░░  25%  Streaming frame 149/16394
  ██████░░░░░░░░░░░░░░░░░░░  26%  Streaming frame 150/16394
  ██████░░░░░░░░░░░░░░░░░░░  26%  Streaming frame 151/16394
  ██████░░░░░░░░░░░░░░░░░░░  26%  Streaming frame 152/16394
  ██████░░░░░░░░░░░░░░░░░░░  26%  Streaming frame 153/16394
  ██████░░░░░░░░░░░░░░░░░░░  26%  Streaming frame 154/16394
  ██████░░░░░░░░░░░░░░░░░░░  26%  Streaming frame 155/16394
  ██████░░░░░░░░░░░░░░░░░░░  26%  Streaming frame 156/16394
  ██████░░░░░░░░░░░░░░░░░░░  26%  Streaming frame 157/16394
  ██████░░░░░░░░░░░░░░░░░░░  26%  Streaming frame 158/16394
  ██████░░░░░░░░░░░░░░░░░░░  26%  Streaming frame 159/16394
  ██████░░░░░░░░░░░░░░░░░░░  26%  Streaming frame 160/16394
  ██████░░░░░░░░░░░░░░░░░░░  26%  Streaming frame 161/16394
  ██████░░░░░░░░░░░░░░░░░░░  26%  Streaming frame 162/16394
  ██████░░░░░░░░░░░░░░░░░░░  26%  Streaming frame 163/16394
  ██████░░░░░░░░░░░░░░░░░░░  26%  Streaming frame 164/16394
  ██████░░░░░░░░░░░░░░░░░░░  26%  Streaming frame 165/16394
  ██████░░░░░░░░░░░░░░░░░░░  26%  Streaming frame 166/16394
  ██████░░░░░░░░░░░░░░░░░░░  26%  Streaming frame 167/16394
  ██████░░░░░░░░░░░░░░░░░░░  26%  Streaming frame 168/16394
  ██████░░░░░░░░░░░░░░░░░░░  26%  Streaming frame 169/16394
  ██████░░░░░░░░░░░░░░░░░░░  26%  Streaming frame 170/16394
  ██████░░░░░░░░░░░░░░░░░░░  26%  Streaming frame 171/16394
  ██████░░░░░░░░░░░░░░░░░░░  26%  Streaming frame 172/16394
  ██████░░░░░░░░░░░░░░░░░░░  26%  Streaming frame 173/16394
  ██████░░░░░░░░░░░░░░░░░░░  26%  Streaming frame 174/16394
  ██████░░░░░░░░░░░░░░░░░░░  26%  Streaming frame 175/16394
  ██████░░░░░░░░░░░░░░░░░░░  26%  Streaming frame 176/16394
  ██████░░░░░░░░░░░░░░░░░░░  26%  Streaming frame 177/16394
  ██████░░░░░░░░░░░░░░░░░░░  26%  Streaming frame 178/16394
  ██████░░░░░░░░░░░░░░░░░░░  26%  Streaming frame 179/16394
  ██████░░░░░░░░░░░░░░░░░░░  26%  Streaming frame 180/16394
  ██████░░░░░░░░░░░░░░░░░░░  26%  Streaming frame 181/16394
  ██████░░░░░░░░░░░░░░░░░░░  26%  Streaming frame 182/16394
  ██████░░░░░░░░░░░░░░░░░░░  26%  Streaming frame 183/16394
[INFO] [Render:trace] {"renderJobId":"e8f02bd8-eb11-48f0-81ac-0e0c97138008","phase":"capture_streaming","status":"checkpoint","elapsedMs":45420,"message":"stage still running","stagePhase":"capturing","workerCount":1,"forceScreenshot":true,"totalFrames":16394,"framesCompleted":183,"captureMode":"screenshot","captureOperation":"captureScreenshot","heartbeatIndex":1,"stageElapsedMs":30000}
  ██████░░░░░░░░░░░░░░░░░░░  26%  Streaming frame 184/16394
  ██████░░░░░░░░░░░░░░░░░░░  26%  Streaming frame 185/16394
  ██████░░░░░░░░░░░░░░░░░░░  26%  Streaming frame 186/16394
  ██████░░░░░░░░░░░░░░░░░░░  26%  Streaming frame 187/16394
  ██████░░░░░░░░░░░░░░░░░░░  26%  Streaming frame 188/16394
  ██████░░░░░░░░░░░░░░░░░░░  26%  Streaming frame 189/16394
  ██████░░░░░░░░░░░░░░░░░░░  26%  Streaming frame 190/16394
  ██████░░░░░░░░░░░░░░░░░░░  26%  Streaming frame 191/16394
  ██████░░░░░░░░░░░░░░░░░░░  26%  Streaming frame 192/16394
  ██████░░░░░░░░░░░░░░░░░░░  26%  Streaming frame 193/16394
  ██████░░░░░░░░░░░░░░░░░░░  26%  Streaming frame 194/16394
  ██████░░░░░░░░░░░░░░░░░░░  26%  Streaming frame 195/16394
  ██████░░░░░░░░░░░░░░░░░░░  26%  Streaming frame 196/16394
  ██████░░░░░░░░░░░░░░░░░░░  26%  Streaming frame 197/16394
  ██████░░░░░░░░░░░░░░░░░░░  26%  Streaming frame 198/16394
  ██████░░░░░░░░░░░░░░░░░░░  26%  Streaming frame 199/16394
  ██████░░░░░░░░░░░░░░░░░░░  26%  Streaming frame 200/16394
  ██████░░░░░░░░░░░░░░░░░░░  26%  Streaming frame 201/16394
  ██████░░░░░░░░░░░░░░░░░░░  26%  Streaming frame 202/16394
  ██████░░░░░░░░░░░░░░░░░░░  26%  Streaming frame 203/16394
  ██████░░░░░░░░░░░░░░░░░░░  26%  Streaming frame 204/16394
  ██████░░░░░░░░░░░░░░░░░░░  26%  Streaming frame 205/16394
  ██████░░░░░░░░░░░░░░░░░░░  26%  Streaming frame 206/16394
  ██████░░░░░░░░░░░░░░░░░░░  26%  Streaming frame 207/16394
  ██████░░░░░░░░░░░░░░░░░░░  26%  Streaming frame 208/16394
  ██████░░░░░░░░░░░░░░░░░░░  26%  Streaming frame 209/16394
  ██████░░░░░░░░░░░░░░░░░░░  26%  Streaming frame 210/16394
  ██████░░░░░░░░░░░░░░░░░░░  26%  Streaming frame 211/16394
  ██████░░░░░░░░░░░░░░░░░░░  26%  Streaming frame 212/16394
  ██████░░░░░░░░░░░░░░░░░░░  26%  Streaming frame 213/16394
  ██████░░░░░░░░░░░░░░░░░░░  26%  Streaming frame 214/16394
  ██████░░░░░░░░░░░░░░░░░░░  26%  Streaming frame 215/16394
  ██████░░░░░░░░░░░░░░░░░░░  26%  Streaming frame 216/16394
  ██████░░░░░░░░░░░░░░░░░░░  26%  Streaming frame 217/16394
  ██████░░░░░░░░░░░░░░░░░░░  26%  Streaming frame 218/16394
  ██████░░░░░░░░░░░░░░░░░░░  26%  Streaming frame 219/16394
  ██████░░░░░░░░░░░░░░░░░░░  26%  Streaming frame 220/16394
  ██████░░░░░░░░░░░░░░░░░░░  26%  Streaming frame 221/16394
  ██████░░░░░░░░░░░░░░░░░░░  26%  Streaming frame 222/16394
  ██████░░░░░░░░░░░░░░░░░░░  26%  Streaming frame 223/16394
  ██████░░░░░░░░░░░░░░░░░░░  26%  Streaming frame 224/16394
  ██████░░░░░░░░░░░░░░░░░░░  26%  Streaming frame 225/16394
  ██████░░░░░░░░░░░░░░░░░░░  26%  Streaming frame 226/16394
  ██████░░░░░░░░░░░░░░░░░░░  26%  Streaming frame 227/16394
  ██████░░░░░░░░░░░░░░░░░░░  26%  Streaming frame 228/16394
  ██████░░░░░░░░░░░░░░░░░░░  26%  Streaming frame 229/16394
  ██████░░░░░░░░░░░░░░░░░░░  26%  Streaming frame 230/16394
  ██████░░░░░░░░░░░░░░░░░░░  26%  Streaming frame 231/16394
  ██████░░░░░░░░░░░░░░░░░░░  26%  Streaming frame 232/16394
  ██████░░░░░░░░░░░░░░░░░░░  26%  Streaming frame 233/16394
  ██████░░░░░░░░░░░░░░░░░░░  26%  Streaming frame 234/16394
  ██████░░░░░░░░░░░░░░░░░░░  26%  Streaming frame 235/16394
  ██████░░░░░░░░░░░░░░░░░░░  26%  Streaming frame 236/16394
  ██████░░░░░░░░░░░░░░░░░░░  26%  Streaming frame 237/16394
  ██████░░░░░░░░░░░░░░░░░░░  26%  Streaming frame 238/16394
  ██████░░░░░░░░░░░░░░░░░░░  26%  Streaming frame 239/16394
  ██████░░░░░░░░░░░░░░░░░░░  26%  Streaming frame 240/16394
  ██████░░░░░░░░░░░░░░░░░░░  26%  Streaming frame 241/16394
  ██████░░░░░░░░░░░░░░░░░░░  26%  Streaming frame 242/16394
  ██████░░░░░░░░░░░░░░░░░░░  26%  Streaming frame 243/16394
  ██████░░░░░░░░░░░░░░░░░░░  26%  Streaming frame 244/16394
  ██████░░░░░░░░░░░░░░░░░░░  26%  Streaming frame 245/16394
  ██████░░░░░░░░░░░░░░░░░░░  26%  Streaming frame 246/16394
  ██████░░░░░░░░░░░░░░░░░░░  26%  Streaming frame 247/16394
  ██████░░░░░░░░░░░░░░░░░░░  26%  Streaming frame 248/16394
  ██████░░░░░░░░░░░░░░░░░░░  26%  Streaming frame 249/16394
  ██████░░░░░░░░░░░░░░░░░░░  26%  Streaming frame 250/16394
  ██████░░░░░░░░░░░░░░░░░░░  26%  Streaming frame 251/16394
  ██████░░░░░░░░░░░░░░░░░░░  26%  Streaming frame 252/16394
  ██████░░░░░░░░░░░░░░░░░░░  26%  Streaming frame 253/16394
  ██████░░░░░░░░░░░░░░░░░░░  26%  Streaming frame 254/16394
  ██████░░░░░░░░░░░░░░░░░░░  26%  Streaming frame 255/16394
  ██████░░░░░░░░░░░░░░░░░░░  26%  Streaming frame 256/16394
  ██████░░░░░░░░░░░░░░░░░░░  26%  Streaming frame 257/16394
  ██████░░░░░░░░░░░░░░░░░░░  26%  Streaming frame 258/16394
  ██████░░░░░░░░░░░░░░░░░░░  26%  Streaming frame 259/16394
  ██████░░░░░░░░░░░░░░░░░░░  26%  Streaming frame 260/16394
  ██████░░░░░░░░░░░░░░░░░░░  26%  Streaming frame 261/16394
  ██████░░░░░░░░░░░░░░░░░░░  26%  Streaming frame 262/16394
  ██████░░░░░░░░░░░░░░░░░░░  26%  Streaming frame 263/16394
  ██████░░░░░░░░░░░░░░░░░░░  26%  Streaming frame 264/16394
  ██████░░░░░░░░░░░░░░░░░░░  26%  Streaming frame 265/16394
  ██████░░░░░░░░░░░░░░░░░░░  26%  Streaming frame 266/16394
  ██████░░░░░░░░░░░░░░░░░░░  26%  Streaming frame 267/16394
  ██████░░░░░░░░░░░░░░░░░░░  26%  Streaming frame 268/16394
  ██████░░░░░░░░░░░░░░░░░░░  26%  Streaming frame 269/16394
  ██████░░░░░░░░░░░░░░░░░░░  26%  Streaming frame 270/16394
  ██████░░░░░░░░░░░░░░░░░░░  26%  Streaming frame 271/16394
  ██████░░░░░░░░░░░░░░░░░░░  26%  Streaming frame 272/16394
  ██████░░░░░░░░░░░░░░░░░░░  26%  Streaming frame 273/16394
  ██████░░░░░░░░░░░░░░░░░░░  26%  Streaming frame 274/16394
  ██████░░░░░░░░░░░░░░░░░░░  26%  Streaming frame 275/16394
  ██████░░░░░░░░░░░░░░░░░░░  26%  Streaming frame 276/16394
  ██████░░░░░░░░░░░░░░░░░░░  26%  Streaming frame 277/16394
  ██████░░░░░░░░░░░░░░░░░░░  26%  Streaming frame 278/16394
  ██████░░░░░░░░░░░░░░░░░░░  26%  Streaming frame 279/16394
  ██████░░░░░░░░░░░░░░░░░░░  26%  Streaming frame 280/16394
  ██████░░░░░░░░░░░░░░░░░░░  26%  Streaming frame 281/16394
  ██████░░░░░░░░░░░░░░░░░░░  26%  Streaming frame 282/16394
  ██████░░░░░░░░░░░░░░░░░░░  26%  Streaming frame 283/16394
  ██████░░░░░░░░░░░░░░░░░░░  26%  Streaming frame 284/16394
  ██████░░░░░░░░░░░░░░░░░░░  26%  Streaming frame 285/16394
  ██████░░░░░░░░░░░░░░░░░░░  26%  Streaming frame 286/16394
  ██████░░░░░░░░░░░░░░░░░░░  26%  Streaming frame 287/16394
  ██████░░░░░░░░░░░░░░░░░░░  26%  Streaming frame 288/16394
  ██████░░░░░░░░░░░░░░░░░░░  26%  Streaming frame 289/16394
  ██████░░░░░░░░░░░░░░░░░░░  26%  Streaming frame 290/16394
  ██████░░░░░░░░░░░░░░░░░░░  26%  Streaming frame 291/16394
  ██████░░░░░░░░░░░░░░░░░░░  26%  Streaming frame 292/16394
  ██████░░░░░░░░░░░░░░░░░░░  26%  Streaming frame 293/16394
  ██████░░░░░░░░░░░░░░░░░░░  26%  Streaming frame 294/16394
  ██████░░░░░░░░░░░░░░░░░░░  26%  Streaming frame 295/16394
  ██████░░░░░░░░░░░░░░░░░░░  26%  Streaming frame 296/16394
  ██████░░░░░░░░░░░░░░░░░░░  26%  Streaming frame 297/16394
  ██████░░░░░░░░░░░░░░░░░░░  26%  Streaming frame 298/16394
  ██████░░░░░░░░░░░░░░░░░░░  26%  Streaming frame 299/16394
  ██████░░░░░░░░░░░░░░░░░░░  26%  Streaming frame 300/16394
  ██████░░░░░░░░░░░░░░░░░░░  26%  Streaming frame 301/16394
  ██████░░░░░░░░░░░░░░░░░░░  26%  Streaming frame 302/16394
  ██████░░░░░░░░░░░░░░░░░░░  26%  Streaming frame 303/16394
  ██████░░░░░░░░░░░░░░░░░░░  26%  Streaming frame 304/16394
  ██████░░░░░░░░░░░░░░░░░░░  26%  Streaming frame 305/16394
  ██████░░░░░░░░░░░░░░░░░░░  26%  Streaming frame 306/16394
  ██████░░░░░░░░░░░░░░░░░░░  26%  Streaming frame 307/16394
  ██████░░░░░░░░░░░░░░░░░░░  26%  Streaming frame 308/16394
  ██████░░░░░░░░░░░░░░░░░░░  26%  Streaming frame 309/16394
  ██████░░░░░░░░░░░░░░░░░░░  26%  Streaming frame 310/16394
  ██████░░░░░░░░░░░░░░░░░░░  26%  Streaming frame 311/16394
  ██████░░░░░░░░░░░░░░░░░░░  26%  Streaming frame 312/16394
  ██████░░░░░░░░░░░░░░░░░░░  26%  Streaming frame 313/16394
  ██████░░░░░░░░░░░░░░░░░░░  26%  Streaming frame 314/16394
  ██████░░░░░░░░░░░░░░░░░░░  26%  Streaming frame 315/16394
  ██████░░░░░░░░░░░░░░░░░░░  26%  Streaming frame 316/16394
  ██████░░░░░░░░░░░░░░░░░░░  26%  Streaming frame 317/16394
  ██████░░░░░░░░░░░░░░░░░░░  26%  Streaming frame 318/16394
  ██████░░░░░░░░░░░░░░░░░░░  26%  Streaming frame 319/16394
  ██████░░░░░░░░░░░░░░░░░░░  26%  Streaming frame 320/16394
  ██████░░░░░░░░░░░░░░░░░░░  26%  Streaming frame 321/16394
  ██████░░░░░░░░░░░░░░░░░░░  26%  Streaming frame 322/16394
  ██████░░░░░░░░░░░░░░░░░░░  26%  Streaming frame 323/16394
  ██████░░░░░░░░░░░░░░░░░░░  26%  Streaming frame 324/16394
  ██████░░░░░░░░░░░░░░░░░░░  26%  Streaming frame 325/16394
  ██████░░░░░░░░░░░░░░░░░░░  26%  Streaming frame 326/16394
  ██████░░░░░░░░░░░░░░░░░░░  26%  Streaming frame 327/16394
  ██████░░░░░░░░░░░░░░░░░░░  26%  Streaming frame 328/16394
  ██████░░░░░░░░░░░░░░░░░░░  26%  Streaming frame 329/16394
  ██████░░░░░░░░░░░░░░░░░░░  26%  Streaming frame 330/16394
  ██████░░░░░░░░░░░░░░░░░░░  26%  Streaming frame 331/16394
  ██████░░░░░░░░░░░░░░░░░░░  26%  Streaming frame 332/16394
  ██████░░░░░░░░░░░░░░░░░░░  26%  Streaming frame 333/16394
  ██████░░░░░░░░░░░░░░░░░░░  26%  Streaming frame 334/16394
  ██████░░░░░░░░░░░░░░░░░░░  26%  Streaming frame 335/16394
  ██████░░░░░░░░░░░░░░░░░░░  26%  Streaming frame 336/16394
  ██████░░░░░░░░░░░░░░░░░░░  26%  Streaming frame 337/16394
  ██████░░░░░░░░░░░░░░░░░░░  26%  Streaming frame 338/16394
  ██████░░░░░░░░░░░░░░░░░░░  26%  Streaming frame 339/16394
  ██████░░░░░░░░░░░░░░░░░░░  26%  Streaming frame 340/16394
  ██████░░░░░░░░░░░░░░░░░░░  26%  Streaming frame 341/16394
  ██████░░░░░░░░░░░░░░░░░░░  26%  Streaming frame 342/16394
  ██████░░░░░░░░░░░░░░░░░░░  26%  Streaming frame 343/16394
  ██████░░░░░░░░░░░░░░░░░░░  26%  Streaming frame 344/16394
  ██████░░░░░░░░░░░░░░░░░░░  26%  Streaming frame 345/16394
  ██████░░░░░░░░░░░░░░░░░░░  26%  Streaming frame 346/16394
  ██████░░░░░░░░░░░░░░░░░░░  26%  Streaming frame 347/16394
  ██████░░░░░░░░░░░░░░░░░░░  26%  Streaming frame 348/16394
  ██████░░░░░░░░░░░░░░░░░░░  26%  Streaming frame 349/16394
  ██████░░░░░░░░░░░░░░░░░░░  26%  Streaming frame 350/16394
  ██████░░░░░░░░░░░░░░░░░░░  26%  Streaming frame 351/16394
  ██████░░░░░░░░░░░░░░░░░░░  26%  Streaming frame 352/16394
  ██████░░░░░░░░░░░░░░░░░░░  26%  Streaming frame 353/16394
  ██████░░░░░░░░░░░░░░░░░░░  26%  Streaming frame 354/16394
  ██████░░░░░░░░░░░░░░░░░░░  26%  Streaming frame 355/16394
  ██████░░░░░░░░░░░░░░░░░░░  26%  Streaming frame 356/16394
  ██████░░░░░░░░░░░░░░░░░░░  26%  Streaming frame 357/16394
  ██████░░░░░░░░░░░░░░░░░░░  26%  Streaming frame 358/16394
  ██████░░░░░░░░░░░░░░░░░░░  26%  Streaming frame 359/16394
  ██████░░░░░░░░░░░░░░░░░░░  26%  Streaming frame 360/16394
  ██████░░░░░░░░░░░░░░░░░░░  26%  Streaming frame 361/16394
  ██████░░░░░░░░░░░░░░░░░░░  26%  Streaming frame 362/16394
  ██████░░░░░░░░░░░░░░░░░░░  26%  Streaming frame 363/16394
  ██████░░░░░░░░░░░░░░░░░░░  26%  Streaming frame 364/16394
  ██████░░░░░░░░░░░░░░░░░░░  26%  Streaming frame 365/16394
  ██████░░░░░░░░░░░░░░░░░░░  26%  Streaming frame 366/16394
  ██████░░░░░░░░░░░░░░░░░░░  26%  Streaming frame 367/16394
  ██████░░░░░░░░░░░░░░░░░░░  26%  Streaming frame 368/16394
  ██████░░░░░░░░░░░░░░░░░░░  26%  Streaming frame 369/16394
  ██████░░░░░░░░░░░░░░░░░░░  26%  Streaming frame 370/16394
  ██████░░░░░░░░░░░░░░░░░░░  26%  Streaming frame 371/16394
  ██████░░░░░░░░░░░░░░░░░░░  26%  Streaming frame 372/16394
  ██████░░░░░░░░░░░░░░░░░░░  26%  Streaming frame 373/16394
  ██████░░░░░░░░░░░░░░░░░░░  26%  Streaming frame 374/16394
  ██████░░░░░░░░░░░░░░░░░░░  26%  Streaming frame 375/16394
  ██████░░░░░░░░░░░░░░░░░░░  26%  Streaming frame 376/16394
  ██████░░░░░░░░░░░░░░░░░░░  26%  Streaming frame 377/16394
  ██████░░░░░░░░░░░░░░░░░░░  26%  Streaming frame 378/16394
  ██████░░░░░░░░░░░░░░░░░░░  26%  Streaming frame 379/16394
[INFO] [Render:trace] {"renderJobId":"e8f02bd8-eb11-48f0-81ac-0e0c97138008","phase":"capture_streaming","status":"checkpoint","elapsedMs":75406,"message":"stage still running","stagePhase":"capturing","workerCount":1,"forceScreenshot":true,"totalFrames":16394,"framesCompleted":379,"captureMode":"screenshot","captureOperation":"captureScreenshot","heartbeatIndex":2,"stageElapsedMs":59986}
  ██████░░░░░░░░░░░░░░░░░░░  26%  Streaming frame 380/16394
  ██████░░░░░░░░░░░░░░░░░░░  26%  Streaming frame 381/16394
  ██████░░░░░░░░░░░░░░░░░░░  26%  Streaming frame 382/16394
  ██████░░░░░░░░░░░░░░░░░░░  26%  Streaming frame 383/16394
  ██████░░░░░░░░░░░░░░░░░░░  26%  Streaming frame 384/16394
  ██████░░░░░░░░░░░░░░░░░░░  26%  Streaming frame 385/16394
  ██████░░░░░░░░░░░░░░░░░░░  26%  Streaming frame 386/16394
  ██████░░░░░░░░░░░░░░░░░░░  26%  Streaming frame 387/16394
  ██████░░░░░░░░░░░░░░░░░░░  26%  Streaming frame 388/16394
  ██████░░░░░░░░░░░░░░░░░░░  26%  Streaming frame 389/16394
  ██████░░░░░░░░░░░░░░░░░░░  26%  Streaming frame 390/16394
  ██████░░░░░░░░░░░░░░░░░░░  26%  Streaming frame 391/16394
  ██████░░░░░░░░░░░░░░░░░░░  26%  Streaming frame 392/16394
  ██████░░░░░░░░░░░░░░░░░░░  26%  Streaming frame 393/16394
  ██████░░░░░░░░░░░░░░░░░░░  26%  Streaming frame 394/16394
  ██████░░░░░░░░░░░░░░░░░░░  26%  Streaming frame 395/16394
  ██████░░░░░░░░░░░░░░░░░░░  26%  Streaming frame 396/16394
  ██████░░░░░░░░░░░░░░░░░░░  26%  Streaming frame 397/16394
  ██████░░░░░░░░░░░░░░░░░░░  26%  Streaming frame 398/16394
  ██████░░░░░░░░░░░░░░░░░░░  26%  Streaming frame 399/16394
  ██████░░░░░░░░░░░░░░░░░░░  26%  Streaming frame 400/16394
  ██████░░░░░░░░░░░░░░░░░░░  26%  Streaming frame 401/16394
  ██████░░░░░░░░░░░░░░░░░░░  26%  Streaming frame 402/16394
  ██████░░░░░░░░░░░░░░░░░░░  26%  Streaming frame 403/16394
  ██████░░░░░░░░░░░░░░░░░░░  26%  Streaming frame 404/16394
  ██████░░░░░░░░░░░░░░░░░░░  26%  Streaming frame 405/16394
  ██████░░░░░░░░░░░░░░░░░░░  26%  Streaming frame 406/16394
  ██████░░░░░░░░░░░░░░░░░░░  26%  Streaming frame 407/16394
  ██████░░░░░░░░░░░░░░░░░░░  26%  Streaming frame 408/16394
  ██████░░░░░░░░░░░░░░░░░░░  26%  Streaming frame 409/16394
  ██████░░░░░░░░░░░░░░░░░░░  26%  Streaming frame 410/16394
  ██████░░░░░░░░░░░░░░░░░░░  26%  Streaming frame 411/16394
  ██████░░░░░░░░░░░░░░░░░░░  26%  Streaming frame 412/16394
  ██████░░░░░░░░░░░░░░░░░░░  26%  Streaming frame 413/16394
  ██████░░░░░░░░░░░░░░░░░░░  26%  Streaming frame 414/16394
  ██████░░░░░░░░░░░░░░░░░░░  26%  Streaming frame 415/16394
  ██████░░░░░░░░░░░░░░░░░░░  26%  Streaming frame 416/16394
  ██████░░░░░░░░░░░░░░░░░░░  26%  Streaming frame 417/16394
  ██████░░░░░░░░░░░░░░░░░░░  26%  Streaming frame 418/16394
  ██████░░░░░░░░░░░░░░░░░░░  26%  Streaming frame 419/16394
  ██████░░░░░░░░░░░░░░░░░░░  26%  Streaming frame 420/16394
  ██████░░░░░░░░░░░░░░░░░░░  26%  Streaming frame 421/16394
  ██████░░░░░░░░░░░░░░░░░░░  26%  Streaming frame 422/16394
  ██████░░░░░░░░░░░░░░░░░░░  26%  Streaming frame 423/16394
  ██████░░░░░░░░░░░░░░░░░░░  26%  Streaming frame 424/16394
  ██████░░░░░░░░░░░░░░░░░░░  26%  Streaming frame 425/16394
  ██████░░░░░░░░░░░░░░░░░░░  26%  Streaming frame 426/16394
  ██████░░░░░░░░░░░░░░░░░░░  26%  Streaming frame 427/16394
  ██████░░░░░░░░░░░░░░░░░░░  26%  Streaming frame 428/16394
  ██████░░░░░░░░░░░░░░░░░░░  26%  Streaming frame 429/16394
  ██████░░░░░░░░░░░░░░░░░░░  26%  Streaming frame 430/16394
  ██████░░░░░░░░░░░░░░░░░░░  26%  Streaming frame 431/16394
  ██████░░░░░░░░░░░░░░░░░░░  26%  Streaming frame 432/16394
  ██████░░░░░░░░░░░░░░░░░░░  26%  Streaming frame 433/16394
  ██████░░░░░░░░░░░░░░░░░░░  26%  Streaming frame 434/16394
  ██████░░░░░░░░░░░░░░░░░░░  26%  Streaming frame 435/16394
  ██████░░░░░░░░░░░░░░░░░░░  26%  Streaming frame 436/16394
  ██████░░░░░░░░░░░░░░░░░░░  26%  Streaming frame 437/16394
  ██████░░░░░░░░░░░░░░░░░░░  26%  Streaming frame 438/16394
  ██████░░░░░░░░░░░░░░░░░░░  26%  Streaming frame 439/16394
  ██████░░░░░░░░░░░░░░░░░░░  26%  Streaming frame 440/16394
  ██████░░░░░░░░░░░░░░░░░░░  26%  Streaming frame 441/16394
  ██████░░░░░░░░░░░░░░░░░░░  26%  Streaming frame 442/16394
  ██████░░░░░░░░░░░░░░░░░░░  26%  Streaming frame 443/16394
  ██████░░░░░░░░░░░░░░░░░░░  26%  Streaming frame 444/16394
  ██████░░░░░░░░░░░░░░░░░░░  26%  Streaming frame 445/16394
  ██████░░░░░░░░░░░░░░░░░░░  26%  Streaming frame 446/16394
  ██████░░░░░░░░░░░░░░░░░░░  26%  Streaming frame 447/16394
  ██████░░░░░░░░░░░░░░░░░░░  27%  Streaming frame 448/16394
  ██████░░░░░░░░░░░░░░░░░░░  27%  Streaming frame 449/16394
  ██████░░░░░░░░░░░░░░░░░░░  27%  Streaming frame 450/16394
  ██████░░░░░░░░░░░░░░░░░░░  27%  Streaming frame 451/16394
  ██████░░░░░░░░░░░░░░░░░░░  27%  Streaming frame 452/16394
  ██████░░░░░░░░░░░░░░░░░░░  27%  Streaming frame 453/16394
  ██████░░░░░░░░░░░░░░░░░░░  27%  Streaming frame 454/16394
  ██████░░░░░░░░░░░░░░░░░░░  27%  Streaming frame 455/16394
  ██████░░░░░░░░░░░░░░░░░░░  27%  Streaming frame 456/16394
  ██████░░░░░░░░░░░░░░░░░░░  27%  Streaming frame 457/16394
  ██████░░░░░░░░░░░░░░░░░░░  27%  Streaming frame 458/16394
  ██████░░░░░░░░░░░░░░░░░░░  27%  Streaming frame 459/16394
  ██████░░░░░░░░░░░░░░░░░░░  27%  Streaming frame 460/16394
  ██████░░░░░░░░░░░░░░░░░░░  27%  Streaming frame 461/16394
  ██████░░░░░░░░░░░░░░░░░░░  27%  Streaming frame 462/16394
  ██████░░░░░░░░░░░░░░░░░░░  27%  Streaming frame 463/16394
  ██████░░░░░░░░░░░░░░░░░░░  27%  Streaming frame 464/16394
  ██████░░░░░░░░░░░░░░░░░░░  27%  Streaming frame 465/16394
  ██████░░░░░░░░░░░░░░░░░░░  27%  Streaming frame 466/16394
  ██████░░░░░░░░░░░░░░░░░░░  27%  Streaming frame 467/16394
  ██████░░░░░░░░░░░░░░░░░░░  27%  Streaming frame 468/16394
  ██████░░░░░░░░░░░░░░░░░░░  27%  Streaming frame 469/16394
  ██████░░░░░░░░░░░░░░░░░░░  27%  Streaming frame 470/16394
  ██████░░░░░░░░░░░░░░░░░░░  27%  Streaming frame 471/16394
  ██████░░░░░░░░░░░░░░░░░░░  27%  Streaming frame 472/16394
  ██████░░░░░░░░░░░░░░░░░░░  27%  Streaming frame 473/16394
  ██████░░░░░░░░░░░░░░░░░░░  27%  Streaming frame 474/16394
  ██████░░░░░░░░░░░░░░░░░░░  27%  Streaming frame 475/16394
  ██████░░░░░░░░░░░░░░░░░░░  27%  Streaming frame 476/16394
  ██████░░░░░░░░░░░░░░░░░░░  27%  Streaming frame 477/16394
  ██████░░░░░░░░░░░░░░░░░░░  27%  Streaming frame 478/16394
  ██████░░░░░░░░░░░░░░░░░░░  27%  Streaming frame 479/16394
  ██████░░░░░░░░░░░░░░░░░░░  27%  Streaming frame 480/16394
  ██████░░░░░░░░░░░░░░░░░░░  27%  Streaming frame 481/16394
  ██████░░░░░░░░░░░░░░░░░░░  27%  Streaming frame 482/16394
  ██████░░░░░░░░░░░░░░░░░░░  27%  Streaming frame 483/16394
  ██████░░░░░░░░░░░░░░░░░░░  27%  Streaming frame 484/16394
  ██████░░░░░░░░░░░░░░░░░░░  27%  Streaming frame 485/16394
  ██████░░░░░░░░░░░░░░░░░░░  27%  Streaming frame 486/16394
  ██████░░░░░░░░░░░░░░░░░░░  27%  Streaming frame 487/16394
  ██████░░░░░░░░░░░░░░░░░░░  27%  Streaming frame 488/16394
  ██████░░░░░░░░░░░░░░░░░░░  27%  Streaming frame 489/16394
  ██████░░░░░░░░░░░░░░░░░░░  27%  Streaming frame 490/16394
  ██████░░░░░░░░░░░░░░░░░░░  27%  Streaming frame 491/16394
  ██████░░░░░░░░░░░░░░░░░░░  27%  Streaming frame 492/16394
  ██████░░░░░░░░░░░░░░░░░░░  27%  Streaming frame 493/16394
  ██████░░░░░░░░░░░░░░░░░░░  27%  Streaming frame 494/16394
  ██████░░░░░░░░░░░░░░░░░░░  27%  Streaming frame 495/16394
  ██████░░░░░░░░░░░░░░░░░░░  27%  Streaming frame 496/16394
  ██████░░░░░░░░░░░░░░░░░░░  27%  Streaming frame 497/16394
  ██████░░░░░░░░░░░░░░░░░░░  27%  Streaming frame 498/16394
  ██████░░░░░░░░░░░░░░░░░░░  27%  Streaming frame 499/16394
  ██████░░░░░░░░░░░░░░░░░░░  27%  Streaming frame 500/16394
  ██████░░░░░░░░░░░░░░░░░░░  27%  Streaming frame 501/16394
  ██████░░░░░░░░░░░░░░░░░░░  27%  Streaming frame 502/16394
  ██████░░░░░░░░░░░░░░░░░░░  27%  Streaming frame 503/16394
  ██████░░░░░░░░░░░░░░░░░░░  27%  Streaming frame 504/16394
  ██████░░░░░░░░░░░░░░░░░░░  27%  Streaming frame 505/16394
  ██████░░░░░░░░░░░░░░░░░░░  27%  Streaming frame 506/16394
  ██████░░░░░░░░░░░░░░░░░░░  27%  Streaming frame 507/16394
  ██████░░░░░░░░░░░░░░░░░░░  27%  Streaming frame 508/16394
  ██████░░░░░░░░░░░░░░░░░░░  27%  Streaming frame 509/16394
  ██████░░░░░░░░░░░░░░░░░░░  27%  Streaming frame 510/16394
  ██████░░░░░░░░░░░░░░░░░░░  27%  Streaming frame 511/16394
  ██████░░░░░░░░░░░░░░░░░░░  27%  Streaming frame 512/16394
  ██████░░░░░░░░░░░░░░░░░░░  27%  Streaming frame 513/16394
  ██████░░░░░░░░░░░░░░░░░░░  27%  Streaming frame 514/16394
  ██████░░░░░░░░░░░░░░░░░░░  27%  Streaming frame 515/16394
  ██████░░░░░░░░░░░░░░░░░░░  27%  Streaming frame 516/16394
  ██████░░░░░░░░░░░░░░░░░░░  27%  Streaming frame 517/16394
  ██████░░░░░░░░░░░░░░░░░░░  27%  Streaming frame 518/16394
  ██████░░░░░░░░░░░░░░░░░░░  27%  Streaming frame 519/16394
  ██████░░░░░░░░░░░░░░░░░░░  27%  Streaming frame 520/16394
  ██████░░░░░░░░░░░░░░░░░░░  27%  Streaming frame 521/16394
  ██████░░░░░░░░░░░░░░░░░░░  27%  Streaming frame 522/16394
  ██████░░░░░░░░░░░░░░░░░░░  27%  Streaming frame 523/16394
  ██████░░░░░░░░░░░░░░░░░░░  27%  Streaming frame 524/16394
  ██████░░░░░░░░░░░░░░░░░░░  27%  Streaming frame 525/16394
  ██████░░░░░░░░░░░░░░░░░░░  27%  Streaming frame 526/16394
  ██████░░░░░░░░░░░░░░░░░░░  27%  Streaming frame 527/16394
  ██████░░░░░░░░░░░░░░░░░░░  27%  Streaming frame 528/16394
  ██████░░░░░░░░░░░░░░░░░░░  27%  Streaming frame 529/16394
  ██████░░░░░░░░░░░░░░░░░░░  27%  Streaming frame 530/16394
  ██████░░░░░░░░░░░░░░░░░░░  27%  Streaming frame 531/16394
  ██████░░░░░░░░░░░░░░░░░░░  27%  Streaming frame 532/16394
  ██████░░░░░░░░░░░░░░░░░░░  27%  Streaming frame 533/16394
  ██████░░░░░░░░░░░░░░░░░░░  27%  Streaming frame 534/16394
  ██████░░░░░░░░░░░░░░░░░░░  27%  Streaming frame 535/16394
  ██████░░░░░░░░░░░░░░░░░░░  27%  Streaming frame 536/16394
  ██████░░░░░░░░░░░░░░░░░░░  27%  Streaming frame 537/16394
  ██████░░░░░░░░░░░░░░░░░░░  27%  Streaming frame 538/16394
  ██████░░░░░░░░░░░░░░░░░░░  27%  Streaming frame 539/16394
  ██████░░░░░░░░░░░░░░░░░░░  27%  Streaming frame 540/16394
  ██████░░░░░░░░░░░░░░░░░░░  27%  Streaming frame 541/16394
  ██████░░░░░░░░░░░░░░░░░░░  27%  Streaming frame 542/16394
  ██████░░░░░░░░░░░░░░░░░░░  27%  Streaming frame 543/16394
  ██████░░░░░░░░░░░░░░░░░░░  27%  Streaming frame 544/16394
  ██████░░░░░░░░░░░░░░░░░░░  27%  Streaming frame 545/16394
  ██████░░░░░░░░░░░░░░░░░░░  27%  Streaming frame 546/16394
  ██████░░░░░░░░░░░░░░░░░░░  27%  Streaming frame 547/16394
  ██████░░░░░░░░░░░░░░░░░░░  27%  Streaming frame 548/16394
  ██████░░░░░░░░░░░░░░░░░░░  27%  Streaming frame 549/16394
  ██████░░░░░░░░░░░░░░░░░░░  27%  Streaming frame 550/16394
  ██████░░░░░░░░░░░░░░░░░░░  27%  Streaming frame 551/16394
  ██████░░░░░░░░░░░░░░░░░░░  27%  Streaming frame 552/16394
  ██████░░░░░░░░░░░░░░░░░░░  27%  Streaming frame 553/16394
  ██████░░░░░░░░░░░░░░░░░░░  27%  Streaming frame 554/16394
  ██████░░░░░░░░░░░░░░░░░░░  27%  Streaming frame 555/16394
  ██████░░░░░░░░░░░░░░░░░░░  27%  Streaming frame 556/16394
  ██████░░░░░░░░░░░░░░░░░░░  27%  Streaming frame 557/16394
  ██████░░░░░░░░░░░░░░░░░░░  27%  Streaming frame 558/16394
  ██████░░░░░░░░░░░░░░░░░░░  27%  Streaming frame 559/16394
  ██████░░░░░░░░░░░░░░░░░░░  27%  Streaming frame 560/16394
  ██████░░░░░░░░░░░░░░░░░░░  27%  Streaming frame 561/16394
  ██████░░░░░░░░░░░░░░░░░░░  27%  Streaming frame 562/16394
  ██████░░░░░░░░░░░░░░░░░░░  27%  Streaming frame 563/16394
  ██████░░░░░░░░░░░░░░░░░░░  27%  Streaming frame 564/16394
  ██████░░░░░░░░░░░░░░░░░░░  27%  Streaming frame 565/16394
  ██████░░░░░░░░░░░░░░░░░░░  27%  Streaming frame 566/16394
  ██████░░░░░░░░░░░░░░░░░░░  27%  Streaming frame 567/16394
  ██████░░░░░░░░░░░░░░░░░░░  27%  Streaming frame 568/16394
  ██████░░░░░░░░░░░░░░░░░░░  27%  Streaming frame 569/16394
  ██████░░░░░░░░░░░░░░░░░░░  27%  Streaming frame 570/16394
  ██████░░░░░░░░░░░░░░░░░░░  27%  Streaming frame 571/16394
  ██████░░░░░░░░░░░░░░░░░░░  27%  Streaming frame 572/16394
  ██████░░░░░░░░░░░░░░░░░░░  27%  Streaming frame 573/16394
  ██████░░░░░░░░░░░░░░░░░░░  27%  Streaming frame 574/16394
  ██████░░░░░░░░░░░░░░░░░░░  27%  Streaming frame 575/16394
  ██████░░░░░░░░░░░░░░░░░░░  27%  Streaming frame 576/16394
  ██████░░░░░░░░░░░░░░░░░░░  27%  Streaming frame 577/16394
  ██████░░░░░░░░░░░░░░░░░░░  27%  Streaming frame 578/16394
  ██████░░░░░░░░░░░░░░░░░░░  27%  Streaming frame 579/16394
  ██████░░░░░░░░░░░░░░░░░░░  27%  Streaming frame 580/16394
  ██████░░░░░░░░░░░░░░░░░░░  27%  Streaming frame 581/16394
  ██████░░░░░░░░░░░░░░░░░░░  27%  Streaming frame 582/16394
  ██████░░░░░░░░░░░░░░░░░░░  27%  Streaming frame 583/16394
  ██████░░░░░░░░░░░░░░░░░░░  27%  Streaming frame 584/16394
  ██████░░░░░░░░░░░░░░░░░░░  27%  Streaming frame 585/16394
  ██████░░░░░░░░░░░░░░░░░░░  27%  Streaming frame 586/16394
  ██████░░░░░░░░░░░░░░░░░░░  27%  Streaming frame 587/16394
  ██████░░░░░░░░░░░░░░░░░░░  27%  Streaming frame 588/16394
  ██████░░░░░░░░░░░░░░░░░░░  27%  Streaming frame 589/16394
  ██████░░░░░░░░░░░░░░░░░░░  27%  Streaming frame 590/16394
  ██████░░░░░░░░░░░░░░░░░░░  27%  Streaming frame 591/16394
  ██████░░░░░░░░░░░░░░░░░░░  27%  Streaming frame 592/16394
  ██████░░░░░░░░░░░░░░░░░░░  27%  Streaming frame 593/16394
  ██████░░░░░░░░░░░░░░░░░░░  27%  Streaming frame 594/16394
  ██████░░░░░░░░░░░░░░░░░░░  27%  Streaming frame 595/16394
  ██████░░░░░░░░░░░░░░░░░░░  27%  Streaming frame 596/16394
  ██████░░░░░░░░░░░░░░░░░░░  27%  Streaming frame 597/16394
  ██████░░░░░░░░░░░░░░░░░░░  27%  Streaming frame 598/16394
  ██████░░░░░░░░░░░░░░░░░░░  27%  Streaming frame 599/16394
  ██████░░░░░░░░░░░░░░░░░░░  27%  Streaming frame 600/16394
  ██████░░░░░░░░░░░░░░░░░░░  27%  Streaming frame 601/16394
  ██████░░░░░░░░░░░░░░░░░░░  27%  Streaming frame 602/16394
  ██████░░░░░░░░░░░░░░░░░░░  27%  Streaming frame 603/16394
  ██████░░░░░░░░░░░░░░░░░░░  27%  Streaming frame 604/16394
  ██████░░░░░░░░░░░░░░░░░░░  27%  Streaming frame 605/16394
  ██████░░░░░░░░░░░░░░░░░░░  27%  Streaming frame 606/16394
  ██████░░░░░░░░░░░░░░░░░░░  27%  Streaming frame 607/16394
  ██████░░░░░░░░░░░░░░░░░░░  27%  Streaming frame 608/16394
  ██████░░░░░░░░░░░░░░░░░░░  27%  Streaming frame 609/16394
  ██████░░░░░░░░░░░░░░░░░░░  27%  Streaming frame 610/16394
  ██████░░░░░░░░░░░░░░░░░░░  27%  Streaming frame 611/16394
  ██████░░░░░░░░░░░░░░░░░░░  27%  Streaming frame 612/16394
  ██████░░░░░░░░░░░░░░░░░░░  27%  Streaming frame 613/16394
  ██████░░░░░░░░░░░░░░░░░░░  27%  Streaming frame 614/16394
  ██████░░░░░░░░░░░░░░░░░░░  27%  Streaming frame 615/16394
  ██████░░░░░░░░░░░░░░░░░░░  27%  Streaming frame 616/16394
  ██████░░░░░░░░░░░░░░░░░░░  27%  Streaming frame 617/16394
  ██████░░░░░░░░░░░░░░░░░░░  27%  Streaming frame 618/16394
  ██████░░░░░░░░░░░░░░░░░░░  27%  Streaming frame 619/16394
  ██████░░░░░░░░░░░░░░░░░░░  27%  Streaming frame 620/16394
  ██████░░░░░░░░░░░░░░░░░░░  27%  Streaming frame 621/16394
  ██████░░░░░░░░░░░░░░░░░░░  27%  Streaming frame 622/16394
  ██████░░░░░░░░░░░░░░░░░░░  27%  Streaming frame 623/16394
  ██████░░░░░░░░░░░░░░░░░░░  27%  Streaming frame 624/16394
  ██████░░░░░░░░░░░░░░░░░░░  27%  Streaming frame 625/16394
  ██████░░░░░░░░░░░░░░░░░░░  27%  Streaming frame 626/16394
  ██████░░░░░░░░░░░░░░░░░░░  27%  Streaming frame 627/16394
  ██████░░░░░░░░░░░░░░░░░░░  27%  Streaming frame 628/16394
  ██████░░░░░░░░░░░░░░░░░░░  27%  Streaming frame 629/16394
  ██████░░░░░░░░░░░░░░░░░░░  27%  Streaming frame 630/16394
  ██████░░░░░░░░░░░░░░░░░░░  27%  Streaming frame 631/16394
  ██████░░░░░░░░░░░░░░░░░░░  27%  Streaming frame 632/16394
  ██████░░░░░░░░░░░░░░░░░░░  27%  Streaming frame 633/16394
  ██████░░░░░░░░░░░░░░░░░░░  27%  Streaming frame 634/16394
  ██████░░░░░░░░░░░░░░░░░░░  27%  Streaming frame 635/16394
  ██████░░░░░░░░░░░░░░░░░░░  27%  Streaming frame 636/16394
  ██████░░░░░░░░░░░░░░░░░░░  27%  Streaming frame 637/16394
  ██████░░░░░░░░░░░░░░░░░░░  27%  Streaming frame 638/16394
  ██████░░░░░░░░░░░░░░░░░░░  27%  Streaming frame 639/16394
  ██████░░░░░░░░░░░░░░░░░░░  27%  Streaming frame 640/16394
  ██████░░░░░░░░░░░░░░░░░░░  27%  Streaming frame 641/16394
  ██████░░░░░░░░░░░░░░░░░░░  27%  Streaming frame 642/16394
  ██████░░░░░░░░░░░░░░░░░░░  27%  Streaming frame 643/16394
  ██████░░░░░░░░░░░░░░░░░░░  27%  Streaming frame 644/16394
  ██████░░░░░░░░░░░░░░░░░░░  27%  Streaming frame 645/16394
  ██████░░░░░░░░░░░░░░░░░░░  27%  Streaming frame 646/16394
  ██████░░░░░░░░░░░░░░░░░░░  27%  Streaming frame 647/16394
  ██████░░░░░░░░░░░░░░░░░░░  27%  Streaming frame 648/16394
  ██████░░░░░░░░░░░░░░░░░░░  27%  Streaming frame 649/16394
  ██████░░░░░░░░░░░░░░░░░░░  27%  Streaming frame 650/16394
  ██████░░░░░░░░░░░░░░░░░░░  27%  Streaming frame 651/16394
  ██████░░░░░░░░░░░░░░░░░░░  27%  Streaming frame 652/16394
  ██████░░░░░░░░░░░░░░░░░░░  27%  Streaming frame 653/16394
  ██████░░░░░░░░░░░░░░░░░░░  27%  Streaming frame 654/16394
  ██████░░░░░░░░░░░░░░░░░░░  27%  Streaming frame 655/16394
  ██████░░░░░░░░░░░░░░░░░░░  27%  Streaming frame 656/16394
  ██████░░░░░░░░░░░░░░░░░░░  27%  Streaming frame 657/16394
  ██████░░░░░░░░░░░░░░░░░░░  27%  Streaming frame 658/16394
  ██████░░░░░░░░░░░░░░░░░░░  27%  Streaming frame 659/16394
  ██████░░░░░░░░░░░░░░░░░░░  27%  Streaming frame 660/16394
  ██████░░░░░░░░░░░░░░░░░░░  27%  Streaming frame 661/16394
  ██████░░░░░░░░░░░░░░░░░░░  27%  Streaming frame 662/16394
  ██████░░░░░░░░░░░░░░░░░░░  27%  Streaming frame 663/16394
  ██████░░░░░░░░░░░░░░░░░░░  27%  Streaming frame 664/16394
  ██████░░░░░░░░░░░░░░░░░░░  27%  Streaming frame 665/16394
  ██████░░░░░░░░░░░░░░░░░░░  27%  Streaming frame 666/16394
  ██████░░░░░░░░░░░░░░░░░░░  27%  Streaming frame 667/16394
  ██████░░░░░░░░░░░░░░░░░░░  27%  Streaming frame 668/16394
  ██████░░░░░░░░░░░░░░░░░░░  27%  Streaming frame 669/16394
  ██████░░░░░░░░░░░░░░░░░░░  27%  Streaming frame 670/16394
  ██████░░░░░░░░░░░░░░░░░░░  27%  Streaming frame 671/16394
  ██████░░░░░░░░░░░░░░░░░░░  27%  Streaming frame 672/16394
  ██████░░░░░░░░░░░░░░░░░░░  27%  Streaming frame 673/16394
  ██████░░░░░░░░░░░░░░░░░░░  27%  Streaming frame 674/16394
  ██████░░░░░░░░░░░░░░░░░░░  27%  Streaming frame 675/16394
  ██████░░░░░░░░░░░░░░░░░░░  27%  Streaming frame 676/16394
  ██████░░░░░░░░░░░░░░░░░░░  27%  Streaming frame 677/16394
  ██████░░░░░░░░░░░░░░░░░░░  27%  Streaming frame 678/16394
  ██████░░░░░░░░░░░░░░░░░░░  27%  Streaming frame 679/16394
  ██████░░░░░░░░░░░░░░░░░░░  27%  Streaming frame 680/16394
  ██████░░░░░░░░░░░░░░░░░░░  27%  Streaming frame 681/16394
  ██████░░░░░░░░░░░░░░░░░░░  27%  Streaming frame 682/16394
  ██████░░░░░░░░░░░░░░░░░░░  27%  Streaming frame 683/16394
  ██████░░░░░░░░░░░░░░░░░░░  27%  Streaming frame 684/16394
  ██████░░░░░░░░░░░░░░░░░░░  27%  Streaming frame 685/16394
  ██████░░░░░░░░░░░░░░░░░░░  27%  Streaming frame 686/16394
  ██████░░░░░░░░░░░░░░░░░░░  27%  Streaming frame 687/16394
  ██████░░░░░░░░░░░░░░░░░░░  27%  Streaming frame 688/16394
  ██████░░░░░░░░░░░░░░░░░░░  27%  Streaming frame 689/16394
  ██████░░░░░░░░░░░░░░░░░░░  27%  Streaming frame 690/16394
  ██████░░░░░░░░░░░░░░░░░░░  27%  Streaming frame 691/16394
  ██████░░░░░░░░░░░░░░░░░░░  27%  Streaming frame 692/16394
  ██████░░░░░░░░░░░░░░░░░░░  27%  Streaming frame 693/16394
  ██████░░░░░░░░░░░░░░░░░░░  27%  Streaming frame 694/16394
  ██████░░░░░░░░░░░░░░░░░░░  27%  Streaming frame 695/16394
  ██████░░░░░░░░░░░░░░░░░░░  27%  Streaming frame 696/16394
  ██████░░░░░░░░░░░░░░░░░░░  27%  Streaming frame 697/16394
  ██████░░░░░░░░░░░░░░░░░░░  27%  Streaming frame 698/16394
  ██████░░░░░░░░░░░░░░░░░░░  27%  Streaming frame 699/16394
  ██████░░░░░░░░░░░░░░░░░░░  27%  Streaming frame 700/16394
  ██████░░░░░░░░░░░░░░░░░░░  27%  Streaming frame 701/16394
  ██████░░░░░░░░░░░░░░░░░░░  27%  Streaming frame 702/16394
  ██████░░░░░░░░░░░░░░░░░░░  27%  Streaming frame 703/16394
  ██████░░░░░░░░░░░░░░░░░░░  27%  Streaming frame 704/16394
  ██████░░░░░░░░░░░░░░░░░░░  27%  Streaming frame 705/16394
  ██████░░░░░░░░░░░░░░░░░░░  27%  Streaming frame 706/16394
  ██████░░░░░░░░░░░░░░░░░░░  27%  Streaming frame 707/16394
  ██████░░░░░░░░░░░░░░░░░░░  27%  Streaming frame 708/16394
  ██████░░░░░░░░░░░░░░░░░░░  27%  Streaming frame 709/16394
  ██████░░░░░░░░░░░░░░░░░░░  27%  Streaming frame 710/16394
  ██████░░░░░░░░░░░░░░░░░░░  27%  Streaming frame 711/16394
  ██████░░░░░░░░░░░░░░░░░░░  27%  Streaming frame 712/16394
  ██████░░░░░░░░░░░░░░░░░░░  27%  Streaming frame 713/16394
  ██████░░░░░░░░░░░░░░░░░░░  27%  Streaming frame 714/16394
  ██████░░░░░░░░░░░░░░░░░░░  27%  Streaming frame 715/16394
  ██████░░░░░░░░░░░░░░░░░░░  27%  Streaming frame 716/16394
  ██████░░░░░░░░░░░░░░░░░░░  27%  Streaming frame 717/16394
  ██████░░░░░░░░░░░░░░░░░░░  27%  Streaming frame 718/16394
  ██████░░░░░░░░░░░░░░░░░░░  27%  Streaming frame 719/16394
  ██████░░░░░░░░░░░░░░░░░░░  27%  Streaming frame 720/16394
  ██████░░░░░░░░░░░░░░░░░░░  27%  Streaming frame 721/16394
  ██████░░░░░░░░░░░░░░░░░░░  27%  Streaming frame 722/16394
  ██████░░░░░░░░░░░░░░░░░░░  27%  Streaming frame 723/16394
  ██████░░░░░░░░░░░░░░░░░░░  27%  Streaming frame 724/16394
  ██████░░░░░░░░░░░░░░░░░░░  27%  Streaming frame 725/16394
  ██████░░░░░░░░░░░░░░░░░░░  27%  Streaming frame 726/16394
  ██████░░░░░░░░░░░░░░░░░░░  27%  Streaming frame 727/16394
  ██████░░░░░░░░░░░░░░░░░░░  27%  Streaming frame 728/16394
  ██████░░░░░░░░░░░░░░░░░░░  27%  Streaming frame 729/16394
  ██████░░░░░░░░░░░░░░░░░░░  27%  Streaming frame 730/16394
  ██████░░░░░░░░░░░░░░░░░░░  27%  Streaming frame 731/16394
  ██████░░░░░░░░░░░░░░░░░░░  27%  Streaming frame 732/16394
  ██████░░░░░░░░░░░░░░░░░░░  27%  Streaming frame 733/16394
  ██████░░░░░░░░░░░░░░░░░░░  27%  Streaming frame 734/16394
  ██████░░░░░░░░░░░░░░░░░░░  27%  Streaming frame 735/16394
  ██████░░░░░░░░░░░░░░░░░░░  27%  Streaming frame 736/16394
  ██████░░░░░░░░░░░░░░░░░░░  27%  Streaming frame 737/16394
  ██████░░░░░░░░░░░░░░░░░░░  27%  Streaming frame 738/16394
  ██████░░░░░░░░░░░░░░░░░░░  27%  Streaming frame 739/16394
  ██████░░░░░░░░░░░░░░░░░░░  27%  Streaming frame 740/16394
  ██████░░░░░░░░░░░░░░░░░░░  27%  Streaming frame 741/16394
  ██████░░░░░░░░░░░░░░░░░░░  27%  Streaming frame 742/16394
  ██████░░░░░░░░░░░░░░░░░░░  27%  Streaming frame 743/16394
  ██████░░░░░░░░░░░░░░░░░░░  27%  Streaming frame 744/16394
  ██████░░░░░░░░░░░░░░░░░░░  27%  Streaming frame 745/16394
  ███████░░░░░░░░░░░░░░░░░░  28%  Streaming frame 746/16394
  ███████░░░░░░░░░░░░░░░░░░  28%  Streaming frame 747/16394
[INFO] [Render:trace] {"renderJobId":"e8f02bd8-eb11-48f0-81ac-0e0c97138008","phase":"capture_streaming","status":"checkpoint","elapsedMs":135402,"message":"stage still running","stagePhase":"capturing","workerCount":1,"forceScreenshot":true,"totalFrames":16394,"framesCompleted":747,"captureMode":"screenshot","captureOperation":"captureScreenshot","heartbeatIndex":3,"stageElapsedMs":119982}
  ███████░░░░░░░░░░░░░░░░░░  28%  Streaming frame 748/16394
  ███████░░░░░░░░░░░░░░░░░░  28%  Streaming frame 749/16394
  ███████░░░░░░░░░░░░░░░░░░  28%  Streaming frame 750/16394
  ███████░░░░░░░░░░░░░░░░░░  28%  Streaming frame 751/16394
  ███████░░░░░░░░░░░░░░░░░░  28%  Streaming frame 752/16394
  ███████░░░░░░░░░░░░░░░░░░  28%  Streaming frame 753/16394
  ███████░░░░░░░░░░░░░░░░░░  28%  Streaming frame 754/16394
  ███████░░░░░░░░░░░░░░░░░░  28%  Streaming frame 755/16394
  ███████░░░░░░░░░░░░░░░░░░  28%  Streaming frame 756/16394
  ███████░░░░░░░░░░░░░░░░░░  28%  Streaming frame 757/16394
  ███████░░░░░░░░░░░░░░░░░░  28%  Streaming frame 758/16394
  ███████░░░░░░░░░░░░░░░░░░  28%  Streaming frame 759/16394
  ███████░░░░░░░░░░░░░░░░░░  28%  Streaming frame 760/16394
  ███████░░░░░░░░░░░░░░░░░░  28%  Streaming frame 761/16394
  ███████░░░░░░░░░░░░░░░░░░  28%  Streaming frame 762/16394
  ███████░░░░░░░░░░░░░░░░░░  28%  Streaming frame 763/16394
  ███████░░░░░░░░░░░░░░░░░░  28%  Streaming frame 764/16394
  ███████░░░░░░░░░░░░░░░░░░  28%  Streaming frame 765/16394
  ███████░░░░░░░░░░░░░░░░░░  28%  Streaming frame 766/16394
  ███████░░░░░░░░░░░░░░░░░░  28%  Streaming frame 767/16394
  ███████░░░░░░░░░░░░░░░░░░  28%  Streaming frame 768/16394
  ███████░░░░░░░░░░░░░░░░░░  28%  Streaming frame 769/16394
  ███████░░░░░░░░░░░░░░░░░░  28%  Streaming frame 770/16394
  ███████░░░░░░░░░░░░░░░░░░  28%  Streaming frame 771/16394
  ███████░░░░░░░░░░░░░░░░░░  28%  Streaming frame 772/16394
  ███████░░░░░░░░░░░░░░░░░░  28%  Streaming frame 773/16394
  ███████░░░░░░░░░░░░░░░░░░  28%  Streaming frame 774/16394
  ███████░░░░░░░░░░░░░░░░░░  28%  Streaming frame 775/16394
  ███████░░░░░░░░░░░░░░░░░░  28%  Streaming frame 776/16394
  ███████░░░░░░░░░░░░░░░░░░  28%  Streaming frame 777/16394
  ███████░░░░░░░░░░░░░░░░░░  28%  Streaming frame 778/16394
  ███████░░░░░░░░░░░░░░░░░░  28%  Streaming frame 779/16394
  ███████░░░░░░░░░░░░░░░░░░  28%  Streaming frame 780/16394
  ███████░░░░░░░░░░░░░░░░░░  28%  Streaming frame 781/16394
  ███████░░░░░░░░░░░░░░░░░░  28%  Streaming frame 782/16394
  ███████░░░░░░░░░░░░░░░░░░  28%  Streaming frame 783/16394
  ███████░░░░░░░░░░░░░░░░░░  28%  Streaming frame 784/16394
  ███████░░░░░░░░░░░░░░░░░░  28%  Streaming frame 785/16394
  ███████░░░░░░░░░░░░░░░░░░  28%  Streaming frame 786/16394
  ███████░░░░░░░░░░░░░░░░░░  28%  Streaming frame 787/16394
  ███████░░░░░░░░░░░░░░░░░░  28%  Streaming frame 788/16394
  ███████░░░░░░░░░░░░░░░░░░  28%  Streaming frame 789/16394
  ███████░░░░░░░░░░░░░░░░░░  28%  Streaming frame 790/16394
  ███████░░░░░░░░░░░░░░░░░░  28%  Streaming frame 791/16394
  ███████░░░░░░░░░░░░░░░░░░  28%  Streaming frame 792/16394
  ███████░░░░░░░░░░░░░░░░░░  28%  Streaming frame 793/16394
  ███████░░░░░░░░░░░░░░░░░░  28%  Streaming frame 794/16394
  ███████░░░░░░░░░░░░░░░░░░  28%  Streaming frame 795/16394
  ███████░░░░░░░░░░░░░░░░░░  28%  Streaming frame 796/16394
  ███████░░░░░░░░░░░░░░░░░░  28%  Streaming frame 797/16394
  ███████░░░░░░░░░░░░░░░░░░  28%  Streaming frame 798/16394
  ███████░░░░░░░░░░░░░░░░░░  28%  Streaming frame 799/16394
  ███████░░░░░░░░░░░░░░░░░░  28%  Streaming frame 800/16394
  ███████░░░░░░░░░░░░░░░░░░  28%  Streaming frame 801/16394
  ███████░░░░░░░░░░░░░░░░░░  28%  Streaming frame 802/16394
  ███████░░░░░░░░░░░░░░░░░░  28%  Streaming frame 803/16394
  ███████░░░░░░░░░░░░░░░░░░  28%  Streaming frame 804/16394
  ███████░░░░░░░░░░░░░░░░░░  28%  Streaming frame 805/16394
  ███████░░░░░░░░░░░░░░░░░░  28%  Streaming frame 806/16394
  ███████░░░░░░░░░░░░░░░░░░  28%  Streaming frame 807/16394
  ███████░░░░░░░░░░░░░░░░░░  28%  Streaming frame 808/16394
  ███████░░░░░░░░░░░░░░░░░░  28%  Streaming frame 809/16394
  ███████░░░░░░░░░░░░░░░░░░  28%  Streaming frame 810/16394
  ███████░░░░░░░░░░░░░░░░░░  28%  Streaming frame 811/16394
  ███████░░░░░░░░░░░░░░░░░░  28%  Streaming frame 812/16394
  ███████░░░░░░░░░░░░░░░░░░  28%  Streaming frame 813/16394
  ███████░░░░░░░░░░░░░░░░░░  28%  Streaming frame 814/16394
  ███████░░░░░░░░░░░░░░░░░░  28%  Streaming frame 815/16394
  ███████░░░░░░░░░░░░░░░░░░  28%  Streaming frame 816/16394
  ███████░░░░░░░░░░░░░░░░░░  28%  Streaming frame 817/16394
  ███████░░░░░░░░░░░░░░░░░░  28%  Streaming frame 818/16394
  ███████░░░░░░░░░░░░░░░░░░  28%  Streaming frame 819/16394
  ███████░░░░░░░░░░░░░░░░░░  28%  Streaming frame 820/16394
  ███████░░░░░░░░░░░░░░░░░░  28%  Streaming frame 821/16394
  ███████░░░░░░░░░░░░░░░░░░  28%  Streaming frame 822/16394
  ███████░░░░░░░░░░░░░░░░░░  28%  Streaming frame 823/16394
  ███████░░░░░░░░░░░░░░░░░░  28%  Streaming frame 824/16394
  ███████░░░░░░░░░░░░░░░░░░  28%  Streaming frame 825/16394
  ███████░░░░░░░░░░░░░░░░░░  28%  Streaming frame 826/16394
  ███████░░░░░░░░░░░░░░░░░░  28%  Streaming frame 827/16394
  ███████░░░░░░░░░░░░░░░░░░  28%  Streaming frame 828/16394
  ███████░░░░░░░░░░░░░░░░░░  28%  Streaming frame 829/16394
  ███████░░░░░░░░░░░░░░░░░░  28%  Streaming frame 830/16394
  ███████░░░░░░░░░░░░░░░░░░  28%  Streaming frame 831/16394
  ███████░░░░░░░░░░░░░░░░░░  28%  Streaming frame 832/16394
  ███████░░░░░░░░░░░░░░░░░░  28%  Streaming frame 833/16394
  ███████░░░░░░░░░░░░░░░░░░  28%  Streaming frame 834/16394
  ███████░░░░░░░░░░░░░░░░░░  28%  Streaming frame 835/16394
  ███████░░░░░░░░░░░░░░░░░░  28%  Streaming frame 836/16394
  ███████░░░░░░░░░░░░░░░░░░  28%  Streaming frame 837/16394
  ███████░░░░░░░░░░░░░░░░░░  28%  Streaming frame 838/16394
  ███████░░░░░░░░░░░░░░░░░░  28%  Streaming frame 839/16394
  ███████░░░░░░░░░░░░░░░░░░  28%  Streaming frame 840/16394
  ███████░░░░░░░░░░░░░░░░░░  28%  Streaming frame 841/16394
  ███████░░░░░░░░░░░░░░░░░░  28%  Streaming frame 842/16394
  ███████░░░░░░░░░░░░░░░░░░  28%  Streaming frame 843/16394
  ███████░░░░░░░░░░░░░░░░░░  28%  Streaming frame 844/16394
  ███████░░░░░░░░░░░░░░░░░░  28%  Streaming frame 845/16394
  ███████░░░░░░░░░░░░░░░░░░  28%  Streaming frame 846/16394
  ███████░░░░░░░░░░░░░░░░░░  28%  Streaming frame 847/16394
  ███████░░░░░░░░░░░░░░░░░░  28%  Streaming frame 848/16394
  ███████░░░░░░░░░░░░░░░░░░  28%  Streaming frame 849/16394
  ███████░░░░░░░░░░░░░░░░░░  28%  Streaming frame 850/16394
  ███████░░░░░░░░░░░░░░░░░░  28%  Streaming frame 851/16394
  ███████░░░░░░░░░░░░░░░░░░  28%  Streaming frame 852/16394
  ███████░░░░░░░░░░░░░░░░░░  28%  Streaming frame 853/16394
  ███████░░░░░░░░░░░░░░░░░░  28%  Streaming frame 854/16394
  ███████░░░░░░░░░░░░░░░░░░  28%  Streaming frame 855/16394
  ███████░░░░░░░░░░░░░░░░░░  28%  Streaming frame 856/16394
  ███████░░░░░░░░░░░░░░░░░░  28%  Streaming frame 857/16394
  ███████░░░░░░░░░░░░░░░░░░  28%  Streaming frame 858/16394
  ███████░░░░░░░░░░░░░░░░░░  28%  Streaming frame 859/16394
  ███████░░░░░░░░░░░░░░░░░░  28%  Streaming frame 860/16394
  ███████░░░░░░░░░░░░░░░░░░  28%  Streaming frame 861/16394
  ███████░░░░░░░░░░░░░░░░░░  28%  Streaming frame 862/16394
  ███████░░░░░░░░░░░░░░░░░░  28%  Streaming frame 863/16394
  ███████░░░░░░░░░░░░░░░░░░  28%  Streaming frame 864/16394
  ███████░░░░░░░░░░░░░░░░░░  28%  Streaming frame 865/16394
  ███████░░░░░░░░░░░░░░░░░░  28%  Streaming frame 866/16394
  ███████░░░░░░░░░░░░░░░░░░  28%  Streaming frame 867/16394
  ███████░░░░░░░░░░░░░░░░░░  28%  Streaming frame 868/16394
  ███████░░░░░░░░░░░░░░░░░░  28%  Streaming frame 869/16394
  ███████░░░░░░░░░░░░░░░░░░  28%  Streaming frame 870/16394
  ███████░░░░░░░░░░░░░░░░░░  28%  Streaming frame 871/16394
  ███████░░░░░░░░░░░░░░░░░░  28%  Streaming frame 872/16394
  ███████░░░░░░░░░░░░░░░░░░  28%  Streaming frame 873/16394
  ███████░░░░░░░░░░░░░░░░░░  28%  Streaming frame 874/16394
  ███████░░░░░░░░░░░░░░░░░░  28%  Streaming frame 875/16394
  ███████░░░░░░░░░░░░░░░░░░  28%  Streaming frame 876/16394
  ███████░░░░░░░░░░░░░░░░░░  28%  Streaming frame 877/16394
  ███████░░░░░░░░░░░░░░░░░░  28%  Streaming frame 878/16394
  ███████░░░░░░░░░░░░░░░░░░  28%  Streaming frame 879/16394
  ███████░░░░░░░░░░░░░░░░░░  28%  Streaming frame 880/16394
  ███████░░░░░░░░░░░░░░░░░░  28%  Streaming frame 881/16394
  ███████░░░░░░░░░░░░░░░░░░  28%  Streaming frame 882/16394
  ███████░░░░░░░░░░░░░░░░░░  28%  Streaming frame 883/16394
  ███████░░░░░░░░░░░░░░░░░░  28%  Streaming frame 884/16394
  ███████░░░░░░░░░░░░░░░░░░  28%  Streaming frame 885/16394
  ███████░░░░░░░░░░░░░░░░░░  28%  Streaming frame 886/16394
  ███████░░░░░░░░░░░░░░░░░░  28%  Streaming frame 887/16394
  ███████░░░░░░░░░░░░░░░░░░  28%  Streaming frame 888/16394
  ███████░░░░░░░░░░░░░░░░░░  28%  Streaming frame 889/16394
  ███████░░░░░░░░░░░░░░░░░░  28%  Streaming frame 890/16394
  ███████░░░░░░░░░░░░░░░░░░  28%  Streaming frame 891/16394
  ███████░░░░░░░░░░░░░░░░░░  28%  Streaming frame 892/16394
  ███████░░░░░░░░░░░░░░░░░░  28%  Streaming frame 893/16394
  ███████░░░░░░░░░░░░░░░░░░  28%  Streaming frame 894/16394
  ███████░░░░░░░░░░░░░░░░░░  28%  Streaming frame 895/16394
  ███████░░░░░░░░░░░░░░░░░░  28%  Streaming frame 896/16394
  ███████░░░░░░░░░░░░░░░░░░  28%  Streaming frame 897/16394
  ███████░░░░░░░░░░░░░░░░░░  28%  Streaming frame 898/16394
  ███████░░░░░░░░░░░░░░░░░░  28%  Streaming frame 899/16394
  ███████░░░░░░░░░░░░░░░░░░  28%  Streaming frame 900/16394
  ███████░░░░░░░░░░░░░░░░░░  28%  Streaming frame 901/16394
  ███████░░░░░░░░░░░░░░░░░░  28%  Streaming frame 902/16394
  ███████░░░░░░░░░░░░░░░░░░  28%  Streaming frame 903/16394
  ███████░░░░░░░░░░░░░░░░░░  28%  Streaming frame 904/16394
  ███████░░░░░░░░░░░░░░░░░░  28%  Streaming frame 905/16394
  ███████░░░░░░░░░░░░░░░░░░  28%  Streaming frame 906/16394
  ███████░░░░░░░░░░░░░░░░░░  28%  Streaming frame 907/16394
  ███████░░░░░░░░░░░░░░░░░░  28%  Streaming frame 908/16394
  ███████░░░░░░░░░░░░░░░░░░  28%  Streaming frame 909/16394
  ███████░░░░░░░░░░░░░░░░░░  28%  Streaming frame 910/16394
  ███████░░░░░░░░░░░░░░░░░░  28%  Streaming frame 911/16394
  ███████░░░░░░░░░░░░░░░░░░  28%  Streaming frame 912/16394
  ███████░░░░░░░░░░░░░░░░░░  28%  Streaming frame 913/16394
  ███████░░░░░░░░░░░░░░░░░░  28%  Streaming frame 914/16394
  ███████░░░░░░░░░░░░░░░░░░  28%  Streaming frame 915/16394
  ███████░░░░░░░░░░░░░░░░░░  28%  Streaming frame 916/16394
  ███████░░░░░░░░░░░░░░░░░░  28%  Streaming frame 917/16394
  ███████░░░░░░░░░░░░░░░░░░  28%  Streaming frame 918/16394
  ███████░░░░░░░░░░░░░░░░░░  28%  Streaming frame 919/16394
  ███████░░░░░░░░░░░░░░░░░░  28%  Streaming frame 920/16394
  ███████░░░░░░░░░░░░░░░░░░  28%  Streaming frame 921/16394
  ███████░░░░░░░░░░░░░░░░░░  28%  Streaming frame 922/16394
  ███████░░░░░░░░░░░░░░░░░░  28%  Streaming frame 923/16394
  ███████░░░░░░░░░░░░░░░░░░  28%  Streaming frame 924/16394
  ███████░░░░░░░░░░░░░░░░░░  28%  Streaming frame 925/16394
  ███████░░░░░░░░░░░░░░░░░░  28%  Streaming frame 926/16394
  ███████░░░░░░░░░░░░░░░░░░  28%  Streaming frame 927/16394
  ███████░░░░░░░░░░░░░░░░░░  28%  Streaming frame 928/16394
  ███████░░░░░░░░░░░░░░░░░░  28%  Streaming frame 929/16394
  ███████░░░░░░░░░░░░░░░░░░  28%  Streaming frame 930/16394
  ███████░░░░░░░░░░░░░░░░░░  28%  Streaming frame 931/16394
  ███████░░░░░░░░░░░░░░░░░░  28%  Streaming frame 932/16394
  ███████░░░░░░░░░░░░░░░░░░  28%  Streaming frame 933/16394
  ███████░░░░░░░░░░░░░░░░░░  28%  Streaming frame 934/16394
  ███████░░░░░░░░░░░░░░░░░░  28%  Streaming frame 935/16394
  ███████░░░░░░░░░░░░░░░░░░  28%  Streaming frame 936/16394
  ███████░░░░░░░░░░░░░░░░░░  28%  Streaming frame 937/16394
  ███████░░░░░░░░░░░░░░░░░░  28%  Streaming frame 938/16394
  ███████░░░░░░░░░░░░░░░░░░  28%  Streaming frame 939/16394
  ███████░░░░░░░░░░░░░░░░░░  28%  Streaming frame 940/16394
  ███████░░░░░░░░░░░░░░░░░░  28%  Streaming frame 941/16394
  ███████░░░░░░░░░░░░░░░░░░  28%  Streaming frame 942/16394
  ███████░░░░░░░░░░░░░░░░░░  28%  Streaming frame 943/16394
  ███████░░░░░░░░░░░░░░░░░░  28%  Streaming frame 944/16394
  ███████░░░░░░░░░░░░░░░░░░  28%  Streaming frame 945/16394
  ███████░░░░░░░░░░░░░░░░░░  28%  Streaming frame 946/16394
  ███████░░░░░░░░░░░░░░░░░░  28%  Streaming frame 947/16394
  ███████░░░░░░░░░░░░░░░░░░  28%  Streaming frame 948/16394
  ███████░░░░░░░░░░░░░░░░░░  28%  Streaming frame 949/16394
  ███████░░░░░░░░░░░░░░░░░░  28%  Streaming frame 950/16394
  ███████░░░░░░░░░░░░░░░░░░  28%  Streaming frame 951/16394
  ███████░░░░░░░░░░░░░░░░░░  28%  Streaming frame 952/16394
  ███████░░░░░░░░░░░░░░░░░░  28%  Streaming frame 953/16394
  ███████░░░░░░░░░░░░░░░░░░  28%  Streaming frame 954/16394
  ███████░░░░░░░░░░░░░░░░░░  28%  Streaming frame 955/16394
  ███████░░░░░░░░░░░░░░░░░░  28%  Streaming frame 956/16394
  ███████░░░░░░░░░░░░░░░░░░  28%  Streaming frame 957/16394
  ███████░░░░░░░░░░░░░░░░░░  28%  Streaming frame 958/16394
  ███████░░░░░░░░░░░░░░░░░░  28%  Streaming frame 959/16394
  ███████░░░░░░░░░░░░░░░░░░  28%  Streaming frame 960/16394
  ███████░░░░░░░░░░░░░░░░░░  28%  Streaming frame 961/16394
  ███████░░░░░░░░░░░░░░░░░░  28%  Streaming frame 962/16394
  ███████░░░░░░░░░░░░░░░░░░  28%  Streaming frame 963/16394
  ███████░░░░░░░░░░░░░░░░░░  28%  Streaming frame 964/16394
  ███████░░░░░░░░░░░░░░░░░░  28%  Streaming frame 965/16394
  ███████░░░░░░░░░░░░░░░░░░  28%  Streaming frame 966/16394
  ███████░░░░░░░░░░░░░░░░░░  28%  Streaming frame 967/16394
  ███████░░░░░░░░░░░░░░░░░░  28%  Streaming frame 968/16394
  ███████░░░░░░░░░░░░░░░░░░  28%  Streaming frame 969/16394
  ███████░░░░░░░░░░░░░░░░░░  28%  Streaming frame 970/16394
  ███████░░░░░░░░░░░░░░░░░░  28%  Streaming frame 971/16394
  ███████░░░░░░░░░░░░░░░░░░  28%  Streaming frame 972/16394
  ███████░░░░░░░░░░░░░░░░░░  28%  Streaming frame 973/16394
  ███████░░░░░░░░░░░░░░░░░░  28%  Streaming frame 974/16394
  ███████░░░░░░░░░░░░░░░░░░  28%  Streaming frame 975/16394
  ███████░░░░░░░░░░░░░░░░░░  28%  Streaming frame 976/16394
  ███████░░░░░░░░░░░░░░░░░░  28%  Streaming frame 977/16394
  ███████░░░░░░░░░░░░░░░░░░  28%  Streaming frame 978/16394
  ███████░░░░░░░░░░░░░░░░░░  28%  Streaming frame 979/16394
  ███████░░░░░░░░░░░░░░░░░░  28%  Streaming frame 980/16394
  ███████░░░░░░░░░░░░░░░░░░  28%  Streaming frame 981/16394
  ███████░░░░░░░░░░░░░░░░░░  28%  Streaming frame 982/16394
  ███████░░░░░░░░░░░░░░░░░░  28%  Streaming frame 983/16394
  ███████░░░░░░░░░░░░░░░░░░  28%  Streaming frame 984/16394
  ███████░░░░░░░░░░░░░░░░░░  28%  Streaming frame 985/16394
  ███████░░░░░░░░░░░░░░░░░░  28%  Streaming frame 986/16394
  ███████░░░░░░░░░░░░░░░░░░  28%  Streaming frame 987/16394
  ███████░░░░░░░░░░░░░░░░░░  28%  Streaming frame 988/16394
  ███████░░░░░░░░░░░░░░░░░░  28%  Streaming frame 989/16394
  ███████░░░░░░░░░░░░░░░░░░  28%  Streaming frame 990/16394
  ███████░░░░░░░░░░░░░░░░░░  28%  Streaming frame 991/16394
  ███████░░░░░░░░░░░░░░░░░░  28%  Streaming frame 992/16394
  ███████░░░░░░░░░░░░░░░░░░  28%  Streaming frame 993/16394
  ███████░░░░░░░░░░░░░░░░░░  28%  Streaming frame 994/16394
  ███████░░░░░░░░░░░░░░░░░░  28%  Streaming frame 995/16394
  ███████░░░░░░░░░░░░░░░░░░  28%  Streaming frame 996/16394
  ███████░░░░░░░░░░░░░░░░░░  28%  Streaming frame 997/16394
  ███████░░░░░░░░░░░░░░░░░░  28%  Streaming frame 998/16394
  ███████░░░░░░░░░░░░░░░░░░  28%  Streaming frame 999/16394
  ███████░░░░░░░░░░░░░░░░░░  28%  Streaming frame 1000/16394
  ███████░░░░░░░░░░░░░░░░░░  28%  Streaming frame 1001/16394
  ███████░░░░░░░░░░░░░░░░░░  28%  Streaming frame 1002/16394
  ███████░░░░░░░░░░░░░░░░░░  28%  Streaming frame 1003/16394
  ███████░░░░░░░░░░░░░░░░░░  28%  Streaming frame 1004/16394
  ███████░░░░░░░░░░░░░░░░░░  28%  Streaming frame 1005/16394
  ███████░░░░░░░░░░░░░░░░░░  28%  Streaming frame 1006/16394
  ███████░░░░░░░░░░░░░░░░░░  28%  Streaming frame 1007/16394
  ███████░░░░░░░░░░░░░░░░░░  28%  Streaming frame 1008/16394
  ███████░░░░░░░░░░░░░░░░░░  28%  Streaming frame 1009/16394
  ███████░░░░░░░░░░░░░░░░░░  28%  Streaming frame 1010/16394
  ███████░░░░░░░░░░░░░░░░░░  28%  Streaming frame 1011/16394
  ███████░░░░░░░░░░░░░░░░░░  28%  Streaming frame 1012/16394
  ███████░░░░░░░░░░░░░░░░░░  28%  Streaming frame 1013/16394
  ███████░░░░░░░░░░░░░░░░░░  28%  Streaming frame 1014/16394
  ███████░░░░░░░░░░░░░░░░░░  28%  Streaming frame 1015/16394
  ███████░░░░░░░░░░░░░░░░░░  28%  Streaming frame 1016/16394
  ███████░░░░░░░░░░░░░░░░░░  28%  Streaming frame 1017/16394
  ███████░░░░░░░░░░░░░░░░░░  28%  Streaming frame 1018/16394
  ███████░░░░░░░░░░░░░░░░░░  28%  Streaming frame 1019/16394
  ███████░░░░░░░░░░░░░░░░░░  28%  Streaming frame 1020/16394
  ███████░░░░░░░░░░░░░░░░░░  28%  Streaming frame 1021/16394
  ███████░░░░░░░░░░░░░░░░░░  28%  Streaming frame 1022/16394
  ███████░░░░░░░░░░░░░░░░░░  28%  Streaming frame 1023/16394
  ███████░░░░░░░░░░░░░░░░░░  28%  Streaming frame 1024/16394
  ███████░░░░░░░░░░░░░░░░░░  28%  Streaming frame 1025/16394
  ███████░░░░░░░░░░░░░░░░░░  28%  Streaming frame 1026/16394
  ███████░░░░░░░░░░░░░░░░░░  28%  Streaming frame 1027/16394
  ███████░░░░░░░░░░░░░░░░░░  28%  Streaming frame 1028/16394
  ███████░░░░░░░░░░░░░░░░░░  28%  Streaming frame 1029/16394
  ███████░░░░░░░░░░░░░░░░░░  28%  Streaming frame 1030/16394
  ███████░░░░░░░░░░░░░░░░░░  28%  Streaming frame 1031/16394
  ███████░░░░░░░░░░░░░░░░░░  28%  Streaming frame 1032/16394
  ███████░░░░░░░░░░░░░░░░░░  28%  Streaming frame 1033/16394
  ███████░░░░░░░░░░░░░░░░░░  28%  Streaming frame 1034/16394
  ███████░░░░░░░░░░░░░░░░░░  28%  Streaming frame 1035/16394
  ███████░░░░░░░░░░░░░░░░░░  28%  Streaming frame 1036/16394
  ███████░░░░░░░░░░░░░░░░░░  28%  Streaming frame 1037/16394
  ███████░░░░░░░░░░░░░░░░░░  28%  Streaming frame 1038/16394
  ███████░░░░░░░░░░░░░░░░░░  28%  Streaming frame 1039/16394
  ███████░░░░░░░░░░░░░░░░░░  28%  Streaming frame 1040/16394
  ███████░░░░░░░░░░░░░░░░░░  28%  Streaming frame 1041/16394
  ███████░░░░░░░░░░░░░░░░░░  28%  Streaming frame 1042/16394
  ███████░░░░░░░░░░░░░░░░░░  28%  Streaming frame 1043/16394
  ███████░░░░░░░░░░░░░░░░░░  29%  Streaming frame 1044/16394
  ███████░░░░░░░░░░░░░░░░░░  29%  Streaming frame 1045/16394
  ███████░░░░░░░░░░░░░░░░░░  29%  Streaming frame 1046/16394
  ███████░░░░░░░░░░░░░░░░░░  29%  Streaming frame 1047/16394
  ███████░░░░░░░░░░░░░░░░░░  29%  Streaming frame 1048/16394
  ███████░░░░░░░░░░░░░░░░░░  29%  Streaming frame 1049/16394
  ███████░░░░░░░░░░░░░░░░░░  29%  Streaming frame 1050/16394
  ███████░░░░░░░░░░░░░░░░░░  29%  Streaming frame 1051/16394
  ███████░░░░░░░░░░░░░░░░░░  29%  Streaming frame 1052/16394
  ███████░░░░░░░░░░░░░░░░░░  29%  Streaming frame 1053/16394
  ███████░░░░░░░░░░░░░░░░░░  29%  Streaming frame 1054/16394
  ███████░░░░░░░░░░░░░░░░░░  29%  Streaming frame 1055/16394
  ███████░░░░░░░░░░░░░░░░░░  29%  Streaming frame 1056/16394
  ███████░░░░░░░░░░░░░░░░░░  29%  Streaming frame 1057/16394
  ███████░░░░░░░░░░░░░░░░░░  29%  Streaming frame 1058/16394
  ███████░░░░░░░░░░░░░░░░░░  29%  Streaming frame 1059/16394
  ███████░░░░░░░░░░░░░░░░░░  29%  Streaming frame 1060/16394
  ███████░░░░░░░░░░░░░░░░░░  29%  Streaming frame 1061/16394
  ███████░░░░░░░░░░░░░░░░░░  29%  Streaming frame 1062/16394
  ███████░░░░░░░░░░░░░░░░░░  29%  Streaming frame 1063/16394
  ███████░░░░░░░░░░░░░░░░░░  29%  Streaming frame 1064/16394
  ███████░░░░░░░░░░░░░░░░░░  29%  Streaming frame 1065/16394
  ███████░░░░░░░░░░░░░░░░░░  29%  Streaming frame 1066/16394
  ███████░░░░░░░░░░░░░░░░░░  29%  Streaming frame 1067/16394
  ███████░░░░░░░░░░░░░░░░░░  29%  Streaming frame 1068/16394
  ███████░░░░░░░░░░░░░░░░░░  29%  Streaming frame 1069/16394
  ███████░░░░░░░░░░░░░░░░░░  29%  Streaming frame 1070/16394
  ███████░░░░░░░░░░░░░░░░░░  29%  Streaming frame 1071/16394
  ███████░░░░░░░░░░░░░░░░░░  29%  Streaming frame 1072/16394
  ███████░░░░░░░░░░░░░░░░░░  29%  Streaming frame 1073/16394
  ███████░░░░░░░░░░░░░░░░░░  29%  Streaming frame 1074/16394
  ███████░░░░░░░░░░░░░░░░░░  29%  Streaming frame 1075/16394
  ███████░░░░░░░░░░░░░░░░░░  29%  Streaming frame 1076/16394
  ███████░░░░░░░░░░░░░░░░░░  29%  Streaming frame 1077/16394
  ███████░░░░░░░░░░░░░░░░░░  29%  Streaming frame 1078/16394
  ███████░░░░░░░░░░░░░░░░░░  29%  Streaming frame 1079/16394
  ███████░░░░░░░░░░░░░░░░░░  29%  Streaming frame 1080/16394
  ███████░░░░░░░░░░░░░░░░░░  29%  Streaming frame 1081/16394
  ███████░░░░░░░░░░░░░░░░░░  29%  Streaming frame 1082/16394
  ███████░░░░░░░░░░░░░░░░░░  29%  Streaming frame 1083/16394
  ███████░░░░░░░░░░░░░░░░░░  29%  Streaming frame 1084/16394
  ███████░░░░░░░░░░░░░░░░░░  29%  Streaming frame 1085/16394
  ███████░░░░░░░░░░░░░░░░░░  29%  Streaming frame 1086/16394
  ███████░░░░░░░░░░░░░░░░░░  29%  Streaming frame 1087/16394
  ███████░░░░░░░░░░░░░░░░░░  29%  Streaming frame 1088/16394
  ███████░░░░░░░░░░░░░░░░░░  29%  Streaming frame 1089/16394
  ███████░░░░░░░░░░░░░░░░░░  29%  Streaming frame 1090/16394
  ███████░░░░░░░░░░░░░░░░░░  29%  Streaming frame 1091/16394
  ███████░░░░░░░░░░░░░░░░░░  29%  Streaming frame 1092/16394
  ███████░░░░░░░░░░░░░░░░░░  29%  Streaming frame 1093/16394
  ███████░░░░░░░░░░░░░░░░░░  29%  Streaming frame 1094/16394
  ███████░░░░░░░░░░░░░░░░░░  29%  Streaming frame 1095/16394
  ███████░░░░░░░░░░░░░░░░░░  29%  Streaming frame 1096/16394
  ███████░░░░░░░░░░░░░░░░░░  29%  Streaming frame 1097/16394
  ███████░░░░░░░░░░░░░░░░░░  29%  Streaming frame 1098/16394
  ███████░░░░░░░░░░░░░░░░░░  29%  Streaming frame 1099/16394
  ███████░░░░░░░░░░░░░░░░░░  29%  Streaming frame 1100/16394
  ███████░░░░░░░░░░░░░░░░░░  29%  Streaming frame 1101/16394
  ███████░░░░░░░░░░░░░░░░░░  29%  Streaming frame 1102/16394
  ███████░░░░░░░░░░░░░░░░░░  29%  Streaming frame 1103/16394
  ███████░░░░░░░░░░░░░░░░░░  29%  Streaming frame 1104/16394
  ███████░░░░░░░░░░░░░░░░░░  29%  Streaming frame 1105/16394
  ███████░░░░░░░░░░░░░░░░░░  29%  Streaming frame 1106/16394
  ███████░░░░░░░░░░░░░░░░░░  29%  Streaming frame 1107/16394
  ███████░░░░░░░░░░░░░░░░░░  29%  Streaming frame 1108/16394
  ███████░░░░░░░░░░░░░░░░░░  29%  Streaming frame 1109/16394
  ███████░░░░░░░░░░░░░░░░░░  29%  Streaming frame 1110/16394
  ███████░░░░░░░░░░░░░░░░░░  29%  Streaming frame 1111/16394
  ███████░░░░░░░░░░░░░░░░░░  29%  Streaming frame 1112/16394
  ███████░░░░░░░░░░░░░░░░░░  29%  Streaming frame 1113/16394
  ███████░░░░░░░░░░░░░░░░░░  29%  Streaming frame 1114/16394
  ███████░░░░░░░░░░░░░░░░░░  29%  Streaming frame 1115/16394
  ███████░░░░░░░░░░░░░░░░░░  29%  Streaming frame 1116/16394
  ███████░░░░░░░░░░░░░░░░░░  29%  Streaming frame 1117/16394
  ███████░░░░░░░░░░░░░░░░░░  29%  Streaming frame 1118/16394
  ███████░░░░░░░░░░░░░░░░░░  29%  Streaming frame 1119/16394
  ███████░░░░░░░░░░░░░░░░░░  29%  Streaming frame 1120/16394
  ███████░░░░░░░░░░░░░░░░░░  29%  Streaming frame 1121/16394
  ███████░░░░░░░░░░░░░░░░░░  29%  Streaming frame 1122/16394
  ███████░░░░░░░░░░░░░░░░░░  29%  Streaming frame 1123/16394
  ███████░░░░░░░░░░░░░░░░░░  29%  Streaming frame 1124/16394
  ███████░░░░░░░░░░░░░░░░░░  29%  Streaming frame 1125/16394
  ███████░░░░░░░░░░░░░░░░░░  29%  Streaming frame 1126/16394
  ███████░░░░░░░░░░░░░░░░░░  29%  Streaming frame 1127/16394
  ███████░░░░░░░░░░░░░░░░░░  29%  Streaming frame 1128/16394
  ███████░░░░░░░░░░░░░░░░░░  29%  Streaming frame 1129/16394
  ███████░░░░░░░░░░░░░░░░░░  29%  Streaming frame 1130/16394
  ███████░░░░░░░░░░░░░░░░░░  29%  Streaming frame 1131/16394
  ███████░░░░░░░░░░░░░░░░░░  29%  Streaming frame 1132/16394
  ███████░░░░░░░░░░░░░░░░░░  29%  Streaming frame 1133/16394
  ███████░░░░░░░░░░░░░░░░░░  29%  Streaming frame 1134/16394
  ███████░░░░░░░░░░░░░░░░░░  29%  Streaming frame 1135/16394
  ███████░░░░░░░░░░░░░░░░░░  29%  Streaming frame 1136/16394
  ███████░░░░░░░░░░░░░░░░░░  29%  Streaming frame 1137/16394
  ███████░░░░░░░░░░░░░░░░░░  29%  Streaming frame 1138/16394
  ███████░░░░░░░░░░░░░░░░░░  29%  Streaming frame 1139/16394
  ███████░░░░░░░░░░░░░░░░░░  29%  Streaming frame 1140/16394
  ███████░░░░░░░░░░░░░░░░░░  29%  Streaming frame 1141/16394
  ███████░░░░░░░░░░░░░░░░░░  29%  Streaming frame 1142/16394
  ███████░░░░░░░░░░░░░░░░░░  29%  Streaming frame 1143/16394
  ███████░░░░░░░░░░░░░░░░░░  29%  Streaming frame 1144/16394
  ███████░░░░░░░░░░░░░░░░░░  29%  Streaming frame 1145/16394
  ███████░░░░░░░░░░░░░░░░░░  29%  Streaming frame 1146/16394
  ███████░░░░░░░░░░░░░░░░░░  29%  Streaming frame 1147/16394
  ███████░░░░░░░░░░░░░░░░░░  29%  Streaming frame 1148/16394
  ███████░░░░░░░░░░░░░░░░░░  29%  Streaming frame 1149/16394
  ███████░░░░░░░░░░░░░░░░░░  29%  Streaming frame 1150/16394
  ███████░░░░░░░░░░░░░░░░░░  29%  Streaming frame 1151/16394
  ███████░░░░░░░░░░░░░░░░░░  29%  Streaming frame 1152/16394
  ███████░░░░░░░░░░░░░░░░░░  29%  Streaming frame 1153/16394
  ███████░░░░░░░░░░░░░░░░░░  29%  Streaming frame 1154/16394
  ███████░░░░░░░░░░░░░░░░░░  29%  Streaming frame 1155/16394
  ███████░░░░░░░░░░░░░░░░░░  29%  Streaming frame 1156/16394
  ███████░░░░░░░░░░░░░░░░░░  29%  Streaming frame 1157/16394
  ███████░░░░░░░░░░░░░░░░░░  29%  Streaming frame 1158/16394
  ███████░░░░░░░░░░░░░░░░░░  29%  Streaming frame 1159/16394
  ███████░░░░░░░░░░░░░░░░░░  29%  Streaming frame 1160/16394
  ███████░░░░░░░░░░░░░░░░░░  29%  Streaming frame 1161/16394
  ███████░░░░░░░░░░░░░░░░░░  29%  Streaming frame 1162/16394
  ███████░░░░░░░░░░░░░░░░░░  29%  Streaming frame 1163/16394
  ███████░░░░░░░░░░░░░░░░░░  29%  Streaming frame 1164/16394
  ███████░░░░░░░░░░░░░░░░░░  29%  Streaming frame 1165/16394
  ███████░░░░░░░░░░░░░░░░░░  29%  Streaming frame 1166/16394
  ███████░░░░░░░░░░░░░░░░░░  29%  Streaming frame 1167/16394
  ███████░░░░░░░░░░░░░░░░░░  29%  Streaming frame 1168/16394
  ███████░░░░░░░░░░░░░░░░░░  29%  Streaming frame 1169/16394
  ███████░░░░░░░░░░░░░░░░░░  29%  Streaming frame 1170/16394
  ███████░░░░░░░░░░░░░░░░░░  29%  Streaming frame 1171/16394
  ███████░░░░░░░░░░░░░░░░░░  29%  Streaming frame 1172/16394
  ███████░░░░░░░░░░░░░░░░░░  29%  Streaming frame 1173/16394
  ███████░░░░░░░░░░░░░░░░░░  29%  Streaming frame 1174/16394
  ███████░░░░░░░░░░░░░░░░░░  29%  Streaming frame 1175/16394
  ███████░░░░░░░░░░░░░░░░░░  29%  Streaming frame 1176/16394
  ███████░░░░░░░░░░░░░░░░░░  29%  Streaming frame 1177/16394
  ███████░░░░░░░░░░░░░░░░░░  29%  Streaming frame 1178/16394
  ███████░░░░░░░░░░░░░░░░░░  29%  Streaming frame 1179/16394
  ███████░░░░░░░░░░░░░░░░░░  29%  Streaming frame 1180/16394
  ███████░░░░░░░░░░░░░░░░░░  29%  Streaming frame 1181/16394
  ███████░░░░░░░░░░░░░░░░░░  29%  Streaming frame 1182/16394
  ███████░░░░░░░░░░░░░░░░░░  29%  Streaming frame 1183/16394
  ███████░░░░░░░░░░░░░░░░░░  29%  Streaming frame 1184/16394
  ███████░░░░░░░░░░░░░░░░░░  29%  Streaming frame 1185/16394
  ███████░░░░░░░░░░░░░░░░░░  29%  Streaming frame 1186/16394
  ███████░░░░░░░░░░░░░░░░░░  29%  Streaming frame 1187/16394
  ███████░░░░░░░░░░░░░░░░░░  29%  Streaming frame 1188/16394
  ███████░░░░░░░░░░░░░░░░░░  29%  Streaming frame 1189/16394
  ███████░░░░░░░░░░░░░░░░░░  29%  Streaming frame 1190/16394
  ███████░░░░░░░░░░░░░░░░░░  29%  Streaming frame 1191/16394
  ███████░░░░░░░░░░░░░░░░░░  29%  Streaming frame 1192/16394
  ███████░░░░░░░░░░░░░░░░░░  29%  Streaming frame 1193/16394
  ███████░░░░░░░░░░░░░░░░░░  29%  Streaming frame 1194/16394
  ███████░░░░░░░░░░░░░░░░░░  29%  Streaming frame 1195/16394
  ███████░░░░░░░░░░░░░░░░░░  29%  Streaming frame 1196/16394
  ███████░░░░░░░░░░░░░░░░░░  29%  Streaming frame 1197/16394
  ███████░░░░░░░░░░░░░░░░░░  29%  Streaming frame 1198/16394
  ███████░░░░░░░░░░░░░░░░░░  29%  Streaming frame 1199/16394
  ███████░░░░░░░░░░░░░░░░░░  29%  Streaming frame 1200/16394
  ███████░░░░░░░░░░░░░░░░░░  29%  Streaming frame 1201/16394
  ███████░░░░░░░░░░░░░░░░░░  29%  Streaming frame 1202/16394
  ███████░░░░░░░░░░░░░░░░░░  29%  Streaming frame 1203/16394
  ███████░░░░░░░░░░░░░░░░░░  29%  Streaming frame 1204/16394
  ███████░░░░░░░░░░░░░░░░░░  29%  Streaming frame 1205/16394
  ███████░░░░░░░░░░░░░░░░░░  29%  Streaming frame 1206/16394
  ███████░░░░░░░░░░░░░░░░░░  29%  Streaming frame 1207/16394
  ███████░░░░░░░░░░░░░░░░░░  29%  Streaming frame 1208/16394
  ███████░░░░░░░░░░░░░░░░░░  29%  Streaming frame 1209/16394
  ███████░░░░░░░░░░░░░░░░░░  29%  Streaming frame 1210/16394
  ███████░░░░░░░░░░░░░░░░░░  29%  Streaming frame 1211/16394
  ███████░░░░░░░░░░░░░░░░░░  29%  Streaming frame 1212/16394
  ███████░░░░░░░░░░░░░░░░░░  29%  Streaming frame 1213/16394
  ███████░░░░░░░░░░░░░░░░░░  29%  Streaming frame 1214/16394
  ███████░░░░░░░░░░░░░░░░░░  29%  Streaming frame 1215/16394
  ███████░░░░░░░░░░░░░░░░░░  29%  Streaming frame 1216/16394
  ███████░░░░░░░░░░░░░░░░░░  29%  Streaming frame 1217/16394
  ███████░░░░░░░░░░░░░░░░░░  29%  Streaming frame 1218/16394
  ███████░░░░░░░░░░░░░░░░░░  29%  Streaming frame 1219/16394
  ███████░░░░░░░░░░░░░░░░░░  29%  Streaming frame 1220/16394
  ███████░░░░░░░░░░░░░░░░░░  29%  Streaming frame 1221/16394
  ███████░░░░░░░░░░░░░░░░░░  29%  Streaming frame 1222/16394
  ███████░░░░░░░░░░░░░░░░░░  29%  Streaming frame 1223/16394
  ███████░░░░░░░░░░░░░░░░░░  29%  Streaming frame 1224/16394
  ███████░░░░░░░░░░░░░░░░░░  29%  Streaming frame 1225/16394
  ███████░░░░░░░░░░░░░░░░░░  29%  Streaming frame 1226/16394
  ███████░░░░░░░░░░░░░░░░░░  29%  Streaming frame 1227/16394
  ███████░░░░░░░░░░░░░░░░░░  29%  Streaming frame 1228/16394
  ███████░░░░░░░░░░░░░░░░░░  29%  Streaming frame 1229/16394
  ███████░░░░░░░░░░░░░░░░░░  29%  Streaming frame 1230/16394
  ███████░░░░░░░░░░░░░░░░░░  29%  Streaming frame 1231/16394
  ███████░░░░░░░░░░░░░░░░░░  29%  Streaming frame 1232/16394
  ███████░░░░░░░░░░░░░░░░░░  29%  Streaming frame 1233/16394
  ███████░░░░░░░░░░░░░░░░░░  29%  Streaming frame 1234/16394
  ███████░░░░░░░░░░░░░░░░░░  29%  Streaming frame 1235/16394
  ███████░░░░░░░░░░░░░░░░░░  29%  Streaming frame 1236/16394
  ███████░░░░░░░░░░░░░░░░░░  29%  Streaming frame 1237/16394
  ███████░░░░░░░░░░░░░░░░░░  29%  Streaming frame 1238/16394
  ███████░░░░░░░░░░░░░░░░░░  29%  Streaming frame 1239/16394
  ███████░░░░░░░░░░░░░░░░░░  29%  Streaming frame 1240/16394
  ███████░░░░░░░░░░░░░░░░░░  29%  Streaming frame 1241/16394
  ███████░░░░░░░░░░░░░░░░░░  29%  Streaming frame 1242/16394
  ███████░░░░░░░░░░░░░░░░░░  29%  Streaming frame 1243/16394
  ███████░░░░░░░░░░░░░░░░░░  29%  Streaming frame 1244/16394
  ███████░░░░░░░░░░░░░░░░░░  29%  Streaming frame 1245/16394
  ███████░░░░░░░░░░░░░░░░░░  29%  Streaming frame 1246/16394
  ███████░░░░░░░░░░░░░░░░░░  29%  Streaming frame 1247/16394
  ███████░░░░░░░░░░░░░░░░░░  29%  Streaming frame 1248/16394
  ███████░░░░░░░░░░░░░░░░░░  29%  Streaming frame 1249/16394
  ███████░░░░░░░░░░░░░░░░░░  29%  Streaming frame 1250/16394
  ███████░░░░░░░░░░░░░░░░░░  29%  Streaming frame 1251/16394
  ███████░░░░░░░░░░░░░░░░░░  29%  Streaming frame 1252/16394
  ███████░░░░░░░░░░░░░░░░░░  29%  Streaming frame 1253/16394
  ███████░░░░░░░░░░░░░░░░░░  29%  Streaming frame 1254/16394
  ███████░░░░░░░░░░░░░░░░░░  29%  Streaming frame 1255/16394
  ███████░░░░░░░░░░░░░░░░░░  29%  Streaming frame 1256/16394
  ███████░░░░░░░░░░░░░░░░░░  29%  Streaming frame 1257/16394
  ███████░░░░░░░░░░░░░░░░░░  29%  Streaming frame 1258/16394
  ███████░░░░░░░░░░░░░░░░░░  29%  Streaming frame 1259/16394
  ███████░░░░░░░░░░░░░░░░░░  29%  Streaming frame 1260/16394
  ███████░░░░░░░░░░░░░░░░░░  29%  Streaming frame 1261/16394
  ███████░░░░░░░░░░░░░░░░░░  29%  Streaming frame 1262/16394
  ███████░░░░░░░░░░░░░░░░░░  29%  Streaming frame 1263/16394
  ███████░░░░░░░░░░░░░░░░░░  29%  Streaming frame 1264/16394
  ███████░░░░░░░░░░░░░░░░░░  29%  Streaming frame 1265/16394
  ███████░░░░░░░░░░░░░░░░░░  29%  Streaming frame 1266/16394
  ███████░░░░░░░░░░░░░░░░░░  29%  Streaming frame 1267/16394
  ███████░░░░░░░░░░░░░░░░░░  29%  Streaming frame 1268/16394
  ███████░░░░░░░░░░░░░░░░░░  29%  Streaming frame 1269/16394
  ███████░░░░░░░░░░░░░░░░░░  29%  Streaming frame 1270/16394
  ███████░░░░░░░░░░░░░░░░░░  29%  Streaming frame 1271/16394
  ███████░░░░░░░░░░░░░░░░░░  29%  Streaming frame 1272/16394
  ███████░░░░░░░░░░░░░░░░░░  29%  Streaming frame 1273/16394
  ███████░░░░░░░░░░░░░░░░░░  29%  Streaming frame 1274/16394
  ███████░░░░░░░░░░░░░░░░░░  29%  Streaming frame 1275/16394
  ███████░░░░░░░░░░░░░░░░░░  29%  Streaming frame 1276/16394
  ███████░░░░░░░░░░░░░░░░░░  29%  Streaming frame 1277/16394
  ███████░░░░░░░░░░░░░░░░░░  29%  Streaming frame 1278/16394
  ███████░░░░░░░░░░░░░░░░░░  29%  Streaming frame 1279/16394
  ███████░░░░░░░░░░░░░░░░░░  29%  Streaming frame 1280/16394
  ███████░░░░░░░░░░░░░░░░░░  29%  Streaming frame 1281/16394
  ███████░░░░░░░░░░░░░░░░░░  29%  Streaming frame 1282/16394
  ███████░░░░░░░░░░░░░░░░░░  29%  Streaming frame 1283/16394
  ███████░░░░░░░░░░░░░░░░░░  29%  Streaming frame 1284/16394
  ███████░░░░░░░░░░░░░░░░░░  29%  Streaming frame 1285/16394
  ███████░░░░░░░░░░░░░░░░░░  29%  Streaming frame 1286/16394
  ███████░░░░░░░░░░░░░░░░░░  29%  Streaming frame 1287/16394
  ███████░░░░░░░░░░░░░░░░░░  29%  Streaming frame 1288/16394
  ███████░░░░░░░░░░░░░░░░░░  29%  Streaming frame 1289/16394
  ███████░░░░░░░░░░░░░░░░░░  29%  Streaming frame 1290/16394
  ███████░░░░░░░░░░░░░░░░░░  29%  Streaming frame 1291/16394
  ███████░░░░░░░░░░░░░░░░░░  29%  Streaming frame 1292/16394
  ███████░░░░░░░░░░░░░░░░░░  29%  Streaming frame 1293/16394
  ███████░░░░░░░░░░░░░░░░░░  29%  Streaming frame 1294/16394
  ███████░░░░░░░░░░░░░░░░░░  29%  Streaming frame 1295/16394
  ███████░░░░░░░░░░░░░░░░░░  29%  Streaming frame 1296/16394
  ███████░░░░░░░░░░░░░░░░░░  29%  Streaming frame 1297/16394
  ███████░░░░░░░░░░░░░░░░░░  29%  Streaming frame 1298/16394
  ███████░░░░░░░░░░░░░░░░░░  29%  Streaming frame 1299/16394
  ███████░░░░░░░░░░░░░░░░░░  29%  Streaming frame 1300/16394
  ███████░░░░░░░░░░░░░░░░░░  29%  Streaming frame 1301/16394
  ███████░░░░░░░░░░░░░░░░░░  29%  Streaming frame 1302/16394
  ███████░░░░░░░░░░░░░░░░░░  29%  Streaming frame 1303/16394
  ███████░░░░░░░░░░░░░░░░░░  29%  Streaming frame 1304/16394
  ███████░░░░░░░░░░░░░░░░░░  29%  Streaming frame 1305/16394
  ███████░░░░░░░░░░░░░░░░░░  29%  Streaming frame 1306/16394
  ███████░░░░░░░░░░░░░░░░░░  29%  Streaming frame 1307/16394
  ███████░░░░░░░░░░░░░░░░░░  29%  Streaming frame 1308/16394
  ███████░░░░░░░░░░░░░░░░░░  29%  Streaming frame 1309/16394
  ███████░░░░░░░░░░░░░░░░░░  29%  Streaming frame 1310/16394
  ███████░░░░░░░░░░░░░░░░░░  29%  Streaming frame 1311/16394
  ███████░░░░░░░░░░░░░░░░░░  29%  Streaming frame 1312/16394
  ███████░░░░░░░░░░░░░░░░░░  29%  Streaming frame 1313/16394
  ███████░░░░░░░░░░░░░░░░░░  29%  Streaming frame 1314/16394
  ███████░░░░░░░░░░░░░░░░░░  29%  Streaming frame 1315/16394
  ███████░░░░░░░░░░░░░░░░░░  29%  Streaming frame 1316/16394
  ███████░░░░░░░░░░░░░░░░░░  29%  Streaming frame 1317/16394
  ███████░░░░░░░░░░░░░░░░░░  29%  Streaming frame 1318/16394
  ███████░░░░░░░░░░░░░░░░░░  29%  Streaming frame 1319/16394
  ███████░░░░░░░░░░░░░░░░░░  29%  Streaming frame 1320/16394
  ███████░░░░░░░░░░░░░░░░░░  29%  Streaming frame 1321/16394
  ███████░░░░░░░░░░░░░░░░░░  29%  Streaming frame 1322/16394
  ███████░░░░░░░░░░░░░░░░░░  29%  Streaming frame 1323/16394
  ███████░░░░░░░░░░░░░░░░░░  29%  Streaming frame 1324/16394
  ███████░░░░░░░░░░░░░░░░░░  29%  Streaming frame 1325/16394
  ███████░░░░░░░░░░░░░░░░░░  29%  Streaming frame 1326/16394
  ███████░░░░░░░░░░░░░░░░░░  29%  Streaming frame 1327/16394
  ███████░░░░░░░░░░░░░░░░░░  29%  Streaming frame 1328/16394
  ███████░░░░░░░░░░░░░░░░░░  29%  Streaming frame 1329/16394
  ███████░░░░░░░░░░░░░░░░░░  29%  Streaming frame 1330/16394
  ███████░░░░░░░░░░░░░░░░░░  29%  Streaming frame 1331/16394
  ███████░░░░░░░░░░░░░░░░░░  29%  Streaming frame 1332/16394
  ███████░░░░░░░░░░░░░░░░░░  29%  Streaming frame 1333/16394
  ███████░░░░░░░░░░░░░░░░░░  29%  Streaming frame 1334/16394
  ███████░░░░░░░░░░░░░░░░░░  29%  Streaming frame 1335/16394
  ███████░░░░░░░░░░░░░░░░░░  29%  Streaming frame 1336/16394
  ███████░░░░░░░░░░░░░░░░░░  29%  Streaming frame 1337/16394
  ███████░░░░░░░░░░░░░░░░░░  29%  Streaming frame 1338/16394
  ███████░░░░░░░░░░░░░░░░░░  29%  Streaming frame 1339/16394
  ███████░░░░░░░░░░░░░░░░░░  29%  Streaming frame 1340/16394
  ███████░░░░░░░░░░░░░░░░░░  29%  Streaming frame 1341/16394
  ███████░░░░░░░░░░░░░░░░░░  30%  Streaming frame 1342/16394
  ███████░░░░░░░░░░░░░░░░░░  30%  Streaming frame 1343/16394
  ███████░░░░░░░░░░░░░░░░░░  30%  Streaming frame 1344/16394
  ███████░░░░░░░░░░░░░░░░░░  30%  Streaming frame 1345/16394
  ███████░░░░░░░░░░░░░░░░░░  30%  Streaming frame 1346/16394
  ███████░░░░░░░░░░░░░░░░░░  30%  Streaming frame 1347/16394
  ███████░░░░░░░░░░░░░░░░░░  30%  Streaming frame 1348/16394
  ███████░░░░░░░░░░░░░░░░░░  30%  Streaming frame 1349/16394
  ███████░░░░░░░░░░░░░░░░░░  30%  Streaming frame 1350/16394
  ███████░░░░░░░░░░░░░░░░░░  30%  Streaming frame 1351/16394
  ███████░░░░░░░░░░░░░░░░░░  30%  Streaming frame 1352/16394
  ███████░░░░░░░░░░░░░░░░░░  30%  Streaming frame 1353/16394
  ███████░░░░░░░░░░░░░░░░░░  30%  Streaming frame 1354/16394
  ███████░░░░░░░░░░░░░░░░░░  30%  Streaming frame 1355/16394
  ███████░░░░░░░░░░░░░░░░░░  30%  Streaming frame 1356/16394
  ███████░░░░░░░░░░░░░░░░░░  30%  Streaming frame 1357/16394
  ███████░░░░░░░░░░░░░░░░░░  30%  Streaming frame 1358/16394
  ███████░░░░░░░░░░░░░░░░░░  30%  Streaming frame 1359/16394
  ███████░░░░░░░░░░░░░░░░░░  30%  Streaming frame 1360/16394
  ███████░░░░░░░░░░░░░░░░░░  30%  Streaming frame 1361/16394
  ███████░░░░░░░░░░░░░░░░░░  30%  Streaming frame 1362/16394
  ███████░░░░░░░░░░░░░░░░░░  30%  Streaming frame 1363/16394
  ███████░░░░░░░░░░░░░░░░░░  30%  Streaming frame 1364/16394
  ███████░░░░░░░░░░░░░░░░░░  30%  Streaming frame 1365/16394
  ███████░░░░░░░░░░░░░░░░░░  30%  Streaming frame 1366/16394
  ███████░░░░░░░░░░░░░░░░░░  30%  Streaming frame 1367/16394
  ███████░░░░░░░░░░░░░░░░░░  30%  Streaming frame 1368/16394
  ███████░░░░░░░░░░░░░░░░░░  30%  Streaming frame 1369/16394
  ███████░░░░░░░░░░░░░░░░░░  30%  Streaming frame 1370/16394
  ███████░░░░░░░░░░░░░░░░░░  30%  Streaming frame 1371/16394
  ███████░░░░░░░░░░░░░░░░░░  30%  Streaming frame 1372/16394
  ███████░░░░░░░░░░░░░░░░░░  30%  Streaming frame 1373/16394
  ███████░░░░░░░░░░░░░░░░░░  30%  Streaming frame 1374/16394
  ███████░░░░░░░░░░░░░░░░░░  30%  Streaming frame 1375/16394
  ███████░░░░░░░░░░░░░░░░░░  30%  Streaming frame 1376/16394
  ███████░░░░░░░░░░░░░░░░░░  30%  Streaming frame 1377/16394
  ███████░░░░░░░░░░░░░░░░░░  30%  Streaming frame 1378/16394
  ███████░░░░░░░░░░░░░░░░░░  30%  Streaming frame 1379/16394
  ███████░░░░░░░░░░░░░░░░░░  30%  Streaming frame 1380/16394
  ███████░░░░░░░░░░░░░░░░░░  30%  Streaming frame 1381/16394
  ███████░░░░░░░░░░░░░░░░░░  30%  Streaming frame 1382/16394
  ███████░░░░░░░░░░░░░░░░░░  30%  Streaming frame 1383/16394
  ███████░░░░░░░░░░░░░░░░░░  30%  Streaming frame 1384/16394
  ███████░░░░░░░░░░░░░░░░░░  30%  Streaming frame 1385/16394
  ███████░░░░░░░░░░░░░░░░░░  30%  Streaming frame 1386/16394
  ███████░░░░░░░░░░░░░░░░░░  30%  Streaming frame 1387/16394
  ███████░░░░░░░░░░░░░░░░░░  30%  Streaming frame 1388/16394
  ███████░░░░░░░░░░░░░░░░░░  30%  Streaming frame 1389/16394
  ███████░░░░░░░░░░░░░░░░░░  30%  Streaming frame 1390/16394
  ███████░░░░░░░░░░░░░░░░░░  30%  Streaming frame 1391/16394
  ███████░░░░░░░░░░░░░░░░░░  30%  Streaming frame 1392/16394
  ███████░░░░░░░░░░░░░░░░░░  30%  Streaming frame 1393/16394
  ███████░░░░░░░░░░░░░░░░░░  30%  Streaming frame 1394/16394
  ███████░░░░░░░░░░░░░░░░░░  30%  Streaming frame 1395/16394
  ███████░░░░░░░░░░░░░░░░░░  30%  Streaming frame 1396/16394
  ███████░░░░░░░░░░░░░░░░░░  30%  Streaming frame 1397/16394
[INFO] [Render:trace] {"renderJobId":"e8f02bd8-eb11-48f0-81ac-0e0c97138008","phase":"capture_streaming","status":"checkpoint","elapsedMs":255404,"message":"stage still running","stagePhase":"capturing","workerCount":1,"forceScreenshot":true,"totalFrames":16394,"framesCompleted":1397,"captureMode":"screenshot","captureOperation":"captureScreenshot","heartbeatIndex":4,"stageElapsedMs":239984}
  ███████░░░░░░░░░░░░░░░░░░  30%  Streaming frame 1398/16394
  ███████░░░░░░░░░░░░░░░░░░  30%  Streaming frame 1399/16394
  ███████░░░░░░░░░░░░░░░░░░  30%  Streaming frame 1400/16394
  ███████░░░░░░░░░░░░░░░░░░  30%  Streaming frame 1401/16394
  ███████░░░░░░░░░░░░░░░░░░  30%  Streaming frame 1402/16394
  ███████░░░░░░░░░░░░░░░░░░  30%  Streaming frame 1403/16394
  ███████░░░░░░░░░░░░░░░░░░  30%  Streaming frame 1404/16394
  ███████░░░░░░░░░░░░░░░░░░  30%  Streaming frame 1405/16394
  ███████░░░░░░░░░░░░░░░░░░  30%  Streaming frame 1406/16394
  ███████░░░░░░░░░░░░░░░░░░  30%  Streaming frame 1407/16394
  ███████░░░░░░░░░░░░░░░░░░  30%  Streaming frame 1408/16394
  ███████░░░░░░░░░░░░░░░░░░  30%  Streaming frame 1409/16394
  ███████░░░░░░░░░░░░░░░░░░  30%  Streaming frame 1410/16394
  ███████░░░░░░░░░░░░░░░░░░  30%  Streaming frame 1411/16394
  ███████░░░░░░░░░░░░░░░░░░  30%  Streaming frame 1412/16394
  ███████░░░░░░░░░░░░░░░░░░  30%  Streaming frame 1413/16394
  ███████░░░░░░░░░░░░░░░░░░  30%  Streaming frame 1414/16394
  ███████░░░░░░░░░░░░░░░░░░  30%  Streaming frame 1415/16394
  ███████░░░░░░░░░░░░░░░░░░  30%  Streaming frame 1416/16394
  ███████░░░░░░░░░░░░░░░░░░  30%  Streaming frame 1417/16394
  ███████░░░░░░░░░░░░░░░░░░  30%  Streaming frame 1418/16394
  ███████░░░░░░░░░░░░░░░░░░  30%  Streaming frame 1419/16394
  ███████░░░░░░░░░░░░░░░░░░  30%  Streaming frame 1420/16394
  ███████░░░░░░░░░░░░░░░░░░  30%  Streaming frame 1421/16394
  ███████░░░░░░░░░░░░░░░░░░  30%  Streaming frame 1422/16394
  ███████░░░░░░░░░░░░░░░░░░  30%  Streaming frame 1423/16394
  ███████░░░░░░░░░░░░░░░░░░  30%  Streaming frame 1424/16394
  ███████░░░░░░░░░░░░░░░░░░  30%  Streaming frame 1425/16394
  ███████░░░░░░░░░░░░░░░░░░  30%  Streaming frame 1426/16394
  ███████░░░░░░░░░░░░░░░░░░  30%  Streaming frame 1427/16394
  ███████░░░░░░░░░░░░░░░░░░  30%  Streaming frame 1428/16394
  ███████░░░░░░░░░░░░░░░░░░  30%  Streaming frame 1429/16394
  ███████░░░░░░░░░░░░░░░░░░  30%  Streaming frame 1430/16394
  ███████░░░░░░░░░░░░░░░░░░  30%  Streaming frame 1431/16394
  ███████░░░░░░░░░░░░░░░░░░  30%  Streaming frame 1432/16394
  ███████░░░░░░░░░░░░░░░░░░  30%  Streaming frame 1433/16394
  ███████░░░░░░░░░░░░░░░░░░  30%  Streaming frame 1434/16394
  ███████░░░░░░░░░░░░░░░░░░  30%  Streaming frame 1435/16394
  ███████░░░░░░░░░░░░░░░░░░  30%  Streaming frame 1436/16394
  ███████░░░░░░░░░░░░░░░░░░  30%  Streaming frame 1437/16394
  ███████░░░░░░░░░░░░░░░░░░  30%  Streaming frame 1438/16394
  ███████░░░░░░░░░░░░░░░░░░  30%  Streaming frame 1439/16394
  ███████░░░░░░░░░░░░░░░░░░  30%  Streaming frame 1440/16394
  ███████░░░░░░░░░░░░░░░░░░  30%  Streaming frame 1441/16394
  ███████░░░░░░░░░░░░░░░░░░  30%  Streaming frame 1442/16394
  ███████░░░░░░░░░░░░░░░░░░  30%  Streaming frame 1443/16394
  ███████░░░░░░░░░░░░░░░░░░  30%  Streaming frame 1444/16394
  ███████░░░░░░░░░░░░░░░░░░  30%  Streaming frame 1445/16394
  ███████░░░░░░░░░░░░░░░░░░  30%  Streaming frame 1446/16394
  ███████░░░░░░░░░░░░░░░░░░  30%  Streaming frame 1447/16394
  ███████░░░░░░░░░░░░░░░░░░  30%  Streaming frame 1448/16394
  ███████░░░░░░░░░░░░░░░░░░  30%  Streaming frame 1449/16394
  ███████░░░░░░░░░░░░░░░░░░  30%  Streaming frame 1450/16394
  ███████░░░░░░░░░░░░░░░░░░  30%  Streaming frame 1451/16394
  ███████░░░░░░░░░░░░░░░░░░  30%  Streaming frame 1452/16394
  ███████░░░░░░░░░░░░░░░░░░  30%  Streaming frame 1453/16394
  ███████░░░░░░░░░░░░░░░░░░  30%  Streaming frame 1454/16394
  ███████░░░░░░░░░░░░░░░░░░  30%  Streaming frame 1455/16394
  ███████░░░░░░░░░░░░░░░░░░  30%  Streaming frame 1456/16394
  ███████░░░░░░░░░░░░░░░░░░  30%  Streaming frame 1457/16394
  ███████░░░░░░░░░░░░░░░░░░  30%  Streaming frame 1458/16394
  ███████░░░░░░░░░░░░░░░░░░  30%  Streaming frame 1459/16394
  ███████░░░░░░░░░░░░░░░░░░  30%  Streaming frame 1460/16394
  ███████░░░░░░░░░░░░░░░░░░  30%  Streaming frame 1461/16394
  ███████░░░░░░░░░░░░░░░░░░  30%  Streaming frame 1462/16394
  ███████░░░░░░░░░░░░░░░░░░  30%  Streaming frame 1463/16394
  ███████░░░░░░░░░░░░░░░░░░  30%  Streaming frame 1464/16394
  ███████░░░░░░░░░░░░░░░░░░  30%  Streaming frame 1465/16394
  ███████░░░░░░░░░░░░░░░░░░  30%  Streaming frame 1466/16394
  ███████░░░░░░░░░░░░░░░░░░  30%  Streaming frame 1467/16394
  ███████░░░░░░░░░░░░░░░░░░  30%  Streaming frame 1468/16394
  ███████░░░░░░░░░░░░░░░░░░  30%  Streaming frame 1469/16394
  ███████░░░░░░░░░░░░░░░░░░  30%  Streaming frame 1470/16394
  ███████░░░░░░░░░░░░░░░░░░  30%  Streaming frame 1471/16394
  ███████░░░░░░░░░░░░░░░░░░  30%  Streaming frame 1472/16394
  ███████░░░░░░░░░░░░░░░░░░  30%  Streaming frame 1473/16394
  ███████░░░░░░░░░░░░░░░░░░  30%  Streaming frame 1474/16394
  ███████░░░░░░░░░░░░░░░░░░  30%  Streaming frame 1475/16394
  ███████░░░░░░░░░░░░░░░░░░  30%  Streaming frame 1476/16394
  ███████░░░░░░░░░░░░░░░░░░  30%  Streaming frame 1477/16394
  ███████░░░░░░░░░░░░░░░░░░  30%  Streaming frame 1478/16394
  ███████░░░░░░░░░░░░░░░░░░  30%  Streaming frame 1479/16394
  ███████░░░░░░░░░░░░░░░░░░  30%  Streaming frame 1480/16394
  ███████░░░░░░░░░░░░░░░░░░  30%  Streaming frame 1481/16394
  ███████░░░░░░░░░░░░░░░░░░  30%  Streaming frame 1482/16394
  ███████░░░░░░░░░░░░░░░░░░  30%  Streaming frame 1483/16394
  ███████░░░░░░░░░░░░░░░░░░  30%  Streaming frame 1484/16394
  ███████░░░░░░░░░░░░░░░░░░  30%  Streaming frame 1485/16394
  ███████░░░░░░░░░░░░░░░░░░  30%  Streaming frame 1486/16394
  ███████░░░░░░░░░░░░░░░░░░  30%  Streaming frame 1487/16394
  ███████░░░░░░░░░░░░░░░░░░  30%  Streaming frame 1488/16394
  ███████░░░░░░░░░░░░░░░░░░  30%  Streaming frame 1489/16394
  ███████░░░░░░░░░░░░░░░░░░  30%  Streaming frame 1490/16394
  ███████░░░░░░░░░░░░░░░░░░  30%  Streaming frame 1491/16394
  ███████░░░░░░░░░░░░░░░░░░  30%  Streaming frame 1492/16394
  ███████░░░░░░░░░░░░░░░░░░  30%  Streaming frame 1493/16394
  ███████░░░░░░░░░░░░░░░░░░  30%  Streaming frame 1494/16394
  ███████░░░░░░░░░░░░░░░░░░  30%  Streaming frame 1495/16394
  ███████░░░░░░░░░░░░░░░░░░  30%  Streaming frame 1496/16394
  ███████░░░░░░░░░░░░░░░░░░  30%  Streaming frame 1497/16394
  ███████░░░░░░░░░░░░░░░░░░  30%  Streaming frame 1498/16394
  ███████░░░░░░░░░░░░░░░░░░  30%  Streaming frame 1499/16394
  ███████░░░░░░░░░░░░░░░░░░  30%  Streaming frame 1500/16394
  ███████░░░░░░░░░░░░░░░░░░  30%  Streaming frame 1501/16394
  ███████░░░░░░░░░░░░░░░░░░  30%  Streaming frame 1502/16394
  ███████░░░░░░░░░░░░░░░░░░  30%  Streaming frame 1503/16394
  ███████░░░░░░░░░░░░░░░░░░  30%  Streaming frame 1504/16394
  ███████░░░░░░░░░░░░░░░░░░  30%  Streaming frame 1505/16394
  ███████░░░░░░░░░░░░░░░░░░  30%  Streaming frame 1506/16394
  ███████░░░░░░░░░░░░░░░░░░  30%  Streaming frame 1507/16394
  ███████░░░░░░░░░░░░░░░░░░  30%  Streaming frame 1508/16394
  ███████░░░░░░░░░░░░░░░░░░  30%  Streaming frame 1509/16394
  ███████░░░░░░░░░░░░░░░░░░  30%  Streaming frame 1510/16394
  ███████░░░░░░░░░░░░░░░░░░  30%  Streaming frame 1511/16394
  ███████░░░░░░░░░░░░░░░░░░  30%  Streaming frame 1512/16394
  ███████░░░░░░░░░░░░░░░░░░  30%  Streaming frame 1513/16394
  ███████░░░░░░░░░░░░░░░░░░  30%  Streaming frame 1514/16394
  ███████░░░░░░░░░░░░░░░░░░  30%  Streaming frame 1515/16394
  ███████░░░░░░░░░░░░░░░░░░  30%  Streaming frame 1516/16394
  ███████░░░░░░░░░░░░░░░░░░  30%  Streaming frame 1517/16394
  ███████░░░░░░░░░░░░░░░░░░  30%  Streaming frame 1518/16394
  ███████░░░░░░░░░░░░░░░░░░  30%  Streaming frame 1519/16394
  ███████░░░░░░░░░░░░░░░░░░  30%  Streaming frame 1520/16394
  ███████░░░░░░░░░░░░░░░░░░  30%  Streaming frame 1521/16394
  ███████░░░░░░░░░░░░░░░░░░  30%  Streaming frame 1522/16394
  ███████░░░░░░░░░░░░░░░░░░  30%  Streaming frame 1523/16394
  ███████░░░░░░░░░░░░░░░░░░  30%  Streaming frame 1524/16394
  ███████░░░░░░░░░░░░░░░░░░  30%  Streaming frame 1525/16394
  ███████░░░░░░░░░░░░░░░░░░  30%  Streaming frame 1526/16394
  ███████░░░░░░░░░░░░░░░░░░  30%  Streaming frame 1527/16394
  ███████░░░░░░░░░░░░░░░░░░  30%  Streaming frame 1528/16394
  ███████░░░░░░░░░░░░░░░░░░  30%  Streaming frame 1529/16394
  ███████░░░░░░░░░░░░░░░░░░  30%  Streaming frame 1530/16394
  ███████░░░░░░░░░░░░░░░░░░  30%  Streaming frame 1531/16394
  ███████░░░░░░░░░░░░░░░░░░  30%  Streaming frame 1532/16394
  ███████░░░░░░░░░░░░░░░░░░  30%  Streaming frame 1533/16394
  ███████░░░░░░░░░░░░░░░░░░  30%  Streaming frame 1534/16394
  ███████░░░░░░░░░░░░░░░░░░  30%  Streaming frame 1535/16394
  ███████░░░░░░░░░░░░░░░░░░  30%  Streaming frame 1536/16394
  ███████░░░░░░░░░░░░░░░░░░  30%  Streaming frame 1537/16394
  ███████░░░░░░░░░░░░░░░░░░  30%  Streaming frame 1538/16394
  ███████░░░░░░░░░░░░░░░░░░  30%  Streaming frame 1539/16394
  ███████░░░░░░░░░░░░░░░░░░  30%  Streaming frame 1540/16394
  ███████░░░░░░░░░░░░░░░░░░  30%  Streaming frame 1541/16394
  ███████░░░░░░░░░░░░░░░░░░  30%  Streaming frame 1542/16394
  ███████░░░░░░░░░░░░░░░░░░  30%  Streaming frame 1543/16394
  ███████░░░░░░░░░░░░░░░░░░  30%  Streaming frame 1544/16394
  ███████░░░░░░░░░░░░░░░░░░  30%  Streaming frame 1545/16394
  ███████░░░░░░░░░░░░░░░░░░  30%  Streaming frame 1546/16394
  ███████░░░░░░░░░░░░░░░░░░  30%  Streaming frame 1547/16394
  ███████░░░░░░░░░░░░░░░░░░  30%  Streaming frame 1548/16394
  ███████░░░░░░░░░░░░░░░░░░  30%  Streaming frame 1549/16394
  ███████░░░░░░░░░░░░░░░░░░  30%  Streaming frame 1550/16394
  ███████░░░░░░░░░░░░░░░░░░  30%  Streaming frame 1551/16394
  ███████░░░░░░░░░░░░░░░░░░  30%  Streaming frame 1552/16394
  ███████░░░░░░░░░░░░░░░░░░  30%  Streaming frame 1553/16394
  ███████░░░░░░░░░░░░░░░░░░  30%  Streaming frame 1554/16394
  ███████░░░░░░░░░░░░░░░░░░  30%  Streaming frame 1555/16394
  ███████░░░░░░░░░░░░░░░░░░  30%  Streaming frame 1556/16394
  ███████░░░░░░░░░░░░░░░░░░  30%  Streaming frame 1557/16394
  ███████░░░░░░░░░░░░░░░░░░  30%  Streaming frame 1558/16394
  ███████░░░░░░░░░░░░░░░░░░  30%  Streaming frame 1559/16394
  ███████░░░░░░░░░░░░░░░░░░  30%  Streaming frame 1560/16394
  ███████░░░░░░░░░░░░░░░░░░  30%  Streaming frame 1561/16394
  ███████░░░░░░░░░░░░░░░░░░  30%  Streaming frame 1562/16394
  ███████░░░░░░░░░░░░░░░░░░  30%  Streaming frame 1563/16394
  ███████░░░░░░░░░░░░░░░░░░  30%  Streaming frame 1564/16394
  ███████░░░░░░░░░░░░░░░░░░  30%  Streaming frame 1565/16394
  ███████░░░░░░░░░░░░░░░░░░  30%  Streaming frame 1566/16394
  ███████░░░░░░░░░░░░░░░░░░  30%  Streaming frame 1567/16394
  ███████░░░░░░░░░░░░░░░░░░  30%  Streaming frame 1568/16394
  ███████░░░░░░░░░░░░░░░░░░  30%  Streaming frame 1569/16394
  ███████░░░░░░░░░░░░░░░░░░  30%  Streaming frame 1570/16394
  ███████░░░░░░░░░░░░░░░░░░  30%  Streaming frame 1571/16394
  ███████░░░░░░░░░░░░░░░░░░  30%  Streaming frame 1572/16394
  ███████░░░░░░░░░░░░░░░░░░  30%  Streaming frame 1573/16394
  ███████░░░░░░░░░░░░░░░░░░  30%  Streaming frame 1574/16394
  ███████░░░░░░░░░░░░░░░░░░  30%  Streaming frame 1575/16394
  ███████░░░░░░░░░░░░░░░░░░  30%  Streaming frame 1576/16394
  ███████░░░░░░░░░░░░░░░░░░  30%  Streaming frame 1577/16394
  ███████░░░░░░░░░░░░░░░░░░  30%  Streaming frame 1578/16394
  ███████░░░░░░░░░░░░░░░░░░  30%  Streaming frame 1579/16394
  ███████░░░░░░░░░░░░░░░░░░  30%  Streaming frame 1580/16394
  ███████░░░░░░░░░░░░░░░░░░  30%  Streaming frame 1581/16394
  ███████░░░░░░░░░░░░░░░░░░  30%  Streaming frame 1582/16394
  ███████░░░░░░░░░░░░░░░░░░  30%  Streaming frame 1583/16394
  ███████░░░░░░░░░░░░░░░░░░  30%  Streaming frame 1584/16394
  ███████░░░░░░░░░░░░░░░░░░  30%  Streaming frame 1585/16394
  ███████░░░░░░░░░░░░░░░░░░  30%  Streaming frame 1586/16394
  ███████░░░░░░░░░░░░░░░░░░  30%  Streaming frame 1587/16394
  ███████░░░░░░░░░░░░░░░░░░  30%  Streaming frame 1588/16394
  ███████░░░░░░░░░░░░░░░░░░  30%  Streaming frame 1589/16394
  ███████░░░░░░░░░░░░░░░░░░  30%  Streaming frame 1590/16394
  ███████░░░░░░░░░░░░░░░░░░  30%  Streaming frame 1591/16394
  ███████░░░░░░░░░░░░░░░░░░  30%  Streaming frame 1592/16394
  ███████░░░░░░░░░░░░░░░░░░  30%  Streaming frame 1593/16394
  ███████░░░░░░░░░░░░░░░░░░  30%  Streaming frame 1594/16394
  ███████░░░░░░░░░░░░░░░░░░  30%  Streaming frame 1595/16394
  ███████░░░░░░░░░░░░░░░░░░  30%  Streaming frame 1596/16394
  ███████░░░░░░░░░░░░░░░░░░  30%  Streaming frame 1597/16394
  ███████░░░░░░░░░░░░░░░░░░  30%  Streaming frame 1598/16394
  ███████░░░░░░░░░░░░░░░░░░  30%  Streaming frame 1599/16394
  ███████░░░░░░░░░░░░░░░░░░  30%  Streaming frame 1600/16394
  ███████░░░░░░░░░░░░░░░░░░  30%  Streaming frame 1601/16394
  ███████░░░░░░░░░░░░░░░░░░  30%  Streaming frame 1602/16394
  ███████░░░░░░░░░░░░░░░░░░  30%  Streaming frame 1603/16394
  ███████░░░░░░░░░░░░░░░░░░  30%  Streaming frame 1604/16394
  ███████░░░░░░░░░░░░░░░░░░  30%  Streaming frame 1605/16394
  ███████░░░░░░░░░░░░░░░░░░  30%  Streaming frame 1606/16394
  ███████░░░░░░░░░░░░░░░░░░  30%  Streaming frame 1607/16394
  ███████░░░░░░░░░░░░░░░░░░  30%  Streaming frame 1608/16394
  ███████░░░░░░░░░░░░░░░░░░  30%  Streaming frame 1609/16394
  ███████░░░░░░░░░░░░░░░░░░  30%  Streaming frame 1610/16394
  ███████░░░░░░░░░░░░░░░░░░  30%  Streaming frame 1611/16394
  ███████░░░░░░░░░░░░░░░░░░  30%  Streaming frame 1612/16394
  ███████░░░░░░░░░░░░░░░░░░  30%  Streaming frame 1613/16394
  ███████░░░░░░░░░░░░░░░░░░  30%  Streaming frame 1614/16394
  ███████░░░░░░░░░░░░░░░░░░  30%  Streaming frame 1615/16394
  ███████░░░░░░░░░░░░░░░░░░  30%  Streaming frame 1616/16394
  ███████░░░░░░░░░░░░░░░░░░  30%  Streaming frame 1617/16394
  ███████░░░░░░░░░░░░░░░░░░  30%  Streaming frame 1618/16394
  ███████░░░░░░░░░░░░░░░░░░  30%  Streaming frame 1619/16394
  ███████░░░░░░░░░░░░░░░░░░  30%  Streaming frame 1620/16394
  ███████░░░░░░░░░░░░░░░░░░  30%  Streaming frame 1621/16394
  ███████░░░░░░░░░░░░░░░░░░  30%  Streaming frame 1622/16394
  ███████░░░░░░░░░░░░░░░░░░  30%  Streaming frame 1623/16394
  ███████░░░░░░░░░░░░░░░░░░  30%  Streaming frame 1624/16394
  ███████░░░░░░░░░░░░░░░░░░  30%  Streaming frame 1625/16394
  ███████░░░░░░░░░░░░░░░░░░  30%  Streaming frame 1626/16394
  ███████░░░░░░░░░░░░░░░░░░  30%  Streaming frame 1627/16394
  ███████░░░░░░░░░░░░░░░░░░  30%  Streaming frame 1628/16394
  ███████░░░░░░░░░░░░░░░░░░  30%  Streaming frame 1629/16394
  ███████░░░░░░░░░░░░░░░░░░  30%  Streaming frame 1630/16394
  ███████░░░░░░░░░░░░░░░░░░  30%  Streaming frame 1631/16394
  ███████░░░░░░░░░░░░░░░░░░  30%  Streaming frame 1632/16394
  ███████░░░░░░░░░░░░░░░░░░  30%  Streaming frame 1633/16394
  ███████░░░░░░░░░░░░░░░░░░  30%  Streaming frame 1634/16394
  ███████░░░░░░░░░░░░░░░░░░  30%  Streaming frame 1635/16394
  ███████░░░░░░░░░░░░░░░░░░  30%  Streaming frame 1636/16394
  ███████░░░░░░░░░░░░░░░░░░  30%  Streaming frame 1637/16394
  ███████░░░░░░░░░░░░░░░░░░  30%  Streaming frame 1638/16394
  ███████░░░░░░░░░░░░░░░░░░  30%  Streaming frame 1639/16394
  ███████░░░░░░░░░░░░░░░░░░  31%  Streaming frame 1640/16394
  ███████░░░░░░░░░░░░░░░░░░  31%  Streaming frame 1641/16394
  ███████░░░░░░░░░░░░░░░░░░  31%  Streaming frame 1642/16394
  ███████░░░░░░░░░░░░░░░░░░  31%  Streaming frame 1643/16394
  ███████░░░░░░░░░░░░░░░░░░  31%  Streaming frame 1644/16394
  ███████░░░░░░░░░░░░░░░░░░  31%  Streaming frame 1645/16394
  ███████░░░░░░░░░░░░░░░░░░  31%  Streaming frame 1646/16394
  ███████░░░░░░░░░░░░░░░░░░  31%  Streaming frame 1647/16394
  ███████░░░░░░░░░░░░░░░░░░  31%  Streaming frame 1648/16394
  ███████░░░░░░░░░░░░░░░░░░  31%  Streaming frame 1649/16394
  ███████░░░░░░░░░░░░░░░░░░  31%  Streaming frame 1650/16394
  ███████░░░░░░░░░░░░░░░░░░  31%  Streaming frame 1651/16394
  ███████░░░░░░░░░░░░░░░░░░  31%  Streaming frame 1652/16394
  ███████░░░░░░░░░░░░░░░░░░  31%  Streaming frame 1653/16394
  ███████░░░░░░░░░░░░░░░░░░  31%  Streaming frame 1654/16394
  ███████░░░░░░░░░░░░░░░░░░  31%  Streaming frame 1655/16394
  ███████░░░░░░░░░░░░░░░░░░  31%  Streaming frame 1656/16394
  ███████░░░░░░░░░░░░░░░░░░  31%  Streaming frame 1657/16394
  ███████░░░░░░░░░░░░░░░░░░  31%  Streaming frame 1658/16394
  ███████░░░░░░░░░░░░░░░░░░  31%  Streaming frame 1659/16394
  ███████░░░░░░░░░░░░░░░░░░  31%  Streaming frame 1660/16394
  ███████░░░░░░░░░░░░░░░░░░  31%  Streaming frame 1661/16394
  ███████░░░░░░░░░░░░░░░░░░  31%  Streaming frame 1662/16394
  ███████░░░░░░░░░░░░░░░░░░  31%  Streaming frame 1663/16394
  ███████░░░░░░░░░░░░░░░░░░  31%  Streaming frame 1664/16394
  ███████░░░░░░░░░░░░░░░░░░  31%  Streaming frame 1665/16394
  ███████░░░░░░░░░░░░░░░░░░  31%  Streaming frame 1666/16394
  ███████░░░░░░░░░░░░░░░░░░  31%  Streaming frame 1667/16394
  ███████░░░░░░░░░░░░░░░░░░  31%  Streaming frame 1668/16394
  ███████░░░░░░░░░░░░░░░░░░  31%  Streaming frame 1669/16394
  ███████░░░░░░░░░░░░░░░░░░  31%  Streaming frame 1670/16394
  ███████░░░░░░░░░░░░░░░░░░  31%  Streaming frame 1671/16394
  ███████░░░░░░░░░░░░░░░░░░  31%  Streaming frame 1672/16394
  ███████░░░░░░░░░░░░░░░░░░  31%  Streaming frame 1673/16394
  ███████░░░░░░░░░░░░░░░░░░  31%  Streaming frame 1674/16394
  ███████░░░░░░░░░░░░░░░░░░  31%  Streaming frame 1675/16394
  ███████░░░░░░░░░░░░░░░░░░  31%  Streaming frame 1676/16394
  ███████░░░░░░░░░░░░░░░░░░  31%  Streaming frame 1677/16394
  ███████░░░░░░░░░░░░░░░░░░  31%  Streaming frame 1678/16394
  ███████░░░░░░░░░░░░░░░░░░  31%  Streaming frame 1679/16394
  ███████░░░░░░░░░░░░░░░░░░  31%  Streaming frame 1680/16394
  ███████░░░░░░░░░░░░░░░░░░  31%  Streaming frame 1681/16394
  ███████░░░░░░░░░░░░░░░░░░  31%  Streaming frame 1682/16394
  ███████░░░░░░░░░░░░░░░░░░  31%  Streaming frame 1683/16394
  ███████░░░░░░░░░░░░░░░░░░  31%  Streaming frame 1684/16394
  ███████░░░░░░░░░░░░░░░░░░  31%  Streaming frame 1685/16394
  ███████░░░░░░░░░░░░░░░░░░  31%  Streaming frame 1686/16394
  ███████░░░░░░░░░░░░░░░░░░  31%  Streaming frame 1687/16394
  ███████░░░░░░░░░░░░░░░░░░  31%  Streaming frame 1688/16394
  ███████░░░░░░░░░░░░░░░░░░  31%  Streaming frame 1689/16394
  ███████░░░░░░░░░░░░░░░░░░  31%  Streaming frame 1690/16394
  ███████░░░░░░░░░░░░░░░░░░  31%  Streaming frame 1691/16394
  ███████░░░░░░░░░░░░░░░░░░  31%  Streaming frame 1692/16394
  ███████░░░░░░░░░░░░░░░░░░  31%  Streaming frame 1693/16394
  ███████░░░░░░░░░░░░░░░░░░  31%  Streaming frame 1694/16394
  ███████░░░░░░░░░░░░░░░░░░  31%  Streaming frame 1695/16394
  ███████░░░░░░░░░░░░░░░░░░  31%  Streaming frame 1696/16394
  ███████░░░░░░░░░░░░░░░░░░  31%  Streaming frame 1697/16394
  ███████░░░░░░░░░░░░░░░░░░  31%  Streaming frame 1698/16394
  ███████░░░░░░░░░░░░░░░░░░  31%  Streaming frame 1699/16394
  ███████░░░░░░░░░░░░░░░░░░  31%  Streaming frame 1700/16394
  ███████░░░░░░░░░░░░░░░░░░  31%  Streaming frame 1701/16394
  ███████░░░░░░░░░░░░░░░░░░  31%  Streaming frame 1702/16394
  ███████░░░░░░░░░░░░░░░░░░  31%  Streaming frame 1703/16394
  ███████░░░░░░░░░░░░░░░░░░  31%  Streaming frame 1704/16394
  ███████░░░░░░░░░░░░░░░░░░  31%  Streaming frame 1705/16394
  ███████░░░░░░░░░░░░░░░░░░  31%  Streaming frame 1706/16394
  ███████░░░░░░░░░░░░░░░░░░  31%  Streaming frame 1707/16394
  ███████░░░░░░░░░░░░░░░░░░  31%  Streaming frame 1708/16394
  ███████░░░░░░░░░░░░░░░░░░  31%  Streaming frame 1709/16394
  ███████░░░░░░░░░░░░░░░░░░  31%  Streaming frame 1710/16394
  ███████░░░░░░░░░░░░░░░░░░  31%  Streaming frame 1711/16394
  ███████░░░░░░░░░░░░░░░░░░  31%  Streaming frame 1712/16394
  ███████░░░░░░░░░░░░░░░░░░  31%  Streaming frame 1713/16394
  ███████░░░░░░░░░░░░░░░░░░  31%  Streaming frame 1714/16394
  ███████░░░░░░░░░░░░░░░░░░  31%  Streaming frame 1715/16394
  ███████░░░░░░░░░░░░░░░░░░  31%  Streaming frame 1716/16394
  ███████░░░░░░░░░░░░░░░░░░  31%  Streaming frame 1717/16394
  ███████░░░░░░░░░░░░░░░░░░  31%  Streaming frame 1718/16394
  ███████░░░░░░░░░░░░░░░░░░  31%  Streaming frame 1719/16394
  ███████░░░░░░░░░░░░░░░░░░  31%  Streaming frame 1720/16394
  ███████░░░░░░░░░░░░░░░░░░  31%  Streaming frame 1721/16394
  ███████░░░░░░░░░░░░░░░░░░  31%  Streaming frame 1722/16394
  ███████░░░░░░░░░░░░░░░░░░  31%  Streaming frame 1723/16394
  ███████░░░░░░░░░░░░░░░░░░  31%  Streaming frame 1724/16394
  ███████░░░░░░░░░░░░░░░░░░  31%  Streaming frame 1725/16394
  ███████░░░░░░░░░░░░░░░░░░  31%  Streaming frame 1726/16394
  ███████░░░░░░░░░░░░░░░░░░  31%  Streaming frame 1727/16394
  ███████░░░░░░░░░░░░░░░░░░  31%  Streaming frame 1728/16394
  ███████░░░░░░░░░░░░░░░░░░  31%  Streaming frame 1729/16394
  ███████░░░░░░░░░░░░░░░░░░  31%  Streaming frame 1730/16394
  ███████░░░░░░░░░░░░░░░░░░  31%  Streaming frame 1731/16394
  ███████░░░░░░░░░░░░░░░░░░  31%  Streaming frame 1732/16394
  ███████░░░░░░░░░░░░░░░░░░  31%  Streaming frame 1733/16394
  ███████░░░░░░░░░░░░░░░░░░  31%  Streaming frame 1734/16394
  ███████░░░░░░░░░░░░░░░░░░  31%  Streaming frame 1735/16394
  ███████░░░░░░░░░░░░░░░░░░  31%  Streaming frame 1736/16394
  ███████░░░░░░░░░░░░░░░░░░  31%  Streaming frame 1737/16394
  ███████░░░░░░░░░░░░░░░░░░  31%  Streaming frame 1738/16394
  ███████░░░░░░░░░░░░░░░░░░  31%  Streaming frame 1739/16394
  ███████░░░░░░░░░░░░░░░░░░  31%  Streaming frame 1740/16394
  ███████░░░░░░░░░░░░░░░░░░  31%  Streaming frame 1741/16394
  ███████░░░░░░░░░░░░░░░░░░  31%  Streaming frame 1742/16394
  ███████░░░░░░░░░░░░░░░░░░  31%  Streaming frame 1743/16394
  ███████░░░░░░░░░░░░░░░░░░  31%  Streaming frame 1744/16394
  ███████░░░░░░░░░░░░░░░░░░  31%  Streaming frame 1745/16394
  ███████░░░░░░░░░░░░░░░░░░  31%  Streaming frame 1746/16394
  ███████░░░░░░░░░░░░░░░░░░  31%  Streaming frame 1747/16394
  ███████░░░░░░░░░░░░░░░░░░  31%  Streaming frame 1748/16394
  ███████░░░░░░░░░░░░░░░░░░  31%  Streaming frame 1749/16394
  ███████░░░░░░░░░░░░░░░░░░  31%  Streaming frame 1750/16394
  ███████░░░░░░░░░░░░░░░░░░  31%  Streaming frame 1751/16394
  ███████░░░░░░░░░░░░░░░░░░  31%  Streaming frame 1752/16394
  ███████░░░░░░░░░░░░░░░░░░  31%  Streaming frame 1753/16394
  ███████░░░░░░░░░░░░░░░░░░  31%  Streaming frame 1754/16394
  ███████░░░░░░░░░░░░░░░░░░  31%  Streaming frame 1755/16394
  ███████░░░░░░░░░░░░░░░░░░  31%  Streaming frame 1756/16394
  ███████░░░░░░░░░░░░░░░░░░  31%  Streaming frame 1757/16394
  ███████░░░░░░░░░░░░░░░░░░  31%  Streaming frame 1758/16394
  ███████░░░░░░░░░░░░░░░░░░  31%  Streaming frame 1759/16394
  ███████░░░░░░░░░░░░░░░░░░  31%  Streaming frame 1760/16394
  ███████░░░░░░░░░░░░░░░░░░  31%  Streaming frame 1761/16394
  ███████░░░░░░░░░░░░░░░░░░  31%  Streaming frame 1762/16394
  ███████░░░░░░░░░░░░░░░░░░  31%  Streaming frame 1763/16394
  ███████░░░░░░░░░░░░░░░░░░  31%  Streaming frame 1764/16394
  ███████░░░░░░░░░░░░░░░░░░  31%  Streaming frame 1765/16394
  ███████░░░░░░░░░░░░░░░░░░  31%  Streaming frame 1766/16394
  ███████░░░░░░░░░░░░░░░░░░  31%  Streaming frame 1767/16394
  ███████░░░░░░░░░░░░░░░░░░  31%  Streaming frame 1768/16394
  ███████░░░░░░░░░░░░░░░░░░  31%  Streaming frame 1769/16394
  ███████░░░░░░░░░░░░░░░░░░  31%  Streaming frame 1770/16394
  ███████░░░░░░░░░░░░░░░░░░  31%  Streaming frame 1771/16394
  ███████░░░░░░░░░░░░░░░░░░  31%  Streaming frame 1772/16394
  ███████░░░░░░░░░░░░░░░░░░  31%  Streaming frame 1773/16394
  ███████░░░░░░░░░░░░░░░░░░  31%  Streaming frame 1774/16394
  ███████░░░░░░░░░░░░░░░░░░  31%  Streaming frame 1775/16394
  ███████░░░░░░░░░░░░░░░░░░  31%  Streaming frame 1776/16394
  ███████░░░░░░░░░░░░░░░░░░  31%  Streaming frame 1777/16394
  ███████░░░░░░░░░░░░░░░░░░  31%  Streaming frame 1778/16394
  ███████░░░░░░░░░░░░░░░░░░  31%  Streaming frame 1779/16394
  ███████░░░░░░░░░░░░░░░░░░  31%  Streaming frame 1780/16394
  ███████░░░░░░░░░░░░░░░░░░  31%  Streaming frame 1781/16394
  ███████░░░░░░░░░░░░░░░░░░  31%  Streaming frame 1782/16394
  ███████░░░░░░░░░░░░░░░░░░  31%  Streaming frame 1783/16394
  ███████░░░░░░░░░░░░░░░░░░  31%  Streaming frame 1784/16394
  ███████░░░░░░░░░░░░░░░░░░  31%  Streaming frame 1785/16394
  ███████░░░░░░░░░░░░░░░░░░  31%  Streaming frame 1786/16394
  ███████░░░░░░░░░░░░░░░░░░  31%  Streaming frame 1787/16394
  ███████░░░░░░░░░░░░░░░░░░  31%  Streaming frame 1788/16394
  ███████░░░░░░░░░░░░░░░░░░  31%  Streaming frame 1789/16394
  ███████░░░░░░░░░░░░░░░░░░  31%  Streaming frame 1790/16394
  ███████░░░░░░░░░░░░░░░░░░  31%  Streaming frame 1791/16394
  ███████░░░░░░░░░░░░░░░░░░  31%  Streaming frame 1792/16394
  ███████░░░░░░░░░░░░░░░░░░  31%  Streaming frame 1793/16394
  ███████░░░░░░░░░░░░░░░░░░  31%  Streaming frame 1794/16394
  ███████░░░░░░░░░░░░░░░░░░  31%  Streaming frame 1795/16394
  ███████░░░░░░░░░░░░░░░░░░  31%  Streaming frame 1796/16394
  ███████░░░░░░░░░░░░░░░░░░  31%  Streaming frame 1797/16394
  ███████░░░░░░░░░░░░░░░░░░  31%  Streaming frame 1798/16394
  ███████░░░░░░░░░░░░░░░░░░  31%  Streaming frame 1799/16394
  ███████░░░░░░░░░░░░░░░░░░  31%  Streaming frame 1800/16394
  ███████░░░░░░░░░░░░░░░░░░  31%  Streaming frame 1801/16394
  ███████░░░░░░░░░░░░░░░░░░  31%  Streaming frame 1802/16394
  ███████░░░░░░░░░░░░░░░░░░  31%  Streaming frame 1803/16394
  ███████░░░░░░░░░░░░░░░░░░  31%  Streaming frame 1804/16394
  ███████░░░░░░░░░░░░░░░░░░  31%  Streaming frame 1805/16394
  ███████░░░░░░░░░░░░░░░░░░  31%  Streaming frame 1806/16394
  ███████░░░░░░░░░░░░░░░░░░  31%  Streaming frame 1807/16394
  ███████░░░░░░░░░░░░░░░░░░  31%  Streaming frame 1808/16394
  ███████░░░░░░░░░░░░░░░░░░  31%  Streaming frame 1809/16394
  ███████░░░░░░░░░░░░░░░░░░  31%  Streaming frame 1810/16394
  ███████░░░░░░░░░░░░░░░░░░  31%  Streaming frame 1811/16394
  ███████░░░░░░░░░░░░░░░░░░  31%  Streaming frame 1812/16394
  ███████░░░░░░░░░░░░░░░░░░  31%  Streaming frame 1813/16394
  ███████░░░░░░░░░░░░░░░░░░  31%  Streaming frame 1814/16394
  ███████░░░░░░░░░░░░░░░░░░  31%  Streaming frame 1815/16394
  ███████░░░░░░░░░░░░░░░░░░  31%  Streaming frame 1816/16394
  ███████░░░░░░░░░░░░░░░░░░  31%  Streaming frame 1817/16394
  ███████░░░░░░░░░░░░░░░░░░  31%  Streaming frame 1818/16394
  ███████░░░░░░░░░░░░░░░░░░  31%  Streaming frame 1819/16394
  ███████░░░░░░░░░░░░░░░░░░  31%  Streaming frame 1820/16394
  ███████░░░░░░░░░░░░░░░░░░  31%  Streaming frame 1821/16394
  ███████░░░░░░░░░░░░░░░░░░  31%  Streaming frame 1822/16394
  ███████░░░░░░░░░░░░░░░░░░  31%  Streaming frame 1823/16394
  ███████░░░░░░░░░░░░░░░░░░  31%  Streaming frame 1824/16394
  ███████░░░░░░░░░░░░░░░░░░  31%  Streaming frame 1825/16394
  ███████░░░░░░░░░░░░░░░░░░  31%  Streaming frame 1826/16394
  ███████░░░░░░░░░░░░░░░░░░  31%  Streaming frame 1827/16394
  ███████░░░░░░░░░░░░░░░░░░  31%  Streaming frame 1828/16394
  ███████░░░░░░░░░░░░░░░░░░  31%  Streaming frame 1829/16394
  ███████░░░░░░░░░░░░░░░░░░  31%  Streaming frame 1830/16394
  ███████░░░░░░░░░░░░░░░░░░  31%  Streaming frame 1831/16394
  ███████░░░░░░░░░░░░░░░░░░  31%  Streaming frame 1832/16394
  ███████░░░░░░░░░░░░░░░░░░  31%  Streaming frame 1833/16394
  ███████░░░░░░░░░░░░░░░░░░  31%  Streaming frame 1834/16394
  ███████░░░░░░░░░░░░░░░░░░  31%  Streaming frame 1835/16394
  ███████░░░░░░░░░░░░░░░░░░  31%  Streaming frame 1836/16394
  ███████░░░░░░░░░░░░░░░░░░  31%  Streaming frame 1837/16394
  ███████░░░░░░░░░░░░░░░░░░  31%  Streaming frame 1838/16394
  ███████░░░░░░░░░░░░░░░░░░  31%  Streaming frame 1839/16394
  ███████░░░░░░░░░░░░░░░░░░  31%  Streaming frame 1840/16394
  ███████░░░░░░░░░░░░░░░░░░  31%  Streaming frame 1841/16394
  ███████░░░░░░░░░░░░░░░░░░  31%  Streaming frame 1842/16394
  ███████░░░░░░░░░░░░░░░░░░  31%  Streaming frame 1843/16394
  ███████░░░░░░░░░░░░░░░░░░  31%  Streaming frame 1844/16394
  ███████░░░░░░░░░░░░░░░░░░  31%  Streaming frame 1845/16394
  ███████░░░░░░░░░░░░░░░░░░  31%  Streaming frame 1846/16394
  ███████░░░░░░░░░░░░░░░░░░  31%  Streaming frame 1847/16394
  ███████░░░░░░░░░░░░░░░░░░  31%  Streaming frame 1848/16394
  ███████░░░░░░░░░░░░░░░░░░  31%  Streaming frame 1849/16394
  ███████░░░░░░░░░░░░░░░░░░  31%  Streaming frame 1850/16394
  ███████░░░░░░░░░░░░░░░░░░  31%  Streaming frame 1851/16394
  ███████░░░░░░░░░░░░░░░░░░  31%  Streaming frame 1852/16394
  ███████░░░░░░░░░░░░░░░░░░  31%  Streaming frame 1853/16394
  ███████░░░░░░░░░░░░░░░░░░  31%  Streaming frame 1854/16394
  ███████░░░░░░░░░░░░░░░░░░  31%  Streaming frame 1855/16394
  ███████░░░░░░░░░░░░░░░░░░  31%  Streaming frame 1856/16394
  ███████░░░░░░░░░░░░░░░░░░  31%  Streaming frame 1857/16394
  ███████░░░░░░░░░░░░░░░░░░  31%  Streaming frame 1858/16394
  ███████░░░░░░░░░░░░░░░░░░  31%  Streaming frame 1859/16394
  ███████░░░░░░░░░░░░░░░░░░  31%  Streaming frame 1860/16394
  ███████░░░░░░░░░░░░░░░░░░  31%  Streaming frame 1861/16394
  ███████░░░░░░░░░░░░░░░░░░  31%  Streaming frame 1862/16394
  ███████░░░░░░░░░░░░░░░░░░  31%  Streaming frame 1863/16394
  ███████░░░░░░░░░░░░░░░░░░  31%  Streaming frame 1864/16394
  ███████░░░░░░░░░░░░░░░░░░  31%  Streaming frame 1865/16394
  ███████░░░░░░░░░░░░░░░░░░  31%  Streaming frame 1866/16394
  ███████░░░░░░░░░░░░░░░░░░  31%  Streaming frame 1867/16394
  ███████░░░░░░░░░░░░░░░░░░  31%  Streaming frame 1868/16394
  ███████░░░░░░░░░░░░░░░░░░  31%  Streaming frame 1869/16394
  ███████░░░░░░░░░░░░░░░░░░  31%  Streaming frame 1870/16394
  ███████░░░░░░░░░░░░░░░░░░  31%  Streaming frame 1871/16394
  ███████░░░░░░░░░░░░░░░░░░  31%  Streaming frame 1872/16394
  ███████░░░░░░░░░░░░░░░░░░  31%  Streaming frame 1873/16394
  ███████░░░░░░░░░░░░░░░░░░  31%  Streaming frame 1874/16394
  ███████░░░░░░░░░░░░░░░░░░  31%  Streaming frame 1875/16394
  ███████░░░░░░░░░░░░░░░░░░  31%  Streaming frame 1876/16394
  ███████░░░░░░░░░░░░░░░░░░  31%  Streaming frame 1877/16394
  ███████░░░░░░░░░░░░░░░░░░  31%  Streaming frame 1878/16394
  ███████░░░░░░░░░░░░░░░░░░  31%  Streaming frame 1879/16394
  ███████░░░░░░░░░░░░░░░░░░  31%  Streaming frame 1880/16394
  ███████░░░░░░░░░░░░░░░░░░  31%  Streaming frame 1881/16394
  ███████░░░░░░░░░░░░░░░░░░  31%  Streaming frame 1882/16394
  ███████░░░░░░░░░░░░░░░░░░  31%  Streaming frame 1883/16394
  ███████░░░░░░░░░░░░░░░░░░  31%  Streaming frame 1884/16394
  ███████░░░░░░░░░░░░░░░░░░  31%  Streaming frame 1885/16394
  ███████░░░░░░░░░░░░░░░░░░  31%  Streaming frame 1886/16394
  ███████░░░░░░░░░░░░░░░░░░  31%  Streaming frame 1887/16394
  ███████░░░░░░░░░░░░░░░░░░  31%  Streaming frame 1888/16394
  ███████░░░░░░░░░░░░░░░░░░  31%  Streaming frame 1889/16394
  ███████░░░░░░░░░░░░░░░░░░  31%  Streaming frame 1890/16394
  ███████░░░░░░░░░░░░░░░░░░  31%  Streaming frame 1891/16394
  ███████░░░░░░░░░░░░░░░░░░  31%  Streaming frame 1892/16394
  ███████░░░░░░░░░░░░░░░░░░  31%  Streaming frame 1893/16394
  ███████░░░░░░░░░░░░░░░░░░  31%  Streaming frame 1894/16394
  ███████░░░░░░░░░░░░░░░░░░  31%  Streaming frame 1895/16394
  ███████░░░░░░░░░░░░░░░░░░  31%  Streaming frame 1896/16394
  ███████░░░░░░░░░░░░░░░░░░  31%  Streaming frame 1897/16394
  ███████░░░░░░░░░░░░░░░░░░  31%  Streaming frame 1898/16394
  ███████░░░░░░░░░░░░░░░░░░  31%  Streaming frame 1899/16394
  ███████░░░░░░░░░░░░░░░░░░  31%  Streaming frame 1900/16394
  ███████░░░░░░░░░░░░░░░░░░  31%  Streaming frame 1901/16394
  ███████░░░░░░░░░░░░░░░░░░  31%  Streaming frame 1902/16394
  ███████░░░░░░░░░░░░░░░░░░  31%  Streaming frame 1903/16394
  ███████░░░░░░░░░░░░░░░░░░  31%  Streaming frame 1904/16394
  ███████░░░░░░░░░░░░░░░░░░  31%  Streaming frame 1905/16394
  ███████░░░░░░░░░░░░░░░░░░  31%  Streaming frame 1906/16394
  ███████░░░░░░░░░░░░░░░░░░  31%  Streaming frame 1907/16394
  ███████░░░░░░░░░░░░░░░░░░  31%  Streaming frame 1908/16394
  ███████░░░░░░░░░░░░░░░░░░  31%  Streaming frame 1909/16394
  ███████░░░░░░░░░░░░░░░░░░  31%  Streaming frame 1910/16394
  ███████░░░░░░░░░░░░░░░░░░  31%  Streaming frame 1911/16394
  ███████░░░░░░░░░░░░░░░░░░  31%  Streaming frame 1912/16394
  ███████░░░░░░░░░░░░░░░░░░  31%  Streaming frame 1913/16394
  ███████░░░░░░░░░░░░░░░░░░  31%  Streaming frame 1914/16394
  ███████░░░░░░░░░░░░░░░░░░  31%  Streaming frame 1915/16394
  ███████░░░░░░░░░░░░░░░░░░  31%  Streaming frame 1916/16394
  ███████░░░░░░░░░░░░░░░░░░  31%  Streaming frame 1917/16394
  ███████░░░░░░░░░░░░░░░░░░  31%  Streaming frame 1918/16394
  ███████░░░░░░░░░░░░░░░░░░  31%  Streaming frame 1919/16394
  ███████░░░░░░░░░░░░░░░░░░  31%  Streaming frame 1920/16394
  ███████░░░░░░░░░░░░░░░░░░  31%  Streaming frame 1921/16394
  ███████░░░░░░░░░░░░░░░░░░  31%  Streaming frame 1922/16394
  ███████░░░░░░░░░░░░░░░░░░  31%  Streaming frame 1923/16394
  ███████░░░░░░░░░░░░░░░░░░  31%  Streaming frame 1924/16394
  ███████░░░░░░░░░░░░░░░░░░  31%  Streaming frame 1925/16394
  ███████░░░░░░░░░░░░░░░░░░  31%  Streaming frame 1926/16394
  ███████░░░░░░░░░░░░░░░░░░  31%  Streaming frame 1927/16394
  ███████░░░░░░░░░░░░░░░░░░  31%  Streaming frame 1928/16394
  ███████░░░░░░░░░░░░░░░░░░  31%  Streaming frame 1929/16394
  ███████░░░░░░░░░░░░░░░░░░  31%  Streaming frame 1930/16394
  ███████░░░░░░░░░░░░░░░░░░  31%  Streaming frame 1931/16394
  ███████░░░░░░░░░░░░░░░░░░  31%  Streaming frame 1932/16394
  ███████░░░░░░░░░░░░░░░░░░  31%  Streaming frame 1933/16394
  ███████░░░░░░░░░░░░░░░░░░  31%  Streaming frame 1934/16394
  ███████░░░░░░░░░░░░░░░░░░  31%  Streaming frame 1935/16394
  ███████░░░░░░░░░░░░░░░░░░  31%  Streaming frame 1936/16394
  ███████░░░░░░░░░░░░░░░░░░  31%  Streaming frame 1937/16394
  ████████░░░░░░░░░░░░░░░░░  32%  Streaming frame 1938/16394
  ████████░░░░░░░░░░░░░░░░░  32%  Streaming frame 1939/16394
  ████████░░░░░░░░░░░░░░░░░  32%  Streaming frame 1940/16394
  ████████░░░░░░░░░░░░░░░░░  32%  Streaming frame 1941/16394
  ████████░░░░░░░░░░░░░░░░░  32%  Streaming frame 1942/16394
  ████████░░░░░░░░░░░░░░░░░  32%  Streaming frame 1943/16394
  ████████░░░░░░░░░░░░░░░░░  32%  Streaming frame 1944/16394
  ████████░░░░░░░░░░░░░░░░░  32%  Streaming frame 1945/16394
  ████████░░░░░░░░░░░░░░░░░  32%  Streaming frame 1946/16394
  ████████░░░░░░░░░░░░░░░░░  32%  Streaming frame 1947/16394
  ████████░░░░░░░░░░░░░░░░░  32%  Streaming frame 1948/16394
  ████████░░░░░░░░░░░░░░░░░  32%  Streaming frame 1949/16394
  ████████░░░░░░░░░░░░░░░░░  32%  Streaming frame 1950/16394
  ████████░░░░░░░░░░░░░░░░░  32%  Streaming frame 1951/16394
  ████████░░░░░░░░░░░░░░░░░  32%  Streaming frame 1952/16394
  ████████░░░░░░░░░░░░░░░░░  32%  Streaming frame 1953/16394
  ████████░░░░░░░░░░░░░░░░░  32%  Streaming frame 1954/16394
  ████████░░░░░░░░░░░░░░░░░  32%  Streaming frame 1955/16394
  ████████░░░░░░░░░░░░░░░░░  32%  Streaming frame 1956/16394
  ████████░░░░░░░░░░░░░░░░░  32%  Streaming frame 1957/16394
  ████████░░░░░░░░░░░░░░░░░  32%  Streaming frame 1958/16394
  ████████░░░░░░░░░░░░░░░░░  32%  Streaming frame 1959/16394
  ████████░░░░░░░░░░░░░░░░░  32%  Streaming frame 1960/16394
  ████████░░░░░░░░░░░░░░░░░  32%  Streaming frame 1961/16394
  ████████░░░░░░░░░░░░░░░░░  32%  Streaming frame 1962/16394
  ████████░░░░░░░░░░░░░░░░░  32%  Streaming frame 1963/16394
  ████████░░░░░░░░░░░░░░░░░  32%  Streaming frame 1964/16394
  ████████░░░░░░░░░░░░░░░░░  32%  Streaming frame 1965/16394
  ████████░░░░░░░░░░░░░░░░░  32%  Streaming frame 1966/16394
  ████████░░░░░░░░░░░░░░░░░  32%  Streaming frame 1967/16394
  ████████░░░░░░░░░░░░░░░░░  32%  Streaming frame 1968/16394
  ████████░░░░░░░░░░░░░░░░░  32%  Streaming frame 1969/16394
  ████████░░░░░░░░░░░░░░░░░  32%  Streaming frame 1970/16394
  ████████░░░░░░░░░░░░░░░░░  32%  Streaming frame 1971/16394
  ████████░░░░░░░░░░░░░░░░░  32%  Streaming frame 1972/16394
  ████████░░░░░░░░░░░░░░░░░  32%  Streaming frame 1973/16394
  ████████░░░░░░░░░░░░░░░░░  32%  Streaming frame 1974/16394
  ████████░░░░░░░░░░░░░░░░░  32%  Streaming frame 1975/16394
  ████████░░░░░░░░░░░░░░░░░  32%  Streaming frame 1976/16394
  ████████░░░░░░░░░░░░░░░░░  32%  Streaming frame 1977/16394
  ████████░░░░░░░░░░░░░░░░░  32%  Streaming frame 1978/16394
  ████████░░░░░░░░░░░░░░░░░  32%  Streaming frame 1979/16394
  ████████░░░░░░░░░░░░░░░░░  32%  Streaming frame 1980/16394
  ████████░░░░░░░░░░░░░░░░░  32%  Streaming frame 1981/16394
  ████████░░░░░░░░░░░░░░░░░  32%  Streaming frame 1982/16394
  ████████░░░░░░░░░░░░░░░░░  32%  Streaming frame 1983/16394
  ████████░░░░░░░░░░░░░░░░░  32%  Streaming frame 1984/16394
  ████████░░░░░░░░░░░░░░░░░  32%  Streaming frame 1985/16394
  ████████░░░░░░░░░░░░░░░░░  32%  Streaming frame 1986/16394
  ████████░░░░░░░░░░░░░░░░░  32%  Streaming frame 1987/16394
  ████████░░░░░░░░░░░░░░░░░  32%  Streaming frame 1988/16394
  ████████░░░░░░░░░░░░░░░░░  32%  Streaming frame 1989/16394
  ████████░░░░░░░░░░░░░░░░░  32%  Streaming frame 1990/16394
  ████████░░░░░░░░░░░░░░░░░  32%  Streaming frame 1991/16394
  ████████░░░░░░░░░░░░░░░░░  32%  Streaming frame 1992/16394
  ████████░░░░░░░░░░░░░░░░░  32%  Streaming frame 1993/16394
  ████████░░░░░░░░░░░░░░░░░  32%  Streaming frame 1994/16394
  ████████░░░░░░░░░░░░░░░░░  32%  Streaming frame 1995/16394
  ████████░░░░░░░░░░░░░░░░░  32%  Streaming frame 1996/16394
  ████████░░░░░░░░░░░░░░░░░  32%  Streaming frame 1997/16394
  ████████░░░░░░░░░░░░░░░░░  32%  Streaming frame 1998/16394
  ████████░░░░░░░░░░░░░░░░░  32%  Streaming frame 1999/16394
  ████████░░░░░░░░░░░░░░░░░  32%  Streaming frame 2000/16394
  ████████░░░░░░░░░░░░░░░░░  32%  Streaming frame 2001/16394
  ████████░░░░░░░░░░░░░░░░░  32%  Streaming frame 2002/16394
  ████████░░░░░░░░░░░░░░░░░  32%  Streaming frame 2003/16394
  ████████░░░░░░░░░░░░░░░░░  32%  Streaming frame 2004/16394
  ████████░░░░░░░░░░░░░░░░░  32%  Streaming frame 2005/16394
  ████████░░░░░░░░░░░░░░░░░  32%  Streaming frame 2006/16394
  ████████░░░░░░░░░░░░░░░░░  32%  Streaming frame 2007/16394
  ████████░░░░░░░░░░░░░░░░░  32%  Streaming frame 2008/16394
  ████████░░░░░░░░░░░░░░░░░  32%  Streaming frame 2009/16394
  ████████░░░░░░░░░░░░░░░░░  32%  Streaming frame 2010/16394
  ████████░░░░░░░░░░░░░░░░░  32%  Streaming frame 2011/16394
  ████████░░░░░░░░░░░░░░░░░  32%  Streaming frame 2012/16394
  ████████░░░░░░░░░░░░░░░░░  32%  Streaming frame 2013/16394
  ████████░░░░░░░░░░░░░░░░░  32%  Streaming frame 2014/16394
  ████████░░░░░░░░░░░░░░░░░  32%  Streaming frame 2015/16394
  ████████░░░░░░░░░░░░░░░░░  32%  Streaming frame 2016/16394
  ████████░░░░░░░░░░░░░░░░░  32%  Streaming frame 2017/16394
  ████████░░░░░░░░░░░░░░░░░  32%  Streaming frame 2018/16394
  ████████░░░░░░░░░░░░░░░░░  32%  Streaming frame 2019/16394
  ████████░░░░░░░░░░░░░░░░░  32%  Streaming frame 2020/16394
  ████████░░░░░░░░░░░░░░░░░  32%  Streaming frame 2021/16394
  ████████░░░░░░░░░░░░░░░░░  32%  Streaming frame 2022/16394
  ████████░░░░░░░░░░░░░░░░░  32%  Streaming frame 2023/16394
  ████████░░░░░░░░░░░░░░░░░  32%  Streaming frame 2024/16394
  ████████░░░░░░░░░░░░░░░░░  32%  Streaming frame 2025/16394
  ████████░░░░░░░░░░░░░░░░░  32%  Streaming frame 2026/16394
  ████████░░░░░░░░░░░░░░░░░  32%  Streaming frame 2027/16394
  ████████░░░░░░░░░░░░░░░░░  32%  Streaming frame 2028/16394
  ████████░░░░░░░░░░░░░░░░░  32%  Streaming frame 2029/16394
  ████████░░░░░░░░░░░░░░░░░  32%  Streaming frame 2030/16394
  ████████░░░░░░░░░░░░░░░░░  32%  Streaming frame 2031/16394
  ████████░░░░░░░░░░░░░░░░░  32%  Streaming frame 2032/16394
  ████████░░░░░░░░░░░░░░░░░  32%  Streaming frame 2033/16394
  ████████░░░░░░░░░░░░░░░░░  32%  Streaming frame 2034/16394
  ████████░░░░░░░░░░░░░░░░░  32%  Streaming frame 2035/16394
  ████████░░░░░░░░░░░░░░░░░  32%  Streaming frame 2036/16394
  ████████░░░░░░░░░░░░░░░░░  32%  Streaming frame 2037/16394
  ████████░░░░░░░░░░░░░░░░░  32%  Streaming frame 2038/16394
  ████████░░░░░░░░░░░░░░░░░  32%  Streaming frame 2039/16394
  ████████░░░░░░░░░░░░░░░░░  32%  Streaming frame 2040/16394
  ████████░░░░░░░░░░░░░░░░░  32%  Streaming frame 2041/16394
  ████████░░░░░░░░░░░░░░░░░  32%  Streaming frame 2042/16394
  ████████░░░░░░░░░░░░░░░░░  32%  Streaming frame 2043/16394
  ████████░░░░░░░░░░░░░░░░░  32%  Streaming frame 2044/16394
  ████████░░░░░░░░░░░░░░░░░  32%  Streaming frame 2045/16394
  ████████░░░░░░░░░░░░░░░░░  32%  Streaming frame 2046/16394
  ████████░░░░░░░░░░░░░░░░░  32%  Streaming frame 2047/16394
  ████████░░░░░░░░░░░░░░░░░  32%  Streaming frame 2048/16394
  ████████░░░░░░░░░░░░░░░░░  32%  Streaming frame 2049/16394
  ████████░░░░░░░░░░░░░░░░░  32%  Streaming frame 2050/16394
  ████████░░░░░░░░░░░░░░░░░  32%  Streaming frame 2051/16394
  ████████░░░░░░░░░░░░░░░░░  32%  Streaming frame 2052/16394
  ████████░░░░░░░░░░░░░░░░░  32%  Streaming frame 2053/16394
  ████████░░░░░░░░░░░░░░░░░  32%  Streaming frame 2054/16394
  ████████░░░░░░░░░░░░░░░░░  32%  Streaming frame 2055/16394
  ████████░░░░░░░░░░░░░░░░░  32%  Streaming frame 2056/16394
  ████████░░░░░░░░░░░░░░░░░  32%  Streaming frame 2057/16394
  ████████░░░░░░░░░░░░░░░░░  32%  Streaming frame 2058/16394
  ████████░░░░░░░░░░░░░░░░░  32%  Streaming frame 2059/16394
  ████████░░░░░░░░░░░░░░░░░  32%  Streaming frame 2060/16394
  ████████░░░░░░░░░░░░░░░░░  32%  Streaming frame 2061/16394
  ████████░░░░░░░░░░░░░░░░░  32%  Streaming frame 2062/16394
  ████████░░░░░░░░░░░░░░░░░  32%  Streaming frame 2063/16394
  ████████░░░░░░░░░░░░░░░░░  32%  Streaming frame 2064/16394
  ████████░░░░░░░░░░░░░░░░░  32%  Streaming frame 2065/16394
  ████████░░░░░░░░░░░░░░░░░  32%  Streaming frame 2066/16394
  ████████░░░░░░░░░░░░░░░░░  32%  Streaming frame 2067/16394
  ████████░░░░░░░░░░░░░░░░░  32%  Streaming frame 2068/16394
  ████████░░░░░░░░░░░░░░░░░  32%  Streaming frame 2069/16394
  ████████░░░░░░░░░░░░░░░░░  32%  Streaming frame 2070/16394
  ████████░░░░░░░░░░░░░░░░░  32%  Streaming frame 2071/16394
  ████████░░░░░░░░░░░░░░░░░  32%  Streaming frame 2072/16394
  ████████░░░░░░░░░░░░░░░░░  32%  Streaming frame 2073/16394
  ████████░░░░░░░░░░░░░░░░░  32%  Streaming frame 2074/16394
  ████████░░░░░░░░░░░░░░░░░  32%  Streaming frame 2075/16394
  ████████░░░░░░░░░░░░░░░░░  32%  Streaming frame 2076/16394
  ████████░░░░░░░░░░░░░░░░░  32%  Streaming frame 2077/16394
  ████████░░░░░░░░░░░░░░░░░  32%  Streaming frame 2078/16394
  ████████░░░░░░░░░░░░░░░░░  32%  Streaming frame 2079/16394
  ████████░░░░░░░░░░░░░░░░░  32%  Streaming frame 2080/16394
  ████████░░░░░░░░░░░░░░░░░  32%  Streaming frame 2081/16394
  ████████░░░░░░░░░░░░░░░░░  32%  Streaming frame 2082/16394
  ████████░░░░░░░░░░░░░░░░░  32%  Streaming frame 2083/16394
  ████████░░░░░░░░░░░░░░░░░  32%  Streaming frame 2084/16394
  ████████░░░░░░░░░░░░░░░░░  32%  Streaming frame 2085/16394
  ████████░░░░░░░░░░░░░░░░░  32%  Streaming frame 2086/16394
  ████████░░░░░░░░░░░░░░░░░  32%  Streaming frame 2087/16394
  ████████░░░░░░░░░░░░░░░░░  32%  Streaming frame 2088/16394
  ████████░░░░░░░░░░░░░░░░░  32%  Streaming frame 2089/16394
  ████████░░░░░░░░░░░░░░░░░  32%  Streaming frame 2090/16394
  ████████░░░░░░░░░░░░░░░░░  32%  Streaming frame 2091/16394
  ████████░░░░░░░░░░░░░░░░░  32%  Streaming frame 2092/16394
  ████████░░░░░░░░░░░░░░░░░  32%  Streaming frame 2093/16394
  ████████░░░░░░░░░░░░░░░░░  32%  Streaming frame 2094/16394
  ████████░░░░░░░░░░░░░░░░░  32%  Streaming frame 2095/16394
[INFO] [Render:trace] {"renderJobId":"e8f02bd8-eb11-48f0-81ac-0e0c97138008","phase":"capture_streaming","status":"checkpoint","elapsedMs":375406,"message":"stage still running","stagePhase":"capturing","workerCount":1,"forceScreenshot":true,"totalFrames":16394,"framesCompleted":2095,"captureMode":"screenshot","captureOperation":"captureScreenshot","heartbeatIndex":5,"stageElapsedMs":359986}
  ████████░░░░░░░░░░░░░░░░░  32%  Streaming frame 2096/16394
  ████████░░░░░░░░░░░░░░░░░  32%  Streaming frame 2097/16394
  ████████░░░░░░░░░░░░░░░░░  32%  Streaming frame 2098/16394
  ████████░░░░░░░░░░░░░░░░░  32%  Streaming frame 2099/16394
  ████████░░░░░░░░░░░░░░░░░  32%  Streaming frame 2100/16394
  ████████░░░░░░░░░░░░░░░░░  32%  Streaming frame 2101/16394
  ████████░░░░░░░░░░░░░░░░░  32%  Streaming frame 2102/16394
  ████████░░░░░░░░░░░░░░░░░  32%  Streaming frame 2103/16394
  ████████░░░░░░░░░░░░░░░░░  32%  Streaming frame 2104/16394
  ████████░░░░░░░░░░░░░░░░░  32%  Streaming frame 2105/16394
  ████████░░░░░░░░░░░░░░░░░  32%  Streaming frame 2106/16394
  ████████░░░░░░░░░░░░░░░░░  32%  Streaming frame 2107/16394
  ████████░░░░░░░░░░░░░░░░░  32%  Streaming frame 2108/16394
  ████████░░░░░░░░░░░░░░░░░  32%  Streaming frame 2109/16394
  ████████░░░░░░░░░░░░░░░░░  32%  Streaming frame 2110/16394
  ████████░░░░░░░░░░░░░░░░░  32%  Streaming frame 2111/16394
  ████████░░░░░░░░░░░░░░░░░  32%  Streaming frame 2112/16394
  ████████░░░░░░░░░░░░░░░░░  32%  Streaming frame 2113/16394
  ████████░░░░░░░░░░░░░░░░░  32%  Streaming frame 2114/16394
  ████████░░░░░░░░░░░░░░░░░  32%  Streaming frame 2115/16394
  ████████░░░░░░░░░░░░░░░░░  32%  Streaming frame 2116/16394
  ████████░░░░░░░░░░░░░░░░░  32%  Streaming frame 2117/16394
  ████████░░░░░░░░░░░░░░░░░  32%  Streaming frame 2118/16394
  ████████░░░░░░░░░░░░░░░░░  32%  Streaming frame 2119/16394
  ████████░░░░░░░░░░░░░░░░░  32%  Streaming frame 2120/16394
  ████████░░░░░░░░░░░░░░░░░  32%  Streaming frame 2121/16394
  ████████░░░░░░░░░░░░░░░░░  32%  Streaming frame 2122/16394
  ████████░░░░░░░░░░░░░░░░░  32%  Streaming frame 2123/16394
  ████████░░░░░░░░░░░░░░░░░  32%  Streaming frame 2124/16394
  ████████░░░░░░░░░░░░░░░░░  32%  Streaming frame 2125/16394
  ████████░░░░░░░░░░░░░░░░░  32%  Streaming frame 2126/16394
  ████████░░░░░░░░░░░░░░░░░  32%  Streaming frame 2127/16394
  ████████░░░░░░░░░░░░░░░░░  32%  Streaming frame 2128/16394
  ████████░░░░░░░░░░░░░░░░░  32%  Streaming frame 2129/16394
  ████████░░░░░░░░░░░░░░░░░  32%  Streaming frame 2130/16394
  ████████░░░░░░░░░░░░░░░░░  32%  Streaming frame 2131/16394
  ████████░░░░░░░░░░░░░░░░░  32%  Streaming frame 2132/16394
  ████████░░░░░░░░░░░░░░░░░  32%  Streaming frame 2133/16394
  ████████░░░░░░░░░░░░░░░░░  32%  Streaming frame 2134/16394
  ████████░░░░░░░░░░░░░░░░░  32%  Streaming frame 2135/16394
  ████████░░░░░░░░░░░░░░░░░  32%  Streaming frame 2136/16394
  ████████░░░░░░░░░░░░░░░░░  32%  Streaming frame 2137/16394
  ████████░░░░░░░░░░░░░░░░░  32%  Streaming frame 2138/16394
  ████████░░░░░░░░░░░░░░░░░  32%  Streaming frame 2139/16394
  ████████░░░░░░░░░░░░░░░░░  32%  Streaming frame 2140/16394
  ████████░░░░░░░░░░░░░░░░░  32%  Streaming frame 2141/16394
  ████████░░░░░░░░░░░░░░░░░  32%  Streaming frame 2142/16394
  ████████░░░░░░░░░░░░░░░░░  32%  Streaming frame 2143/16394
  ████████░░░░░░░░░░░░░░░░░  32%  Streaming frame 2144/16394
  ████████░░░░░░░░░░░░░░░░░  32%  Streaming frame 2145/16394
  ████████░░░░░░░░░░░░░░░░░  32%  Streaming frame 2146/16394
  ████████░░░░░░░░░░░░░░░░░  32%  Streaming frame 2147/16394
  ████████░░░░░░░░░░░░░░░░░  32%  Streaming frame 2148/16394
  ████████░░░░░░░░░░░░░░░░░  32%  Streaming frame 2149/16394
  ████████░░░░░░░░░░░░░░░░░  32%  Streaming frame 2150/16394
  ████████░░░░░░░░░░░░░░░░░  32%  Streaming frame 2151/16394
  ████████░░░░░░░░░░░░░░░░░  32%  Streaming frame 2152/16394
  ████████░░░░░░░░░░░░░░░░░  32%  Streaming frame 2153/16394
  ████████░░░░░░░░░░░░░░░░░  32%  Streaming frame 2154/16394
  ████████░░░░░░░░░░░░░░░░░  32%  Streaming frame 2155/16394
  ████████░░░░░░░░░░░░░░░░░  32%  Streaming frame 2156/16394
  ████████░░░░░░░░░░░░░░░░░  32%  Streaming frame 2157/16394
  ████████░░░░░░░░░░░░░░░░░  32%  Streaming frame 2158/16394
  ████████░░░░░░░░░░░░░░░░░  32%  Streaming frame 2159/16394
  ████████░░░░░░░░░░░░░░░░░  32%  Streaming frame 2160/16394
  ████████░░░░░░░░░░░░░░░░░  32%  Streaming frame 2161/16394
  ████████░░░░░░░░░░░░░░░░░  32%  Streaming frame 2162/16394
  ████████░░░░░░░░░░░░░░░░░  32%  Streaming frame 2163/16394
  ████████░░░░░░░░░░░░░░░░░  32%  Streaming frame 2164/16394
  ████████░░░░░░░░░░░░░░░░░  32%  Streaming frame 2165/16394
  ████████░░░░░░░░░░░░░░░░░  32%  Streaming frame 2166/16394
  ████████░░░░░░░░░░░░░░░░░  32%  Streaming frame 2167/16394
  ████████░░░░░░░░░░░░░░░░░  32%  Streaming frame 2168/16394
  ████████░░░░░░░░░░░░░░░░░  32%  Streaming frame 2169/16394
  ████████░░░░░░░░░░░░░░░░░  32%  Streaming frame 2170/16394
  ████████░░░░░░░░░░░░░░░░░  32%  Streaming frame 2171/16394
  ████████░░░░░░░░░░░░░░░░░  32%  Streaming frame 2172/16394
  ████████░░░░░░░░░░░░░░░░░  32%  Streaming frame 2173/16394
  ████████░░░░░░░░░░░░░░░░░  32%  Streaming frame 2174/16394
  ████████░░░░░░░░░░░░░░░░░  32%  Streaming frame 2175/16394
  ████████░░░░░░░░░░░░░░░░░  32%  Streaming frame 2176/16394
  ████████░░░░░░░░░░░░░░░░░  32%  Streaming frame 2177/16394
  ████████░░░░░░░░░░░░░░░░░  32%  Streaming frame 2178/16394
  ████████░░░░░░░░░░░░░░░░░  32%  Streaming frame 2179/16394
  ████████░░░░░░░░░░░░░░░░░  32%  Streaming frame 2180/16394
  ████████░░░░░░░░░░░░░░░░░  32%  Streaming frame 2181/16394
  ████████░░░░░░░░░░░░░░░░░  32%  Streaming frame 2182/16394
  ████████░░░░░░░░░░░░░░░░░  32%  Streaming frame 2183/16394
  ████████░░░░░░░░░░░░░░░░░  32%  Streaming frame 2184/16394
  ████████░░░░░░░░░░░░░░░░░  32%  Streaming frame 2185/16394
  ████████░░░░░░░░░░░░░░░░░  32%  Streaming frame 2186/16394
  ████████░░░░░░░░░░░░░░░░░  32%  Streaming frame 2187/16394
  ████████░░░░░░░░░░░░░░░░░  32%  Streaming frame 2188/16394
  ████████░░░░░░░░░░░░░░░░░  32%  Streaming frame 2189/16394
  ████████░░░░░░░░░░░░░░░░░  32%  Streaming frame 2190/16394
  ████████░░░░░░░░░░░░░░░░░  32%  Streaming frame 2191/16394
  ████████░░░░░░░░░░░░░░░░░  32%  Streaming frame 2192/16394
  ████████░░░░░░░░░░░░░░░░░  32%  Streaming frame 2193/16394
  ████████░░░░░░░░░░░░░░░░░  32%  Streaming frame 2194/16394
  ████████░░░░░░░░░░░░░░░░░  32%  Streaming frame 2195/16394
  ████████░░░░░░░░░░░░░░░░░  32%  Streaming frame 2196/16394
  ████████░░░░░░░░░░░░░░░░░  32%  Streaming frame 2197/16394
  ████████░░░░░░░░░░░░░░░░░  32%  Streaming frame 2198/16394
  ████████░░░░░░░░░░░░░░░░░  32%  Streaming frame 2199/16394
  ████████░░░░░░░░░░░░░░░░░  32%  Streaming frame 2200/16394
  ████████░░░░░░░░░░░░░░░░░  32%  Streaming frame 2201/16394
  ████████░░░░░░░░░░░░░░░░░  32%  Streaming frame 2202/16394
  ████████░░░░░░░░░░░░░░░░░  32%  Streaming frame 2203/16394
  ████████░░░░░░░░░░░░░░░░░  32%  Streaming frame 2204/16394
  ████████░░░░░░░░░░░░░░░░░  32%  Streaming frame 2205/16394
  ████████░░░░░░░░░░░░░░░░░  32%  Streaming frame 2206/16394
  ████████░░░░░░░░░░░░░░░░░  32%  Streaming frame 2207/16394
  ████████░░░░░░░░░░░░░░░░░  32%  Streaming frame 2208/16394
  ████████░░░░░░░░░░░░░░░░░  32%  Streaming frame 2209/16394
  ████████░░░░░░░░░░░░░░░░░  32%  Streaming frame 2210/16394
  ████████░░░░░░░░░░░░░░░░░  32%  Streaming frame 2211/16394
  ████████░░░░░░░░░░░░░░░░░  32%  Streaming frame 2212/16394
  ████████░░░░░░░░░░░░░░░░░  32%  Streaming frame 2213/16394
  ████████░░░░░░░░░░░░░░░░░  32%  Streaming frame 2214/16394
  ████████░░░░░░░░░░░░░░░░░  32%  Streaming frame 2215/16394
  ████████░░░░░░░░░░░░░░░░░  32%  Streaming frame 2216/16394
  ████████░░░░░░░░░░░░░░░░░  32%  Streaming frame 2217/16394
  ████████░░░░░░░░░░░░░░░░░  32%  Streaming frame 2218/16394
  ████████░░░░░░░░░░░░░░░░░  32%  Streaming frame 2219/16394
  ████████░░░░░░░░░░░░░░░░░  32%  Streaming frame 2220/16394
  ████████░░░░░░░░░░░░░░░░░  32%  Streaming frame 2221/16394
  ████████░░░░░░░░░░░░░░░░░  32%  Streaming frame 2222/16394
  ████████░░░░░░░░░░░░░░░░░  32%  Streaming frame 2223/16394
  ████████░░░░░░░░░░░░░░░░░  32%  Streaming frame 2224/16394
  ████████░░░░░░░░░░░░░░░░░  32%  Streaming frame 2225/16394
  ████████░░░░░░░░░░░░░░░░░  32%  Streaming frame 2226/16394
  ████████░░░░░░░░░░░░░░░░░  32%  Streaming frame 2227/16394
  ████████░░░░░░░░░░░░░░░░░  32%  Streaming frame 2228/16394
  ████████░░░░░░░░░░░░░░░░░  32%  Streaming frame 2229/16394
  ████████░░░░░░░░░░░░░░░░░  32%  Streaming frame 2230/16394
  ████████░░░░░░░░░░░░░░░░░  32%  Streaming frame 2231/16394
  ████████░░░░░░░░░░░░░░░░░  32%  Streaming frame 2232/16394
  ████████░░░░░░░░░░░░░░░░░  32%  Streaming frame 2233/16394
  ████████░░░░░░░░░░░░░░░░░  32%  Streaming frame 2234/16394
  ████████░░░░░░░░░░░░░░░░░  32%  Streaming frame 2235/16394
  ████████░░░░░░░░░░░░░░░░░  33%  Streaming frame 2236/16394
  ████████░░░░░░░░░░░░░░░░░  33%  Streaming frame 2237/16394
  ████████░░░░░░░░░░░░░░░░░  33%  Streaming frame 2238/16394
  ████████░░░░░░░░░░░░░░░░░  33%  Streaming frame 2239/16394
  ████████░░░░░░░░░░░░░░░░░  33%  Streaming frame 2240/16394
  ████████░░░░░░░░░░░░░░░░░  33%  Streaming frame 2241/16394
  ████████░░░░░░░░░░░░░░░░░  33%  Streaming frame 2242/16394
  ████████░░░░░░░░░░░░░░░░░  33%  Streaming frame 2243/16394
  ████████░░░░░░░░░░░░░░░░░  33%  Streaming frame 2244/16394
  ████████░░░░░░░░░░░░░░░░░  33%  Streaming frame 2245/16394
  ████████░░░░░░░░░░░░░░░░░  33%  Streaming frame 2246/16394
  ████████░░░░░░░░░░░░░░░░░  33%  Streaming frame 2247/16394
  ████████░░░░░░░░░░░░░░░░░  33%  Streaming frame 2248/16394
  ████████░░░░░░░░░░░░░░░░░  33%  Streaming frame 2249/16394
  ████████░░░░░░░░░░░░░░░░░  33%  Streaming frame 2250/16394
  ████████░░░░░░░░░░░░░░░░░  33%  Streaming frame 2251/16394
  ████████░░░░░░░░░░░░░░░░░  33%  Streaming frame 2252/16394
  ████████░░░░░░░░░░░░░░░░░  33%  Streaming frame 2253/16394
  ████████░░░░░░░░░░░░░░░░░  33%  Streaming frame 2254/16394
  ████████░░░░░░░░░░░░░░░░░  33%  Streaming frame 2255/16394
  ████████░░░░░░░░░░░░░░░░░  33%  Streaming frame 2256/16394
  ████████░░░░░░░░░░░░░░░░░  33%  Streaming frame 2257/16394
  ████████░░░░░░░░░░░░░░░░░  33%  Streaming frame 2258/16394
  ████████░░░░░░░░░░░░░░░░░  33%  Streaming frame 2259/16394
  ████████░░░░░░░░░░░░░░░░░  33%  Streaming frame 2260/16394
  ████████░░░░░░░░░░░░░░░░░  33%  Streaming frame 2261/16394
  ████████░░░░░░░░░░░░░░░░░  33%  Streaming frame 2262/16394
  ████████░░░░░░░░░░░░░░░░░  33%  Streaming frame 2263/16394
  ████████░░░░░░░░░░░░░░░░░  33%  Streaming frame 2264/16394
  ████████░░░░░░░░░░░░░░░░░  33%  Streaming frame 2265/16394
  ████████░░░░░░░░░░░░░░░░░  33%  Streaming frame 2266/16394
  ████████░░░░░░░░░░░░░░░░░  33%  Streaming frame 2267/16394
  ████████░░░░░░░░░░░░░░░░░  33%  Streaming frame 2268/16394
  ████████░░░░░░░░░░░░░░░░░  33%  Streaming frame 2269/16394
  ████████░░░░░░░░░░░░░░░░░  33%  Streaming frame 2270/16394
  ████████░░░░░░░░░░░░░░░░░  33%  Streaming frame 2271/16394
  ████████░░░░░░░░░░░░░░░░░  33%  Streaming frame 2272/16394
  ████████░░░░░░░░░░░░░░░░░  33%  Streaming frame 2273/16394
  ████████░░░░░░░░░░░░░░░░░  33%  Streaming frame 2274/16394
  ████████░░░░░░░░░░░░░░░░░  33%  Streaming frame 2275/16394
  ████████░░░░░░░░░░░░░░░░░  33%  Streaming frame 2276/16394
  ████████░░░░░░░░░░░░░░░░░  33%  Streaming frame 2277/16394
  ████████░░░░░░░░░░░░░░░░░  33%  Streaming frame 2278/16394
  ████████░░░░░░░░░░░░░░░░░  33%  Streaming frame 2279/16394
  ████████░░░░░░░░░░░░░░░░░  33%  Streaming frame 2280/16394
  ████████░░░░░░░░░░░░░░░░░  33%  Streaming frame 2281/16394
  ████████░░░░░░░░░░░░░░░░░  33%  Streaming frame 2282/16394
  ████████░░░░░░░░░░░░░░░░░  33%  Streaming frame 2283/16394
  ████████░░░░░░░░░░░░░░░░░  33%  Streaming frame 2284/16394
  ████████░░░░░░░░░░░░░░░░░  33%  Streaming frame 2285/16394
  ████████░░░░░░░░░░░░░░░░░  33%  Streaming frame 2286/16394
  ████████░░░░░░░░░░░░░░░░░  33%  Streaming frame 2287/16394
  ████████░░░░░░░░░░░░░░░░░  33%  Streaming frame 2288/16394
  ████████░░░░░░░░░░░░░░░░░  33%  Streaming frame 2289/16394
  ████████░░░░░░░░░░░░░░░░░  33%  Streaming frame 2290/16394
  ████████░░░░░░░░░░░░░░░░░  33%  Streaming frame 2291/16394
  ████████░░░░░░░░░░░░░░░░░  33%  Streaming frame 2292/16394
  ████████░░░░░░░░░░░░░░░░░  33%  Streaming frame 2293/16394
  ████████░░░░░░░░░░░░░░░░░  33%  Streaming frame 2294/16394
  ████████░░░░░░░░░░░░░░░░░  33%  Streaming frame 2295/16394
  ████████░░░░░░░░░░░░░░░░░  33%  Streaming frame 2296/16394
  ████████░░░░░░░░░░░░░░░░░  33%  Streaming frame 2297/16394
  ████████░░░░░░░░░░░░░░░░░  33%  Streaming frame 2298/16394
  ████████░░░░░░░░░░░░░░░░░  33%  Streaming frame 2299/16394
  ████████░░░░░░░░░░░░░░░░░  33%  Streaming frame 2300/16394
  ████████░░░░░░░░░░░░░░░░░  33%  Streaming frame 2301/16394
  ████████░░░░░░░░░░░░░░░░░  33%  Streaming frame 2302/16394
  ████████░░░░░░░░░░░░░░░░░  33%  Streaming frame 2303/16394
  ████████░░░░░░░░░░░░░░░░░  33%  Streaming frame 2304/16394
  ████████░░░░░░░░░░░░░░░░░  33%  Streaming frame 2305/16394
  ████████░░░░░░░░░░░░░░░░░  33%  Streaming frame 2306/16394
  ████████░░░░░░░░░░░░░░░░░  33%  Streaming frame 2307/16394
  ████████░░░░░░░░░░░░░░░░░  33%  Streaming frame 2308/16394
  ████████░░░░░░░░░░░░░░░░░  33%  Streaming frame 2309/16394
  ████████░░░░░░░░░░░░░░░░░  33%  Streaming frame 2310/16394
  ████████░░░░░░░░░░░░░░░░░  33%  Streaming frame 2311/16394
  ████████░░░░░░░░░░░░░░░░░  33%  Streaming frame 2312/16394
  ████████░░░░░░░░░░░░░░░░░  33%  Streaming frame 2313/16394
  ████████░░░░░░░░░░░░░░░░░  33%  Streaming frame 2314/16394
  ████████░░░░░░░░░░░░░░░░░  33%  Streaming frame 2315/16394
  ████████░░░░░░░░░░░░░░░░░  33%  Streaming frame 2316/16394
  ████████░░░░░░░░░░░░░░░░░  33%  Streaming frame 2317/16394
  ████████░░░░░░░░░░░░░░░░░  33%  Streaming frame 2318/16394
  ████████░░░░░░░░░░░░░░░░░  33%  Streaming frame 2319/16394
  ████████░░░░░░░░░░░░░░░░░  33%  Streaming frame 2320/16394
  ████████░░░░░░░░░░░░░░░░░  33%  Streaming frame 2321/16394
  ████████░░░░░░░░░░░░░░░░░  33%  Streaming frame 2322/16394
  ████████░░░░░░░░░░░░░░░░░  33%  Streaming frame 2323/16394
  ████████░░░░░░░░░░░░░░░░░  33%  Streaming frame 2324/16394
  ████████░░░░░░░░░░░░░░░░░  33%  Streaming frame 2325/16394
  ████████░░░░░░░░░░░░░░░░░  33%  Streaming frame 2326/16394
  ████████░░░░░░░░░░░░░░░░░  33%  Streaming frame 2327/16394
  ████████░░░░░░░░░░░░░░░░░  33%  Streaming frame 2328/16394
  ████████░░░░░░░░░░░░░░░░░  33%  Streaming frame 2329/16394
  ████████░░░░░░░░░░░░░░░░░  33%  Streaming frame 2330/16394
  ████████░░░░░░░░░░░░░░░░░  33%  Streaming frame 2331/16394
  ████████░░░░░░░░░░░░░░░░░  33%  Streaming frame 2332/16394
  ████████░░░░░░░░░░░░░░░░░  33%  Streaming frame 2333/16394
  ████████░░░░░░░░░░░░░░░░░  33%  Streaming frame 2334/16394
  ████████░░░░░░░░░░░░░░░░░  33%  Streaming frame 2335/16394
  ████████░░░░░░░░░░░░░░░░░  33%  Streaming frame 2336/16394
  ████████░░░░░░░░░░░░░░░░░  33%  Streaming frame 2337/16394
  ████████░░░░░░░░░░░░░░░░░  33%  Streaming frame 2338/16394
  ████████░░░░░░░░░░░░░░░░░  33%  Streaming frame 2339/16394
  ████████░░░░░░░░░░░░░░░░░  33%  Streaming frame 2340/16394
  ████████░░░░░░░░░░░░░░░░░  33%  Streaming frame 2341/16394
  ████████░░░░░░░░░░░░░░░░░  33%  Streaming frame 2342/16394
  ████████░░░░░░░░░░░░░░░░░  33%  Streaming frame 2343/16394
  ████████░░░░░░░░░░░░░░░░░  33%  Streaming frame 2344/16394
  ████████░░░░░░░░░░░░░░░░░  33%  Streaming frame 2345/16394
  ████████░░░░░░░░░░░░░░░░░  33%  Streaming frame 2346/16394
  ████████░░░░░░░░░░░░░░░░░  33%  Streaming frame 2347/16394
  ████████░░░░░░░░░░░░░░░░░  33%  Streaming frame 2348/16394
  ████████░░░░░░░░░░░░░░░░░  33%  Streaming frame 2349/16394
  ████████░░░░░░░░░░░░░░░░░  33%  Streaming frame 2350/16394
  ████████░░░░░░░░░░░░░░░░░  33%  Streaming frame 2351/16394
  ████████░░░░░░░░░░░░░░░░░  33%  Streaming frame 2352/16394
  ████████░░░░░░░░░░░░░░░░░  33%  Streaming frame 2353/16394
  ████████░░░░░░░░░░░░░░░░░  33%  Streaming frame 2354/16394
  ████████░░░░░░░░░░░░░░░░░  33%  Streaming frame 2355/16394
  ████████░░░░░░░░░░░░░░░░░  33%  Streaming frame 2356/16394
  ████████░░░░░░░░░░░░░░░░░  33%  Streaming frame 2357/16394
  ████████░░░░░░░░░░░░░░░░░  33%  Streaming frame 2358/16394
  ████████░░░░░░░░░░░░░░░░░  33%  Streaming frame 2359/16394
  ████████░░░░░░░░░░░░░░░░░  33%  Streaming frame 2360/16394
  ████████░░░░░░░░░░░░░░░░░  33%  Streaming frame 2361/16394
  ████████░░░░░░░░░░░░░░░░░  33%  Streaming frame 2362/16394
  ████████░░░░░░░░░░░░░░░░░  33%  Streaming frame 2363/16394
  ████████░░░░░░░░░░░░░░░░░  33%  Streaming frame 2364/16394
  ████████░░░░░░░░░░░░░░░░░  33%  Streaming frame 2365/16394
  ████████░░░░░░░░░░░░░░░░░  33%  Streaming frame 2366/16394
  ████████░░░░░░░░░░░░░░░░░  33%  Streaming frame 2367/16394
  ████████░░░░░░░░░░░░░░░░░  33%  Streaming frame 2368/16394
  ████████░░░░░░░░░░░░░░░░░  33%  Streaming frame 2369/16394
  ████████░░░░░░░░░░░░░░░░░  33%  Streaming frame 2370/16394
  ████████░░░░░░░░░░░░░░░░░  33%  Streaming frame 2371/16394
  ████████░░░░░░░░░░░░░░░░░  33%  Streaming frame 2372/16394
  ████████░░░░░░░░░░░░░░░░░  33%  Streaming frame 2373/16394
  ████████░░░░░░░░░░░░░░░░░  33%  Streaming frame 2374/16394
  ████████░░░░░░░░░░░░░░░░░  33%  Streaming frame 2375/16394
  ████████░░░░░░░░░░░░░░░░░  33%  Streaming frame 2376/16394
  ████████░░░░░░░░░░░░░░░░░  33%  Streaming frame 2377/16394
  ████████░░░░░░░░░░░░░░░░░  33%  Streaming frame 2378/16394
  ████████░░░░░░░░░░░░░░░░░  33%  Streaming frame 2379/16394
  ████████░░░░░░░░░░░░░░░░░  33%  Streaming frame 2380/16394
  ████████░░░░░░░░░░░░░░░░░  33%  Streaming frame 2381/16394
  ████████░░░░░░░░░░░░░░░░░  33%  Streaming frame 2382/16394
  ████████░░░░░░░░░░░░░░░░░  33%  Streaming frame 2383/16394
  ████████░░░░░░░░░░░░░░░░░  33%  Streaming frame 2384/16394
  ████████░░░░░░░░░░░░░░░░░  33%  Streaming frame 2385/16394
  ████████░░░░░░░░░░░░░░░░░  33%  Streaming frame 2386/16394
  ████████░░░░░░░░░░░░░░░░░  33%  Streaming frame 2387/16394
  ████████░░░░░░░░░░░░░░░░░  33%  Streaming frame 2388/16394
  ████████░░░░░░░░░░░░░░░░░  33%  Streaming frame 2389/16394
  ████████░░░░░░░░░░░░░░░░░  33%  Streaming frame 2390/16394
  ████████░░░░░░░░░░░░░░░░░  33%  Streaming frame 2391/16394
  ████████░░░░░░░░░░░░░░░░░  33%  Streaming frame 2392/16394
  ████████░░░░░░░░░░░░░░░░░  33%  Streaming frame 2393/16394
  ████████░░░░░░░░░░░░░░░░░  33%  Streaming frame 2394/16394
  ████████░░░░░░░░░░░░░░░░░  33%  Streaming frame 2395/16394
  ████████░░░░░░░░░░░░░░░░░  33%  Streaming frame 2396/16394
  ████████░░░░░░░░░░░░░░░░░  33%  Streaming frame 2397/16394
  ████████░░░░░░░░░░░░░░░░░  33%  Streaming frame 2398/16394
  ████████░░░░░░░░░░░░░░░░░  33%  Streaming frame 2399/16394
  ████████░░░░░░░░░░░░░░░░░  33%  Streaming frame 2400/16394
  ████████░░░░░░░░░░░░░░░░░  33%  Streaming frame 2401/16394
  ████████░░░░░░░░░░░░░░░░░  33%  Streaming frame 2402/16394
  ████████░░░░░░░░░░░░░░░░░  33%  Streaming frame 2403/16394
  ████████░░░░░░░░░░░░░░░░░  33%  Streaming frame 2404/16394
  ████████░░░░░░░░░░░░░░░░░  33%  Streaming frame 2405/16394
  ████████░░░░░░░░░░░░░░░░░  33%  Streaming frame 2406/16394
  ████████░░░░░░░░░░░░░░░░░  33%  Streaming frame 2407/16394
  ████████░░░░░░░░░░░░░░░░░  33%  Streaming frame 2408/16394
  ████████░░░░░░░░░░░░░░░░░  33%  Streaming frame 2409/16394
  ████████░░░░░░░░░░░░░░░░░  33%  Streaming frame 2410/16394
  ████████░░░░░░░░░░░░░░░░░  33%  Streaming frame 2411/16394
  ████████░░░░░░░░░░░░░░░░░  33%  Streaming frame 2412/16394
  ████████░░░░░░░░░░░░░░░░░  33%  Streaming frame 2413/16394
  ████████░░░░░░░░░░░░░░░░░  33%  Streaming frame 2414/16394
  ████████░░░░░░░░░░░░░░░░░  33%  Streaming frame 2415/16394
  ████████░░░░░░░░░░░░░░░░░  33%  Streaming frame 2416/16394
  ████████░░░░░░░░░░░░░░░░░  33%  Streaming frame 2417/16394
  ████████░░░░░░░░░░░░░░░░░  33%  Streaming frame 2418/16394
  ████████░░░░░░░░░░░░░░░░░  33%  Streaming frame 2419/16394
  ████████░░░░░░░░░░░░░░░░░  33%  Streaming frame 2420/16394
  ████████░░░░░░░░░░░░░░░░░  33%  Streaming frame 2421/16394
  ████████░░░░░░░░░░░░░░░░░  33%  Streaming frame 2422/16394
  ████████░░░░░░░░░░░░░░░░░  33%  Streaming frame 2423/16394
  ████████░░░░░░░░░░░░░░░░░  33%  Streaming frame 2424/16394
  ████████░░░░░░░░░░░░░░░░░  33%  Streaming frame 2425/16394
  ████████░░░░░░░░░░░░░░░░░  33%  Streaming frame 2426/16394
  ████████░░░░░░░░░░░░░░░░░  33%  Streaming frame 2427/16394
  ████████░░░░░░░░░░░░░░░░░  33%  Streaming frame 2428/16394
  ████████░░░░░░░░░░░░░░░░░  33%  Streaming frame 2429/16394
  ████████░░░░░░░░░░░░░░░░░  33%  Streaming frame 2430/16394
  ████████░░░░░░░░░░░░░░░░░  33%  Streaming frame 2431/16394
  ████████░░░░░░░░░░░░░░░░░  33%  Streaming frame 2432/16394
  ████████░░░░░░░░░░░░░░░░░  33%  Streaming frame 2433/16394
  ████████░░░░░░░░░░░░░░░░░  33%  Streaming frame 2434/16394
  ████████░░░░░░░░░░░░░░░░░  33%  Streaming frame 2435/16394
  ████████░░░░░░░░░░░░░░░░░  33%  Streaming frame 2436/16394
  ████████░░░░░░░░░░░░░░░░░  33%  Streaming frame 2437/16394
  ████████░░░░░░░░░░░░░░░░░  33%  Streaming frame 2438/16394
  ████████░░░░░░░░░░░░░░░░░  33%  Streaming frame 2439/16394
  ████████░░░░░░░░░░░░░░░░░  33%  Streaming frame 2440/16394
  ████████░░░░░░░░░░░░░░░░░  33%  Streaming frame 2441/16394
  ████████░░░░░░░░░░░░░░░░░  33%  Streaming frame 2442/16394
  ████████░░░░░░░░░░░░░░░░░  33%  Streaming frame 2443/16394
  ████████░░░░░░░░░░░░░░░░░  33%  Streaming frame 2444/16394
  ████████░░░░░░░░░░░░░░░░░  33%  Streaming frame 2445/16394
  ████████░░░░░░░░░░░░░░░░░  33%  Streaming frame 2446/16394
  ████████░░░░░░░░░░░░░░░░░  33%  Streaming frame 2447/16394
  ████████░░░░░░░░░░░░░░░░░  33%  Streaming frame 2448/16394
  ████████░░░░░░░░░░░░░░░░░  33%  Streaming frame 2449/16394
  ████████░░░░░░░░░░░░░░░░░  33%  Streaming frame 2450/16394
  ████████░░░░░░░░░░░░░░░░░  33%  Streaming frame 2451/16394
  ████████░░░░░░░░░░░░░░░░░  33%  Streaming frame 2452/16394
  ████████░░░░░░░░░░░░░░░░░  33%  Streaming frame 2453/16394
  ████████░░░░░░░░░░░░░░░░░  33%  Streaming frame 2454/16394
  ████████░░░░░░░░░░░░░░░░░  33%  Streaming frame 2455/16394
  ████████░░░░░░░░░░░░░░░░░  33%  Streaming frame 2456/16394
  ████████░░░░░░░░░░░░░░░░░  33%  Streaming frame 2457/16394
  ████████░░░░░░░░░░░░░░░░░  33%  Streaming frame 2458/16394
  ████████░░░░░░░░░░░░░░░░░  33%  Streaming frame 2459/16394
  ████████░░░░░░░░░░░░░░░░░  33%  Streaming frame 2460/16394
  ████████░░░░░░░░░░░░░░░░░  33%  Streaming frame 2461/16394
  ████████░░░░░░░░░░░░░░░░░  33%  Streaming frame 2462/16394
  ████████░░░░░░░░░░░░░░░░░  33%  Streaming frame 2463/16394
  ████████░░░░░░░░░░░░░░░░░  33%  Streaming frame 2464/16394
  ████████░░░░░░░░░░░░░░░░░  33%  Streaming frame 2465/16394
  ████████░░░░░░░░░░░░░░░░░  33%  Streaming frame 2466/16394
  ████████░░░░░░░░░░░░░░░░░  33%  Streaming frame 2467/16394
  ████████░░░░░░░░░░░░░░░░░  33%  Streaming frame 2468/16394
  ████████░░░░░░░░░░░░░░░░░  33%  Streaming frame 2469/16394
  ████████░░░░░░░░░░░░░░░░░  33%  Streaming frame 2470/16394
  ████████░░░░░░░░░░░░░░░░░  33%  Streaming frame 2471/16394
  ████████░░░░░░░░░░░░░░░░░  33%  Streaming frame 2472/16394
  ████████░░░░░░░░░░░░░░░░░  33%  Streaming frame 2473/16394
  ████████░░░░░░░░░░░░░░░░░  33%  Streaming frame 2474/16394
  ████████░░░░░░░░░░░░░░░░░  33%  Streaming frame 2475/16394
  ████████░░░░░░░░░░░░░░░░░  33%  Streaming frame 2476/16394
  ████████░░░░░░░░░░░░░░░░░  33%  Streaming frame 2477/16394
  ████████░░░░░░░░░░░░░░░░░  33%  Streaming frame 2478/16394
  ████████░░░░░░░░░░░░░░░░░  33%  Streaming frame 2479/16394
  ████████░░░░░░░░░░░░░░░░░  33%  Streaming frame 2480/16394
  ████████░░░░░░░░░░░░░░░░░  33%  Streaming frame 2481/16394
  ████████░░░░░░░░░░░░░░░░░  33%  Streaming frame 2482/16394
  ████████░░░░░░░░░░░░░░░░░  33%  Streaming frame 2483/16394
  ████████░░░░░░░░░░░░░░░░░  33%  Streaming frame 2484/16394
  ████████░░░░░░░░░░░░░░░░░  33%  Streaming frame 2485/16394
  ████████░░░░░░░░░░░░░░░░░  33%  Streaming frame 2486/16394
  ████████░░░░░░░░░░░░░░░░░  33%  Streaming frame 2487/16394
  ████████░░░░░░░░░░░░░░░░░  33%  Streaming frame 2488/16394
  ████████░░░░░░░░░░░░░░░░░  33%  Streaming frame 2489/16394
  ████████░░░░░░░░░░░░░░░░░  33%  Streaming frame 2490/16394
  ████████░░░░░░░░░░░░░░░░░  33%  Streaming frame 2491/16394
  ████████░░░░░░░░░░░░░░░░░  33%  Streaming frame 2492/16394
  ████████░░░░░░░░░░░░░░░░░  33%  Streaming frame 2493/16394
  ████████░░░░░░░░░░░░░░░░░  33%  Streaming frame 2494/16394
  ████████░░░░░░░░░░░░░░░░░  33%  Streaming frame 2495/16394
  ████████░░░░░░░░░░░░░░░░░  33%  Streaming frame 2496/16394
  ████████░░░░░░░░░░░░░░░░░  33%  Streaming frame 2497/16394
  ████████░░░░░░░░░░░░░░░░░  33%  Streaming frame 2498/16394
  ████████░░░░░░░░░░░░░░░░░  33%  Streaming frame 2499/16394
  ████████░░░░░░░░░░░░░░░░░  33%  Streaming frame 2500/16394
  ████████░░░░░░░░░░░░░░░░░  33%  Streaming frame 2501/16394
  ████████░░░░░░░░░░░░░░░░░  33%  Streaming frame 2502/16394
  ████████░░░░░░░░░░░░░░░░░  33%  Streaming frame 2503/16394
  ████████░░░░░░░░░░░░░░░░░  33%  Streaming frame 2504/16394
  ████████░░░░░░░░░░░░░░░░░  33%  Streaming frame 2505/16394
  ████████░░░░░░░░░░░░░░░░░  33%  Streaming frame 2506/16394
  ████████░░░░░░░░░░░░░░░░░  33%  Streaming frame 2507/16394
  ████████░░░░░░░░░░░░░░░░░  33%  Streaming frame 2508/16394
  ████████░░░░░░░░░░░░░░░░░  33%  Streaming frame 2509/16394
  ████████░░░░░░░░░░░░░░░░░  33%  Streaming frame 2510/16394
  ████████░░░░░░░░░░░░░░░░░  33%  Streaming frame 2511/16394
  ████████░░░░░░░░░░░░░░░░░  33%  Streaming frame 2512/16394
  ████████░░░░░░░░░░░░░░░░░  33%  Streaming frame 2513/16394
  ████████░░░░░░░░░░░░░░░░░  33%  Streaming frame 2514/16394
  ████████░░░░░░░░░░░░░░░░░  33%  Streaming frame 2515/16394
  ████████░░░░░░░░░░░░░░░░░  33%  Streaming frame 2516/16394
  ████████░░░░░░░░░░░░░░░░░  33%  Streaming frame 2517/16394
  ████████░░░░░░░░░░░░░░░░░  33%  Streaming frame 2518/16394
  ████████░░░░░░░░░░░░░░░░░  33%  Streaming frame 2519/16394
  ████████░░░░░░░░░░░░░░░░░  33%  Streaming frame 2520/16394
  ████████░░░░░░░░░░░░░░░░░  33%  Streaming frame 2521/16394
  ████████░░░░░░░░░░░░░░░░░  33%  Streaming frame 2522/16394
  ████████░░░░░░░░░░░░░░░░░  33%  Streaming frame 2523/16394
  ████████░░░░░░░░░░░░░░░░░  33%  Streaming frame 2524/16394
  ████████░░░░░░░░░░░░░░░░░  33%  Streaming frame 2525/16394
  ████████░░░░░░░░░░░░░░░░░  33%  Streaming frame 2526/16394
  ████████░░░░░░░░░░░░░░░░░  33%  Streaming frame 2527/16394
  ████████░░░░░░░░░░░░░░░░░  33%  Streaming frame 2528/16394
  ████████░░░░░░░░░░░░░░░░░  33%  Streaming frame 2529/16394
  ████████░░░░░░░░░░░░░░░░░  33%  Streaming frame 2530/16394
  ████████░░░░░░░░░░░░░░░░░  33%  Streaming frame 2531/16394
  ████████░░░░░░░░░░░░░░░░░  33%  Streaming frame 2532/16394
  ████████░░░░░░░░░░░░░░░░░  33%  Streaming frame 2533/16394
  ████████░░░░░░░░░░░░░░░░░  34%  Streaming frame 2534/16394
  ████████░░░░░░░░░░░░░░░░░  34%  Streaming frame 2535/16394
  ████████░░░░░░░░░░░░░░░░░  34%  Streaming frame 2536/16394
  ████████░░░░░░░░░░░░░░░░░  34%  Streaming frame 2537/16394
  ████████░░░░░░░░░░░░░░░░░  34%  Streaming frame 2538/16394
  ████████░░░░░░░░░░░░░░░░░  34%  Streaming frame 2539/16394
  ████████░░░░░░░░░░░░░░░░░  34%  Streaming frame 2540/16394
  ████████░░░░░░░░░░░░░░░░░  34%  Streaming frame 2541/16394
  ████████░░░░░░░░░░░░░░░░░  34%  Streaming frame 2542/16394
  ████████░░░░░░░░░░░░░░░░░  34%  Streaming frame 2543/16394
  ████████░░░░░░░░░░░░░░░░░  34%  Streaming frame 2544/16394
  ████████░░░░░░░░░░░░░░░░░  34%  Streaming frame 2545/16394
  ████████░░░░░░░░░░░░░░░░░  34%  Streaming frame 2546/16394
  ████████░░░░░░░░░░░░░░░░░  34%  Streaming frame 2547/16394
  ████████░░░░░░░░░░░░░░░░░  34%  Streaming frame 2548/16394
  ████████░░░░░░░░░░░░░░░░░  34%  Streaming frame 2549/16394
  ████████░░░░░░░░░░░░░░░░░  34%  Streaming frame 2550/16394
  ████████░░░░░░░░░░░░░░░░░  34%  Streaming frame 2551/16394
  ████████░░░░░░░░░░░░░░░░░  34%  Streaming frame 2552/16394
  ████████░░░░░░░░░░░░░░░░░  34%  Streaming frame 2553/16394
  ████████░░░░░░░░░░░░░░░░░  34%  Streaming frame 2554/16394
  ████████░░░░░░░░░░░░░░░░░  34%  Streaming frame 2555/16394
  ████████░░░░░░░░░░░░░░░░░  34%  Streaming frame 2556/16394
  ████████░░░░░░░░░░░░░░░░░  34%  Streaming frame 2557/16394
  ████████░░░░░░░░░░░░░░░░░  34%  Streaming frame 2558/16394
  ████████░░░░░░░░░░░░░░░░░  34%  Streaming frame 2559/16394
  ████████░░░░░░░░░░░░░░░░░  34%  Streaming frame 2560/16394
  ████████░░░░░░░░░░░░░░░░░  34%  Streaming frame 2561/16394
  ████████░░░░░░░░░░░░░░░░░  34%  Streaming frame 2562/16394
  ████████░░░░░░░░░░░░░░░░░  34%  Streaming frame 2563/16394
  ████████░░░░░░░░░░░░░░░░░  34%  Streaming frame 2564/16394
  ████████░░░░░░░░░░░░░░░░░  34%  Streaming frame 2565/16394
  ████████░░░░░░░░░░░░░░░░░  34%  Streaming frame 2566/16394
  ████████░░░░░░░░░░░░░░░░░  34%  Streaming frame 2567/16394
  ████████░░░░░░░░░░░░░░░░░  34%  Streaming frame 2568/16394
  ████████░░░░░░░░░░░░░░░░░  34%  Streaming frame 2569/16394
  ████████░░░░░░░░░░░░░░░░░  34%  Streaming frame 2570/16394
  ████████░░░░░░░░░░░░░░░░░  34%  Streaming frame 2571/16394
  ████████░░░░░░░░░░░░░░░░░  34%  Streaming frame 2572/16394
  ████████░░░░░░░░░░░░░░░░░  34%  Streaming frame 2573/16394
  ████████░░░░░░░░░░░░░░░░░  34%  Streaming frame 2574/16394
  ████████░░░░░░░░░░░░░░░░░  34%  Streaming frame 2575/16394
  ████████░░░░░░░░░░░░░░░░░  34%  Streaming frame 2576/16394
  ████████░░░░░░░░░░░░░░░░░  34%  Streaming frame 2577/16394
  ████████░░░░░░░░░░░░░░░░░  34%  Streaming frame 2578/16394
  ████████░░░░░░░░░░░░░░░░░  34%  Streaming frame 2579/16394
  ████████░░░░░░░░░░░░░░░░░  34%  Streaming frame 2580/16394
  ████████░░░░░░░░░░░░░░░░░  34%  Streaming frame 2581/16394
  ████████░░░░░░░░░░░░░░░░░  34%  Streaming frame 2582/16394
  ████████░░░░░░░░░░░░░░░░░  34%  Streaming frame 2583/16394
  ████████░░░░░░░░░░░░░░░░░  34%  Streaming frame 2584/16394
  ████████░░░░░░░░░░░░░░░░░  34%  Streaming frame 2585/16394
  ████████░░░░░░░░░░░░░░░░░  34%  Streaming frame 2586/16394
  ████████░░░░░░░░░░░░░░░░░  34%  Streaming frame 2587/16394
  ████████░░░░░░░░░░░░░░░░░  34%  Streaming frame 2588/16394
  ████████░░░░░░░░░░░░░░░░░  34%  Streaming frame 2589/16394
  ████████░░░░░░░░░░░░░░░░░  34%  Streaming frame 2590/16394
  ████████░░░░░░░░░░░░░░░░░  34%  Streaming frame 2591/16394
  ████████░░░░░░░░░░░░░░░░░  34%  Streaming frame 2592/16394
  ████████░░░░░░░░░░░░░░░░░  34%  Streaming frame 2593/16394
  ████████░░░░░░░░░░░░░░░░░  34%  Streaming frame 2594/16394
  ████████░░░░░░░░░░░░░░░░░  34%  Streaming frame 2595/16394
  ████████░░░░░░░░░░░░░░░░░  34%  Streaming frame 2596/16394
  ████████░░░░░░░░░░░░░░░░░  34%  Streaming frame 2597/16394
  ████████░░░░░░░░░░░░░░░░░  34%  Streaming frame 2598/16394
  ████████░░░░░░░░░░░░░░░░░  34%  Streaming frame 2599/16394
  ████████░░░░░░░░░░░░░░░░░  34%  Streaming frame 2600/16394
  ████████░░░░░░░░░░░░░░░░░  34%  Streaming frame 2601/16394
  ████████░░░░░░░░░░░░░░░░░  34%  Streaming frame 2602/16394
  ████████░░░░░░░░░░░░░░░░░  34%  Streaming frame 2603/16394
  ████████░░░░░░░░░░░░░░░░░  34%  Streaming frame 2604/16394
  ████████░░░░░░░░░░░░░░░░░  34%  Streaming frame 2605/16394
  ████████░░░░░░░░░░░░░░░░░  34%  Streaming frame 2606/16394
  ████████░░░░░░░░░░░░░░░░░  34%  Streaming frame 2607/16394
  ████████░░░░░░░░░░░░░░░░░  34%  Streaming frame 2608/16394
  ████████░░░░░░░░░░░░░░░░░  34%  Streaming frame 2609/16394
  ████████░░░░░░░░░░░░░░░░░  34%  Streaming frame 2610/16394
  ████████░░░░░░░░░░░░░░░░░  34%  Streaming frame 2611/16394
  ████████░░░░░░░░░░░░░░░░░  34%  Streaming frame 2612/16394
  ████████░░░░░░░░░░░░░░░░░  34%  Streaming frame 2613/16394
  ████████░░░░░░░░░░░░░░░░░  34%  Streaming frame 2614/16394
  ████████░░░░░░░░░░░░░░░░░  34%  Streaming frame 2615/16394
  ████████░░░░░░░░░░░░░░░░░  34%  Streaming frame 2616/16394
  ████████░░░░░░░░░░░░░░░░░  34%  Streaming frame 2617/16394
  ████████░░░░░░░░░░░░░░░░░  34%  Streaming frame 2618/16394
  ████████░░░░░░░░░░░░░░░░░  34%  Streaming frame 2619/16394
  ████████░░░░░░░░░░░░░░░░░  34%  Streaming frame 2620/16394
  ████████░░░░░░░░░░░░░░░░░  34%  Streaming frame 2621/16394
  ████████░░░░░░░░░░░░░░░░░  34%  Streaming frame 2622/16394
  ████████░░░░░░░░░░░░░░░░░  34%  Streaming frame 2623/16394
  ████████░░░░░░░░░░░░░░░░░  34%  Streaming frame 2624/16394
  ████████░░░░░░░░░░░░░░░░░  34%  Streaming frame 2625/16394
  ████████░░░░░░░░░░░░░░░░░  34%  Streaming frame 2626/16394
  ████████░░░░░░░░░░░░░░░░░  34%  Streaming frame 2627/16394
  ████████░░░░░░░░░░░░░░░░░  34%  Streaming frame 2628/16394
  ████████░░░░░░░░░░░░░░░░░  34%  Streaming frame 2629/16394
  ████████░░░░░░░░░░░░░░░░░  34%  Streaming frame 2630/16394
  ████████░░░░░░░░░░░░░░░░░  34%  Streaming frame 2631/16394
  ████████░░░░░░░░░░░░░░░░░  34%  Streaming frame 2632/16394
  ████████░░░░░░░░░░░░░░░░░  34%  Streaming frame 2633/16394
  ████████░░░░░░░░░░░░░░░░░  34%  Streaming frame 2634/16394
  ████████░░░░░░░░░░░░░░░░░  34%  Streaming frame 2635/16394
  ████████░░░░░░░░░░░░░░░░░  34%  Streaming frame 2636/16394
  ████████░░░░░░░░░░░░░░░░░  34%  Streaming frame 2637/16394
  ████████░░░░░░░░░░░░░░░░░  34%  Streaming frame 2638/16394
  ████████░░░░░░░░░░░░░░░░░  34%  Streaming frame 2639/16394
  ████████░░░░░░░░░░░░░░░░░  34%  Streaming frame 2640/16394
  ████████░░░░░░░░░░░░░░░░░  34%  Streaming frame 2641/16394
  ████████░░░░░░░░░░░░░░░░░  34%  Streaming frame 2642/16394
  ████████░░░░░░░░░░░░░░░░░  34%  Streaming frame 2643/16394
  ████████░░░░░░░░░░░░░░░░░  34%  Streaming frame 2644/16394
  ████████░░░░░░░░░░░░░░░░░  34%  Streaming frame 2645/16394
  ████████░░░░░░░░░░░░░░░░░  34%  Streaming frame 2646/16394
  ████████░░░░░░░░░░░░░░░░░  34%  Streaming frame 2647/16394
  ████████░░░░░░░░░░░░░░░░░  34%  Streaming frame 2648/16394
  ████████░░░░░░░░░░░░░░░░░  34%  Streaming frame 2649/16394
  ████████░░░░░░░░░░░░░░░░░  34%  Streaming frame 2650/16394
  ████████░░░░░░░░░░░░░░░░░  34%  Streaming frame 2651/16394
  ████████░░░░░░░░░░░░░░░░░  34%  Streaming frame 2652/16394
  ████████░░░░░░░░░░░░░░░░░  34%  Streaming frame 2653/16394
  ████████░░░░░░░░░░░░░░░░░  34%  Streaming frame 2654/16394
  ████████░░░░░░░░░░░░░░░░░  34%  Streaming frame 2655/16394
  ████████░░░░░░░░░░░░░░░░░  34%  Streaming frame 2656/16394
  ████████░░░░░░░░░░░░░░░░░  34%  Streaming frame 2657/16394
  ████████░░░░░░░░░░░░░░░░░  34%  Streaming frame 2658/16394
  ████████░░░░░░░░░░░░░░░░░  34%  Streaming frame 2659/16394
  ████████░░░░░░░░░░░░░░░░░  34%  Streaming frame 2660/16394
  ████████░░░░░░░░░░░░░░░░░  34%  Streaming frame 2661/16394
  ████████░░░░░░░░░░░░░░░░░  34%  Streaming frame 2662/16394
  ████████░░░░░░░░░░░░░░░░░  34%  Streaming frame 2663/16394
  ████████░░░░░░░░░░░░░░░░░  34%  Streaming frame 2664/16394
  ████████░░░░░░░░░░░░░░░░░  34%  Streaming frame 2665/16394
  ████████░░░░░░░░░░░░░░░░░  34%  Streaming frame 2666/16394
  ████████░░░░░░░░░░░░░░░░░  34%  Streaming frame 2667/16394
  ████████░░░░░░░░░░░░░░░░░  34%  Streaming frame 2668/16394
  ████████░░░░░░░░░░░░░░░░░  34%  Streaming frame 2669/16394
  ████████░░░░░░░░░░░░░░░░░  34%  Streaming frame 2670/16394
  ████████░░░░░░░░░░░░░░░░░  34%  Streaming frame 2671/16394
  ████████░░░░░░░░░░░░░░░░░  34%  Streaming frame 2672/16394
  ████████░░░░░░░░░░░░░░░░░  34%  Streaming frame 2673/16394
  ████████░░░░░░░░░░░░░░░░░  34%  Streaming frame 2674/16394
  ████████░░░░░░░░░░░░░░░░░  34%  Streaming frame 2675/16394
  ████████░░░░░░░░░░░░░░░░░  34%  Streaming frame 2676/16394
  ████████░░░░░░░░░░░░░░░░░  34%  Streaming frame 2677/16394
  ████████░░░░░░░░░░░░░░░░░  34%  Streaming frame 2678/16394
  ████████░░░░░░░░░░░░░░░░░  34%  Streaming frame 2679/16394
  ████████░░░░░░░░░░░░░░░░░  34%  Streaming frame 2680/16394
  ████████░░░░░░░░░░░░░░░░░  34%  Streaming frame 2681/16394
  ████████░░░░░░░░░░░░░░░░░  34%  Streaming frame 2682/16394
  ████████░░░░░░░░░░░░░░░░░  34%  Streaming frame 2683/16394
  ████████░░░░░░░░░░░░░░░░░  34%  Streaming frame 2684/16394
  ████████░░░░░░░░░░░░░░░░░  34%  Streaming frame 2685/16394
  ████████░░░░░░░░░░░░░░░░░  34%  Streaming frame 2686/16394
  ████████░░░░░░░░░░░░░░░░░  34%  Streaming frame 2687/16394
  ████████░░░░░░░░░░░░░░░░░  34%  Streaming frame 2688/16394
  ████████░░░░░░░░░░░░░░░░░  34%  Streaming frame 2689/16394
  ████████░░░░░░░░░░░░░░░░░  34%  Streaming frame 2690/16394
  ████████░░░░░░░░░░░░░░░░░  34%  Streaming frame 2691/16394
  ████████░░░░░░░░░░░░░░░░░  34%  Streaming frame 2692/16394
  ████████░░░░░░░░░░░░░░░░░  34%  Streaming frame 2693/16394
  ████████░░░░░░░░░░░░░░░░░  34%  Streaming frame 2694/16394
  ████████░░░░░░░░░░░░░░░░░  34%  Streaming frame 2695/16394
  ████████░░░░░░░░░░░░░░░░░  34%  Streaming frame 2696/16394
  ████████░░░░░░░░░░░░░░░░░  34%  Streaming frame 2697/16394
  ████████░░░░░░░░░░░░░░░░░  34%  Streaming frame 2698/16394
  ████████░░░░░░░░░░░░░░░░░  34%  Streaming frame 2699/16394
  ████████░░░░░░░░░░░░░░░░░  34%  Streaming frame 2700/16394
  ████████░░░░░░░░░░░░░░░░░  34%  Streaming frame 2701/16394
  ████████░░░░░░░░░░░░░░░░░  34%  Streaming frame 2702/16394
  ████████░░░░░░░░░░░░░░░░░  34%  Streaming frame 2703/16394
  ████████░░░░░░░░░░░░░░░░░  34%  Streaming frame 2704/16394
  ████████░░░░░░░░░░░░░░░░░  34%  Streaming frame 2705/16394
  ████████░░░░░░░░░░░░░░░░░  34%  Streaming frame 2706/16394
  ████████░░░░░░░░░░░░░░░░░  34%  Streaming frame 2707/16394
  ████████░░░░░░░░░░░░░░░░░  34%  Streaming frame 2708/16394
  ████████░░░░░░░░░░░░░░░░░  34%  Streaming frame 2709/16394
  ████████░░░░░░░░░░░░░░░░░  34%  Streaming frame 2710/16394
  ████████░░░░░░░░░░░░░░░░░  34%  Streaming frame 2711/16394
  ████████░░░░░░░░░░░░░░░░░  34%  Streaming frame 2712/16394
  ████████░░░░░░░░░░░░░░░░░  34%  Streaming frame 2713/16394
  ████████░░░░░░░░░░░░░░░░░  34%  Streaming frame 2714/16394
  ████████░░░░░░░░░░░░░░░░░  34%  Streaming frame 2715/16394
  ████████░░░░░░░░░░░░░░░░░  34%  Streaming frame 2716/16394
  ████████░░░░░░░░░░░░░░░░░  34%  Streaming frame 2717/16394
  ████████░░░░░░░░░░░░░░░░░  34%  Streaming frame 2718/16394
  ████████░░░░░░░░░░░░░░░░░  34%  Streaming frame 2719/16394
  ████████░░░░░░░░░░░░░░░░░  34%  Streaming frame 2720/16394
  ████████░░░░░░░░░░░░░░░░░  34%  Streaming frame 2721/16394
  ████████░░░░░░░░░░░░░░░░░  34%  Streaming frame 2722/16394
  ████████░░░░░░░░░░░░░░░░░  34%  Streaming frame 2723/16394
  ████████░░░░░░░░░░░░░░░░░  34%  Streaming frame 2724/16394
  ████████░░░░░░░░░░░░░░░░░  34%  Streaming frame 2725/16394
  ████████░░░░░░░░░░░░░░░░░  34%  Streaming frame 2726/16394
  ████████░░░░░░░░░░░░░░░░░  34%  Streaming frame 2727/16394
  ████████░░░░░░░░░░░░░░░░░  34%  Streaming frame 2728/16394
  ████████░░░░░░░░░░░░░░░░░  34%  Streaming frame 2729/16394
  ████████░░░░░░░░░░░░░░░░░  34%  Streaming frame 2730/16394
  ████████░░░░░░░░░░░░░░░░░  34%  Streaming frame 2731/16394
  ████████░░░░░░░░░░░░░░░░░  34%  Streaming frame 2732/16394
  ████████░░░░░░░░░░░░░░░░░  34%  Streaming frame 2733/16394
  ████████░░░░░░░░░░░░░░░░░  34%  Streaming frame 2734/16394
  ████████░░░░░░░░░░░░░░░░░  34%  Streaming frame 2735/16394
  ████████░░░░░░░░░░░░░░░░░  34%  Streaming frame 2736/16394
  ████████░░░░░░░░░░░░░░░░░  34%  Streaming frame 2737/16394
  ████████░░░░░░░░░░░░░░░░░  34%  Streaming frame 2738/16394
  ████████░░░░░░░░░░░░░░░░░  34%  Streaming frame 2739/16394
  ████████░░░░░░░░░░░░░░░░░  34%  Streaming frame 2740/16394
  ████████░░░░░░░░░░░░░░░░░  34%  Streaming frame 2741/16394
  ████████░░░░░░░░░░░░░░░░░  34%  Streaming frame 2742/16394
  ████████░░░░░░░░░░░░░░░░░  34%  Streaming frame 2743/16394
  ████████░░░░░░░░░░░░░░░░░  34%  Streaming frame 2744/16394
  ████████░░░░░░░░░░░░░░░░░  34%  Streaming frame 2745/16394
  ████████░░░░░░░░░░░░░░░░░  34%  Streaming frame 2746/16394
  ████████░░░░░░░░░░░░░░░░░  34%  Streaming frame 2747/16394
  ████████░░░░░░░░░░░░░░░░░  34%  Streaming frame 2748/16394
  ████████░░░░░░░░░░░░░░░░░  34%  Streaming frame 2749/16394
  ████████░░░░░░░░░░░░░░░░░  34%  Streaming frame 2750/16394
  ████████░░░░░░░░░░░░░░░░░  34%  Streaming frame 2751/16394
  ████████░░░░░░░░░░░░░░░░░  34%  Streaming frame 2752/16394
  ████████░░░░░░░░░░░░░░░░░  34%  Streaming frame 2753/16394
  ████████░░░░░░░░░░░░░░░░░  34%  Streaming frame 2754/16394
  ████████░░░░░░░░░░░░░░░░░  34%  Streaming frame 2755/16394
  ████████░░░░░░░░░░░░░░░░░  34%  Streaming frame 2756/16394
  ████████░░░░░░░░░░░░░░░░░  34%  Streaming frame 2757/16394
  ████████░░░░░░░░░░░░░░░░░  34%  Streaming frame 2758/16394
  ████████░░░░░░░░░░░░░░░░░  34%  Streaming frame 2759/16394
  ████████░░░░░░░░░░░░░░░░░  34%  Streaming frame 2760/16394
  ████████░░░░░░░░░░░░░░░░░  34%  Streaming frame 2761/16394
  ████████░░░░░░░░░░░░░░░░░  34%  Streaming frame 2762/16394
  ████████░░░░░░░░░░░░░░░░░  34%  Streaming frame 2763/16394
  ████████░░░░░░░░░░░░░░░░░  34%  Streaming frame 2764/16394
  ████████░░░░░░░░░░░░░░░░░  34%  Streaming frame 2765/16394
  ████████░░░░░░░░░░░░░░░░░  34%  Streaming frame 2766/16394
  ████████░░░░░░░░░░░░░░░░░  34%  Streaming frame 2767/16394
  ████████░░░░░░░░░░░░░░░░░  34%  Streaming frame 2768/16394
  ████████░░░░░░░░░░░░░░░░░  34%  Streaming frame 2769/16394
  ████████░░░░░░░░░░░░░░░░░  34%  Streaming frame 2770/16394
  ████████░░░░░░░░░░░░░░░░░  34%  Streaming frame 2771/16394
  ████████░░░░░░░░░░░░░░░░░  34%  Streaming frame 2772/16394
  ████████░░░░░░░░░░░░░░░░░  34%  Streaming frame 2773/16394
[INFO] [Render:trace] {"renderJobId":"e8f02bd8-eb11-48f0-81ac-0e0c97138008","phase":"capture_streaming","status":"checkpoint","elapsedMs":495407,"message":"stage still running","stagePhase":"capturing","workerCount":1,"forceScreenshot":true,"totalFrames":16394,"framesCompleted":2773,"captureMode":"screenshot","captureOperation":"captureScreenshot","heartbeatIndex":6,"stageElapsedMs":479987}
  ████████░░░░░░░░░░░░░░░░░  34%  Streaming frame 2774/16394
  ████████░░░░░░░░░░░░░░░░░  34%  Streaming frame 2775/16394
  ████████░░░░░░░░░░░░░░░░░  34%  Streaming frame 2776/16394
  ████████░░░░░░░░░░░░░░░░░  34%  Streaming frame 2777/16394
  ████████░░░░░░░░░░░░░░░░░  34%  Streaming frame 2778/16394
  ████████░░░░░░░░░░░░░░░░░  34%  Streaming frame 2779/16394
  ████████░░░░░░░░░░░░░░░░░  34%  Streaming frame 2780/16394
  ████████░░░░░░░░░░░░░░░░░  34%  Streaming frame 2781/16394
  ████████░░░░░░░░░░░░░░░░░  34%  Streaming frame 2782/16394
  ████████░░░░░░░░░░░░░░░░░  34%  Streaming frame 2783/16394
  ████████░░░░░░░░░░░░░░░░░  34%  Streaming frame 2784/16394
  ████████░░░░░░░░░░░░░░░░░  34%  Streaming frame 2785/16394
  ████████░░░░░░░░░░░░░░░░░  34%  Streaming frame 2786/16394
  ████████░░░░░░░░░░░░░░░░░  34%  Streaming frame 2787/16394
  ████████░░░░░░░░░░░░░░░░░  34%  Streaming frame 2788/16394
  ████████░░░░░░░░░░░░░░░░░  34%  Streaming frame 2789/16394
  ████████░░░░░░░░░░░░░░░░░  34%  Streaming frame 2790/16394
  ████████░░░░░░░░░░░░░░░░░  34%  Streaming frame 2791/16394
  ████████░░░░░░░░░░░░░░░░░  34%  Streaming frame 2792/16394
  ████████░░░░░░░░░░░░░░░░░  34%  Streaming frame 2793/16394
  ████████░░░░░░░░░░░░░░░░░  34%  Streaming frame 2794/16394
  ████████░░░░░░░░░░░░░░░░░  34%  Streaming frame 2795/16394
  ████████░░░░░░░░░░░░░░░░░  34%  Streaming frame 2796/16394
  ████████░░░░░░░░░░░░░░░░░  34%  Streaming frame 2797/16394
  ████████░░░░░░░░░░░░░░░░░  34%  Streaming frame 2798/16394
  ████████░░░░░░░░░░░░░░░░░  34%  Streaming frame 2799/16394
  ████████░░░░░░░░░░░░░░░░░  34%  Streaming frame 2800/16394
  ████████░░░░░░░░░░░░░░░░░  34%  Streaming frame 2801/16394
  ████████░░░░░░░░░░░░░░░░░  34%  Streaming frame 2802/16394
  ████████░░░░░░░░░░░░░░░░░  34%  Streaming frame 2803/16394
  ████████░░░░░░░░░░░░░░░░░  34%  Streaming frame 2804/16394
  ████████░░░░░░░░░░░░░░░░░  34%  Streaming frame 2805/16394
  ████████░░░░░░░░░░░░░░░░░  34%  Streaming frame 2806/16394
  ████████░░░░░░░░░░░░░░░░░  34%  Streaming frame 2807/16394
  ████████░░░░░░░░░░░░░░░░░  34%  Streaming frame 2808/16394
  ████████░░░░░░░░░░░░░░░░░  34%  Streaming frame 2809/16394
  ████████░░░░░░░░░░░░░░░░░  34%  Streaming frame 2810/16394
  ████████░░░░░░░░░░░░░░░░░  34%  Streaming frame 2811/16394
  ████████░░░░░░░░░░░░░░░░░  34%  Streaming frame 2812/16394
  ████████░░░░░░░░░░░░░░░░░  34%  Streaming frame 2813/16394
  ████████░░░░░░░░░░░░░░░░░  34%  Streaming frame 2814/16394
  ████████░░░░░░░░░░░░░░░░░  34%  Streaming frame 2815/16394
  ████████░░░░░░░░░░░░░░░░░  34%  Streaming frame 2816/16394
  ████████░░░░░░░░░░░░░░░░░  34%  Streaming frame 2817/16394
  ████████░░░░░░░░░░░░░░░░░  34%  Streaming frame 2818/16394
  ████████░░░░░░░░░░░░░░░░░  34%  Streaming frame 2819/16394
  ████████░░░░░░░░░░░░░░░░░  34%  Streaming frame 2820/16394
  ████████░░░░░░░░░░░░░░░░░  34%  Streaming frame 2821/16394
  ████████░░░░░░░░░░░░░░░░░  34%  Streaming frame 2822/16394
  ████████░░░░░░░░░░░░░░░░░  34%  Streaming frame 2823/16394
  ████████░░░░░░░░░░░░░░░░░  34%  Streaming frame 2824/16394
  ████████░░░░░░░░░░░░░░░░░  34%  Streaming frame 2825/16394
  ████████░░░░░░░░░░░░░░░░░  34%  Streaming frame 2826/16394
  ████████░░░░░░░░░░░░░░░░░  34%  Streaming frame 2827/16394
  ████████░░░░░░░░░░░░░░░░░  34%  Streaming frame 2828/16394
  ████████░░░░░░░░░░░░░░░░░  34%  Streaming frame 2829/16394
  ████████░░░░░░░░░░░░░░░░░  34%  Streaming frame 2830/16394
  ████████░░░░░░░░░░░░░░░░░  34%  Streaming frame 2831/16394
  ████████░░░░░░░░░░░░░░░░░  35%  Streaming frame 2832/16394
  ████████░░░░░░░░░░░░░░░░░  35%  Streaming frame 2833/16394
  ████████░░░░░░░░░░░░░░░░░  35%  Streaming frame 2834/16394
  ████████░░░░░░░░░░░░░░░░░  35%  Streaming frame 2835/16394
  ████████░░░░░░░░░░░░░░░░░  35%  Streaming frame 2836/16394
  ████████░░░░░░░░░░░░░░░░░  35%  Streaming frame 2837/16394
  ████████░░░░░░░░░░░░░░░░░  35%  Streaming frame 2838/16394
  ████████░░░░░░░░░░░░░░░░░  35%  Streaming frame 2839/16394
  ████████░░░░░░░░░░░░░░░░░  35%  Streaming frame 2840/16394
  ████████░░░░░░░░░░░░░░░░░  35%  Streaming frame 2841/16394
  ████████░░░░░░░░░░░░░░░░░  35%  Streaming frame 2842/16394
  ████████░░░░░░░░░░░░░░░░░  35%  Streaming frame 2843/16394
  ████████░░░░░░░░░░░░░░░░░  35%  Streaming frame 2844/16394
  ████████░░░░░░░░░░░░░░░░░  35%  Streaming frame 2845/16394
  ████████░░░░░░░░░░░░░░░░░  35%  Streaming frame 2846/16394
  ████████░░░░░░░░░░░░░░░░░  35%  Streaming frame 2847/16394
  ████████░░░░░░░░░░░░░░░░░  35%  Streaming frame 2848/16394
  ████████░░░░░░░░░░░░░░░░░  35%  Streaming frame 2849/16394
  ████████░░░░░░░░░░░░░░░░░  35%  Streaming frame 2850/16394
  ████████░░░░░░░░░░░░░░░░░  35%  Streaming frame 2851/16394
  ████████░░░░░░░░░░░░░░░░░  35%  Streaming frame 2852/16394
  ████████░░░░░░░░░░░░░░░░░  35%  Streaming frame 2853/16394
  ████████░░░░░░░░░░░░░░░░░  35%  Streaming frame 2854/16394
  ████████░░░░░░░░░░░░░░░░░  35%  Streaming frame 2855/16394
  ████████░░░░░░░░░░░░░░░░░  35%  Streaming frame 2856/16394
  ████████░░░░░░░░░░░░░░░░░  35%  Streaming frame 2857/16394
  ████████░░░░░░░░░░░░░░░░░  35%  Streaming frame 2858/16394
  ████████░░░░░░░░░░░░░░░░░  35%  Streaming frame 2859/16394
  ████████░░░░░░░░░░░░░░░░░  35%  Streaming frame 2860/16394
  ████████░░░░░░░░░░░░░░░░░  35%  Streaming frame 2861/16394
  ████████░░░░░░░░░░░░░░░░░  35%  Streaming frame 2862/16394
  ████████░░░░░░░░░░░░░░░░░  35%  Streaming frame 2863/16394
  ████████░░░░░░░░░░░░░░░░░  35%  Streaming frame 2864/16394
  ████████░░░░░░░░░░░░░░░░░  35%  Streaming frame 2865/16394
  ████████░░░░░░░░░░░░░░░░░  35%  Streaming frame 2866/16394
  ████████░░░░░░░░░░░░░░░░░  35%  Streaming frame 2867/16394
  ████████░░░░░░░░░░░░░░░░░  35%  Streaming frame 2868/16394
  ████████░░░░░░░░░░░░░░░░░  35%  Streaming frame 2869/16394
  ████████░░░░░░░░░░░░░░░░░  35%  Streaming frame 2870/16394
  ████████░░░░░░░░░░░░░░░░░  35%  Streaming frame 2871/16394
  ████████░░░░░░░░░░░░░░░░░  35%  Streaming frame 2872/16394
  ████████░░░░░░░░░░░░░░░░░  35%  Streaming frame 2873/16394
  ████████░░░░░░░░░░░░░░░░░  35%  Streaming frame 2874/16394
  ████████░░░░░░░░░░░░░░░░░  35%  Streaming frame 2875/16394
  ████████░░░░░░░░░░░░░░░░░  35%  Streaming frame 2876/16394
  ████████░░░░░░░░░░░░░░░░░  35%  Streaming frame 2877/16394
  ████████░░░░░░░░░░░░░░░░░  35%  Streaming frame 2878/16394
  ████████░░░░░░░░░░░░░░░░░  35%  Streaming frame 2879/16394
  ████████░░░░░░░░░░░░░░░░░  35%  Streaming frame 2880/16394
  ████████░░░░░░░░░░░░░░░░░  35%  Streaming frame 2881/16394
  ████████░░░░░░░░░░░░░░░░░  35%  Streaming frame 2882/16394
  ████████░░░░░░░░░░░░░░░░░  35%  Streaming frame 2883/16394
  ████████░░░░░░░░░░░░░░░░░  35%  Streaming frame 2884/16394
  ████████░░░░░░░░░░░░░░░░░  35%  Streaming frame 2885/16394
  ████████░░░░░░░░░░░░░░░░░  35%  Streaming frame 2886/16394
  ████████░░░░░░░░░░░░░░░░░  35%  Streaming frame 2887/16394
  ████████░░░░░░░░░░░░░░░░░  35%  Streaming frame 2888/16394
  ████████░░░░░░░░░░░░░░░░░  35%  Streaming frame 2889/16394
  ████████░░░░░░░░░░░░░░░░░  35%  Streaming frame 2890/16394
  ████████░░░░░░░░░░░░░░░░░  35%  Streaming frame 2891/16394
  ████████░░░░░░░░░░░░░░░░░  35%  Streaming frame 2892/16394
  ████████░░░░░░░░░░░░░░░░░  35%  Streaming frame 2893/16394
  ████████░░░░░░░░░░░░░░░░░  35%  Streaming frame 2894/16394
  ████████░░░░░░░░░░░░░░░░░  35%  Streaming frame 2895/16394
  ████████░░░░░░░░░░░░░░░░░  35%  Streaming frame 2896/16394
  ████████░░░░░░░░░░░░░░░░░  35%  Streaming frame 2897/16394
  ████████░░░░░░░░░░░░░░░░░  35%  Streaming frame 2898/16394
  ████████░░░░░░░░░░░░░░░░░  35%  Streaming frame 2899/16394
  ████████░░░░░░░░░░░░░░░░░  35%  Streaming frame 2900/16394
  ████████░░░░░░░░░░░░░░░░░  35%  Streaming frame 2901/16394
  ████████░░░░░░░░░░░░░░░░░  35%  Streaming frame 2902/16394
  ████████░░░░░░░░░░░░░░░░░  35%  Streaming frame 2903/16394
  ████████░░░░░░░░░░░░░░░░░  35%  Streaming frame 2904/16394
  ████████░░░░░░░░░░░░░░░░░  35%  Streaming frame 2905/16394
  ████████░░░░░░░░░░░░░░░░░  35%  Streaming frame 2906/16394
  ████████░░░░░░░░░░░░░░░░░  35%  Streaming frame 2907/16394
  ████████░░░░░░░░░░░░░░░░░  35%  Streaming frame 2908/16394
  ████████░░░░░░░░░░░░░░░░░  35%  Streaming frame 2909/16394
  ████████░░░░░░░░░░░░░░░░░  35%  Streaming frame 2910/16394
  ████████░░░░░░░░░░░░░░░░░  35%  Streaming frame 2911/16394
  ████████░░░░░░░░░░░░░░░░░  35%  Streaming frame 2912/16394
  ████████░░░░░░░░░░░░░░░░░  35%  Streaming frame 2913/16394
  ████████░░░░░░░░░░░░░░░░░  35%  Streaming frame 2914/16394
  ████████░░░░░░░░░░░░░░░░░  35%  Streaming frame 2915/16394
  ████████░░░░░░░░░░░░░░░░░  35%  Streaming frame 2916/16394
  ████████░░░░░░░░░░░░░░░░░  35%  Streaming frame 2917/16394
  ████████░░░░░░░░░░░░░░░░░  35%  Streaming frame 2918/16394
  ████████░░░░░░░░░░░░░░░░░  35%  Streaming frame 2919/16394
  ████████░░░░░░░░░░░░░░░░░  35%  Streaming frame 2920/16394
  ████████░░░░░░░░░░░░░░░░░  35%  Streaming frame 2921/16394
  ████████░░░░░░░░░░░░░░░░░  35%  Streaming frame 2922/16394
  ████████░░░░░░░░░░░░░░░░░  35%  Streaming frame 2923/16394
  ████████░░░░░░░░░░░░░░░░░  35%  Streaming frame 2924/16394
  ████████░░░░░░░░░░░░░░░░░  35%  Streaming frame 2925/16394
  ████████░░░░░░░░░░░░░░░░░  35%  Streaming frame 2926/16394
  ████████░░░░░░░░░░░░░░░░░  35%  Streaming frame 2927/16394
  ████████░░░░░░░░░░░░░░░░░  35%  Streaming frame 2928/16394
  ████████░░░░░░░░░░░░░░░░░  35%  Streaming frame 2929/16394
  ████████░░░░░░░░░░░░░░░░░  35%  Streaming frame 2930/16394
  ████████░░░░░░░░░░░░░░░░░  35%  Streaming frame 2931/16394
  ████████░░░░░░░░░░░░░░░░░  35%  Streaming frame 2932/16394
  ████████░░░░░░░░░░░░░░░░░  35%  Streaming frame 2933/16394
  ████████░░░░░░░░░░░░░░░░░  35%  Streaming frame 2934/16394
  ████████░░░░░░░░░░░░░░░░░  35%  Streaming frame 2935/16394
  ████████░░░░░░░░░░░░░░░░░  35%  Streaming frame 2936/16394
  ████████░░░░░░░░░░░░░░░░░  35%  Streaming frame 2937/16394
  ████████░░░░░░░░░░░░░░░░░  35%  Streaming frame 2938/16394
  ████████░░░░░░░░░░░░░░░░░  35%  Streaming frame 2939/16394
  ████████░░░░░░░░░░░░░░░░░  35%  Streaming frame 2940/16394
  ████████░░░░░░░░░░░░░░░░░  35%  Streaming frame 2941/16394
  ████████░░░░░░░░░░░░░░░░░  35%  Streaming frame 2942/16394
  ████████░░░░░░░░░░░░░░░░░  35%  Streaming frame 2943/16394
  ████████░░░░░░░░░░░░░░░░░  35%  Streaming frame 2944/16394
  ████████░░░░░░░░░░░░░░░░░  35%  Streaming frame 2945/16394
  ████████░░░░░░░░░░░░░░░░░  35%  Streaming frame 2946/16394
  ████████░░░░░░░░░░░░░░░░░  35%  Streaming frame 2947/16394
  ████████░░░░░░░░░░░░░░░░░  35%  Streaming frame 2948/16394
  ████████░░░░░░░░░░░░░░░░░  35%  Streaming frame 2949/16394
  ████████░░░░░░░░░░░░░░░░░  35%  Streaming frame 2950/16394
  ████████░░░░░░░░░░░░░░░░░  35%  Streaming frame 2951/16394
  ████████░░░░░░░░░░░░░░░░░  35%  Streaming frame 2952/16394
  ████████░░░░░░░░░░░░░░░░░  35%  Streaming frame 2953/16394
  ████████░░░░░░░░░░░░░░░░░  35%  Streaming frame 2954/16394
  ████████░░░░░░░░░░░░░░░░░  35%  Streaming frame 2955/16394
  ████████░░░░░░░░░░░░░░░░░  35%  Streaming frame 2956/16394
  ████████░░░░░░░░░░░░░░░░░  35%  Streaming frame 2957/16394
  ████████░░░░░░░░░░░░░░░░░  35%  Streaming frame 2958/16394
  ████████░░░░░░░░░░░░░░░░░  35%  Streaming frame 2959/16394
  ████████░░░░░░░░░░░░░░░░░  35%  Streaming frame 2960/16394
  ████████░░░░░░░░░░░░░░░░░  35%  Streaming frame 2961/16394
  ████████░░░░░░░░░░░░░░░░░  35%  Streaming frame 2962/16394
  ████████░░░░░░░░░░░░░░░░░  35%  Streaming frame 2963/16394
  ████████░░░░░░░░░░░░░░░░░  35%  Streaming frame 2964/16394
  ████████░░░░░░░░░░░░░░░░░  35%  Streaming frame 2965/16394
  ████████░░░░░░░░░░░░░░░░░  35%  Streaming frame 2966/16394
  ████████░░░░░░░░░░░░░░░░░  35%  Streaming frame 2967/16394
  ████████░░░░░░░░░░░░░░░░░  35%  Streaming frame 2968/16394
  ████████░░░░░░░░░░░░░░░░░  35%  Streaming frame 2969/16394
  ████████░░░░░░░░░░░░░░░░░  35%  Streaming frame 2970/16394
  ████████░░░░░░░░░░░░░░░░░  35%  Streaming frame 2971/16394
  ████████░░░░░░░░░░░░░░░░░  35%  Streaming frame 2972/16394
  ████████░░░░░░░░░░░░░░░░░  35%  Streaming frame 2973/16394
  ████████░░░░░░░░░░░░░░░░░  35%  Streaming frame 2974/16394
  ████████░░░░░░░░░░░░░░░░░  35%  Streaming frame 2975/16394
  ████████░░░░░░░░░░░░░░░░░  35%  Streaming frame 2976/16394
  ████████░░░░░░░░░░░░░░░░░  35%  Streaming frame 2977/16394
  ████████░░░░░░░░░░░░░░░░░  35%  Streaming frame 2978/16394
  ████████░░░░░░░░░░░░░░░░░  35%  Streaming frame 2979/16394
  ████████░░░░░░░░░░░░░░░░░  35%  Streaming frame 2980/16394
  ████████░░░░░░░░░░░░░░░░░  35%  Streaming frame 2981/16394
  ████████░░░░░░░░░░░░░░░░░  35%  Streaming frame 2982/16394
  ████████░░░░░░░░░░░░░░░░░  35%  Streaming frame 2983/16394
  ████████░░░░░░░░░░░░░░░░░  35%  Streaming frame 2984/16394
  ████████░░░░░░░░░░░░░░░░░  35%  Streaming frame 2985/16394
  ████████░░░░░░░░░░░░░░░░░  35%  Streaming frame 2986/16394
  ████████░░░░░░░░░░░░░░░░░  35%  Streaming frame 2987/16394
  ████████░░░░░░░░░░░░░░░░░  35%  Streaming frame 2988/16394
  ████████░░░░░░░░░░░░░░░░░  35%  Streaming frame 2989/16394
  ████████░░░░░░░░░░░░░░░░░  35%  Streaming frame 2990/16394
  ████████░░░░░░░░░░░░░░░░░  35%  Streaming frame 2991/16394
  ████████░░░░░░░░░░░░░░░░░  35%  Streaming frame 2992/16394
  ████████░░░░░░░░░░░░░░░░░  35%  Streaming frame 2993/16394
  ████████░░░░░░░░░░░░░░░░░  35%  Streaming frame 2994/16394
  ████████░░░░░░░░░░░░░░░░░  35%  Streaming frame 2995/16394
  ████████░░░░░░░░░░░░░░░░░  35%  Streaming frame 2996/16394
  ████████░░░░░░░░░░░░░░░░░  35%  Streaming frame 2997/16394
  ████████░░░░░░░░░░░░░░░░░  35%  Streaming frame 2998/16394
  ████████░░░░░░░░░░░░░░░░░  35%  Streaming frame 2999/16394
  ████████░░░░░░░░░░░░░░░░░  35%  Streaming frame 3000/16394
  ████████░░░░░░░░░░░░░░░░░  35%  Streaming frame 3001/16394
  ████████░░░░░░░░░░░░░░░░░  35%  Streaming frame 3002/16394
  ████████░░░░░░░░░░░░░░░░░  35%  Streaming frame 3003/16394
  ████████░░░░░░░░░░░░░░░░░  35%  Streaming frame 3004/16394
  ████████░░░░░░░░░░░░░░░░░  35%  Streaming frame 3005/16394
  ████████░░░░░░░░░░░░░░░░░  35%  Streaming frame 3006/16394
  ████████░░░░░░░░░░░░░░░░░  35%  Streaming frame 3007/16394
  ████████░░░░░░░░░░░░░░░░░  35%  Streaming frame 3008/16394
  ████████░░░░░░░░░░░░░░░░░  35%  Streaming frame 3009/16394
  ████████░░░░░░░░░░░░░░░░░  35%  Streaming frame 3010/16394
  ████████░░░░░░░░░░░░░░░░░  35%  Streaming frame 3011/16394
  ████████░░░░░░░░░░░░░░░░░  35%  Streaming frame 3012/16394
  ████████░░░░░░░░░░░░░░░░░  35%  Streaming frame 3013/16394
  ████████░░░░░░░░░░░░░░░░░  35%  Streaming frame 3014/16394
  ████████░░░░░░░░░░░░░░░░░  35%  Streaming frame 3015/16394
  ████████░░░░░░░░░░░░░░░░░  35%  Streaming frame 3016/16394
  ████████░░░░░░░░░░░░░░░░░  35%  Streaming frame 3017/16394
  ████████░░░░░░░░░░░░░░░░░  35%  Streaming frame 3018/16394
  ████████░░░░░░░░░░░░░░░░░  35%  Streaming frame 3019/16394
  ████████░░░░░░░░░░░░░░░░░  35%  Streaming frame 3020/16394
  ████████░░░░░░░░░░░░░░░░░  35%  Streaming frame 3021/16394
  ████████░░░░░░░░░░░░░░░░░  35%  Streaming frame 3022/16394
  ████████░░░░░░░░░░░░░░░░░  35%  Streaming frame 3023/16394
  ████████░░░░░░░░░░░░░░░░░  35%  Streaming frame 3024/16394
  ████████░░░░░░░░░░░░░░░░░  35%  Streaming frame 3025/16394
  ████████░░░░░░░░░░░░░░░░░  35%  Streaming frame 3026/16394
  ████████░░░░░░░░░░░░░░░░░  35%  Streaming frame 3027/16394
  ████████░░░░░░░░░░░░░░░░░  35%  Streaming frame 3028/16394
  ████████░░░░░░░░░░░░░░░░░  35%  Streaming frame 3029/16394
  ████████░░░░░░░░░░░░░░░░░  35%  Streaming frame 3030/16394
  ████████░░░░░░░░░░░░░░░░░  35%  Streaming frame 3031/16394
  ████████░░░░░░░░░░░░░░░░░  35%  Streaming frame 3032/16394
  ████████░░░░░░░░░░░░░░░░░  35%  Streaming frame 3033/16394
  ████████░░░░░░░░░░░░░░░░░  35%  Streaming frame 3034/16394
  ████████░░░░░░░░░░░░░░░░░  35%  Streaming frame 3035/16394
  ████████░░░░░░░░░░░░░░░░░  35%  Streaming frame 3036/16394
  ████████░░░░░░░░░░░░░░░░░  35%  Streaming frame 3037/16394
  ████████░░░░░░░░░░░░░░░░░  35%  Streaming frame 3038/16394
  ████████░░░░░░░░░░░░░░░░░  35%  Streaming frame 3039/16394
  ████████░░░░░░░░░░░░░░░░░  35%  Streaming frame 3040/16394
  ████████░░░░░░░░░░░░░░░░░  35%  Streaming frame 3041/16394
  ████████░░░░░░░░░░░░░░░░░  35%  Streaming frame 3042/16394
  ████████░░░░░░░░░░░░░░░░░  35%  Streaming frame 3043/16394
  ████████░░░░░░░░░░░░░░░░░  35%  Streaming frame 3044/16394
  ████████░░░░░░░░░░░░░░░░░  35%  Streaming frame 3045/16394
  ████████░░░░░░░░░░░░░░░░░  35%  Streaming frame 3046/16394
  ████████░░░░░░░░░░░░░░░░░  35%  Streaming frame 3047/16394
  ████████░░░░░░░░░░░░░░░░░  35%  Streaming frame 3048/16394
  ████████░░░░░░░░░░░░░░░░░  35%  Streaming frame 3049/16394
  ████████░░░░░░░░░░░░░░░░░  35%  Streaming frame 3050/16394
  ████████░░░░░░░░░░░░░░░░░  35%  Streaming frame 3051/16394
  ████████░░░░░░░░░░░░░░░░░  35%  Streaming frame 3052/16394
  ████████░░░░░░░░░░░░░░░░░  35%  Streaming frame 3053/16394
  ████████░░░░░░░░░░░░░░░░░  35%  Streaming frame 3054/16394
  ████████░░░░░░░░░░░░░░░░░  35%  Streaming frame 3055/16394
  ████████░░░░░░░░░░░░░░░░░  35%  Streaming frame 3056/16394
  ████████░░░░░░░░░░░░░░░░░  35%  Streaming frame 3057/16394
  ████████░░░░░░░░░░░░░░░░░  35%  Streaming frame 3058/16394
  ████████░░░░░░░░░░░░░░░░░  35%  Streaming frame 3059/16394
  ████████░░░░░░░░░░░░░░░░░  35%  Streaming frame 3060/16394
  ████████░░░░░░░░░░░░░░░░░  35%  Streaming frame 3061/16394
  ████████░░░░░░░░░░░░░░░░░  35%  Streaming frame 3062/16394
  ████████░░░░░░░░░░░░░░░░░  35%  Streaming frame 3063/16394
  ████████░░░░░░░░░░░░░░░░░  35%  Streaming frame 3064/16394
  ████████░░░░░░░░░░░░░░░░░  35%  Streaming frame 3065/16394
  ████████░░░░░░░░░░░░░░░░░  35%  Streaming frame 3066/16394
  ████████░░░░░░░░░░░░░░░░░  35%  Streaming frame 3067/16394
  ████████░░░░░░░░░░░░░░░░░  35%  Streaming frame 3068/16394
  ████████░░░░░░░░░░░░░░░░░  35%  Streaming frame 3069/16394
  ████████░░░░░░░░░░░░░░░░░  35%  Streaming frame 3070/16394
  ████████░░░░░░░░░░░░░░░░░  35%  Streaming frame 3071/16394
  ████████░░░░░░░░░░░░░░░░░  35%  Streaming frame 3072/16394
  ████████░░░░░░░░░░░░░░░░░  35%  Streaming frame 3073/16394
  ████████░░░░░░░░░░░░░░░░░  35%  Streaming frame 3074/16394
  ████████░░░░░░░░░░░░░░░░░  35%  Streaming frame 3075/16394
  ████████░░░░░░░░░░░░░░░░░  35%  Streaming frame 3076/16394
  ████████░░░░░░░░░░░░░░░░░  35%  Streaming frame 3077/16394
  ████████░░░░░░░░░░░░░░░░░  35%  Streaming frame 3078/16394
  ████████░░░░░░░░░░░░░░░░░  35%  Streaming frame 3079/16394
  ████████░░░░░░░░░░░░░░░░░  35%  Streaming frame 3080/16394
  ████████░░░░░░░░░░░░░░░░░  35%  Streaming frame 3081/16394
  ████████░░░░░░░░░░░░░░░░░  35%  Streaming frame 3082/16394
  ████████░░░░░░░░░░░░░░░░░  35%  Streaming frame 3083/16394
  ████████░░░░░░░░░░░░░░░░░  35%  Streaming frame 3084/16394
  ████████░░░░░░░░░░░░░░░░░  35%  Streaming frame 3085/16394
  ████████░░░░░░░░░░░░░░░░░  35%  Streaming frame 3086/16394
  ████████░░░░░░░░░░░░░░░░░  35%  Streaming frame 3087/16394
  ████████░░░░░░░░░░░░░░░░░  35%  Streaming frame 3088/16394
  ████████░░░░░░░░░░░░░░░░░  35%  Streaming frame 3089/16394
  ████████░░░░░░░░░░░░░░░░░  35%  Streaming frame 3090/16394
  ████████░░░░░░░░░░░░░░░░░  35%  Streaming frame 3091/16394
  ████████░░░░░░░░░░░░░░░░░  35%  Streaming frame 3092/16394
  ████████░░░░░░░░░░░░░░░░░  35%  Streaming frame 3093/16394
  ████████░░░░░░░░░░░░░░░░░  35%  Streaming frame 3094/16394
  ████████░░░░░░░░░░░░░░░░░  35%  Streaming frame 3095/16394
  ████████░░░░░░░░░░░░░░░░░  35%  Streaming frame 3096/16394
  ████████░░░░░░░░░░░░░░░░░  35%  Streaming frame 3097/16394
  ████████░░░░░░░░░░░░░░░░░  35%  Streaming frame 3098/16394
  ████████░░░░░░░░░░░░░░░░░  35%  Streaming frame 3099/16394
  ████████░░░░░░░░░░░░░░░░░  35%  Streaming frame 3100/16394
  ████████░░░░░░░░░░░░░░░░░  35%  Streaming frame 3101/16394
  ████████░░░░░░░░░░░░░░░░░  35%  Streaming frame 3102/16394
  ████████░░░░░░░░░░░░░░░░░  35%  Streaming frame 3103/16394
  ████████░░░░░░░░░░░░░░░░░  35%  Streaming frame 3104/16394
  ████████░░░░░░░░░░░░░░░░░  35%  Streaming frame 3105/16394
  ████████░░░░░░░░░░░░░░░░░  35%  Streaming frame 3106/16394
  ████████░░░░░░░░░░░░░░░░░  35%  Streaming frame 3107/16394
  ████████░░░░░░░░░░░░░░░░░  35%  Streaming frame 3108/16394
  ████████░░░░░░░░░░░░░░░░░  35%  Streaming frame 3109/16394
  ████████░░░░░░░░░░░░░░░░░  35%  Streaming frame 3110/16394
  ████████░░░░░░░░░░░░░░░░░  35%  Streaming frame 3111/16394
  ████████░░░░░░░░░░░░░░░░░  35%  Streaming frame 3112/16394
  ████████░░░░░░░░░░░░░░░░░  35%  Streaming frame 3113/16394
  ████████░░░░░░░░░░░░░░░░░  35%  Streaming frame 3114/16394
  ████████░░░░░░░░░░░░░░░░░  35%  Streaming frame 3115/16394
  ████████░░░░░░░░░░░░░░░░░  35%  Streaming frame 3116/16394
  ████████░░░░░░░░░░░░░░░░░  35%  Streaming frame 3117/16394
  ████████░░░░░░░░░░░░░░░░░  35%  Streaming frame 3118/16394
  ████████░░░░░░░░░░░░░░░░░  35%  Streaming frame 3119/16394
  ████████░░░░░░░░░░░░░░░░░  35%  Streaming frame 3120/16394
  ████████░░░░░░░░░░░░░░░░░  35%  Streaming frame 3121/16394
  ████████░░░░░░░░░░░░░░░░░  35%  Streaming frame 3122/16394
  ████████░░░░░░░░░░░░░░░░░  35%  Streaming frame 3123/16394
  ████████░░░░░░░░░░░░░░░░░  35%  Streaming frame 3124/16394
  ████████░░░░░░░░░░░░░░░░░  35%  Streaming frame 3125/16394
  ████████░░░░░░░░░░░░░░░░░  35%  Streaming frame 3126/16394
  ████████░░░░░░░░░░░░░░░░░  35%  Streaming frame 3127/16394
  ████████░░░░░░░░░░░░░░░░░  35%  Streaming frame 3128/16394
  ████████░░░░░░░░░░░░░░░░░  35%  Streaming frame 3129/16394
  █████████░░░░░░░░░░░░░░░░  36%  Streaming frame 3130/16394
  █████████░░░░░░░░░░░░░░░░  36%  Streaming frame 3131/16394
  █████████░░░░░░░░░░░░░░░░  36%  Streaming frame 3132/16394
  █████████░░░░░░░░░░░░░░░░  36%  Streaming frame 3133/16394
  █████████░░░░░░░░░░░░░░░░  36%  Streaming frame 3134/16394
  █████████░░░░░░░░░░░░░░░░  36%  Streaming frame 3135/16394
  █████████░░░░░░░░░░░░░░░░  36%  Streaming frame 3136/16394
  █████████░░░░░░░░░░░░░░░░  36%  Streaming frame 3137/16394
  █████████░░░░░░░░░░░░░░░░  36%  Streaming frame 3138/16394
  █████████░░░░░░░░░░░░░░░░  36%  Streaming frame 3139/16394
  █████████░░░░░░░░░░░░░░░░  36%  Streaming frame 3140/16394
  █████████░░░░░░░░░░░░░░░░  36%  Streaming frame 3141/16394
  █████████░░░░░░░░░░░░░░░░  36%  Streaming frame 3142/16394
  █████████░░░░░░░░░░░░░░░░  36%  Streaming frame 3143/16394
  █████████░░░░░░░░░░░░░░░░  36%  Streaming frame 3144/16394
  █████████░░░░░░░░░░░░░░░░  36%  Streaming frame 3145/16394
  █████████░░░░░░░░░░░░░░░░  36%  Streaming frame 3146/16394
  █████████░░░░░░░░░░░░░░░░  36%  Streaming frame 3147/16394
  █████████░░░░░░░░░░░░░░░░  36%  Streaming frame 3148/16394
  █████████░░░░░░░░░░░░░░░░  36%  Streaming frame 3149/16394
  █████████░░░░░░░░░░░░░░░░  36%  Streaming frame 3150/16394
  █████████░░░░░░░░░░░░░░░░  36%  Streaming frame 3151/16394
  █████████░░░░░░░░░░░░░░░░  36%  Streaming frame 3152/16394
  █████████░░░░░░░░░░░░░░░░  36%  Streaming frame 3153/16394
  █████████░░░░░░░░░░░░░░░░  36%  Streaming frame 3154/16394
  █████████░░░░░░░░░░░░░░░░  36%  Streaming frame 3155/16394
  █████████░░░░░░░░░░░░░░░░  36%  Streaming frame 3156/16394
  █████████░░░░░░░░░░░░░░░░  36%  Streaming frame 3157/16394
  █████████░░░░░░░░░░░░░░░░  36%  Streaming frame 3158/16394
  █████████░░░░░░░░░░░░░░░░  36%  Streaming frame 3159/16394
  █████████░░░░░░░░░░░░░░░░  36%  Streaming frame 3160/16394
  █████████░░░░░░░░░░░░░░░░  36%  Streaming frame 3161/16394
  █████████░░░░░░░░░░░░░░░░  36%  Streaming frame 3162/16394
  █████████░░░░░░░░░░░░░░░░  36%  Streaming frame 3163/16394
  █████████░░░░░░░░░░░░░░░░  36%  Streaming frame 3164/16394
  █████████░░░░░░░░░░░░░░░░  36%  Streaming frame 3165/16394
  █████████░░░░░░░░░░░░░░░░  36%  Streaming frame 3166/16394
  █████████░░░░░░░░░░░░░░░░  36%  Streaming frame 3167/16394
  █████████░░░░░░░░░░░░░░░░  36%  Streaming frame 3168/16394
  █████████░░░░░░░░░░░░░░░░  36%  Streaming frame 3169/16394
  █████████░░░░░░░░░░░░░░░░  36%  Streaming frame 3170/16394
  █████████░░░░░░░░░░░░░░░░  36%  Streaming frame 3171/16394
  █████████░░░░░░░░░░░░░░░░  36%  Streaming frame 3172/16394
  █████████░░░░░░░░░░░░░░░░  36%  Streaming frame 3173/16394
  █████████░░░░░░░░░░░░░░░░  36%  Streaming frame 3174/16394
  █████████░░░░░░░░░░░░░░░░  36%  Streaming frame 3175/16394
  █████████░░░░░░░░░░░░░░░░  36%  Streaming frame 3176/16394
  █████████░░░░░░░░░░░░░░░░  36%  Streaming frame 3177/16394
  █████████░░░░░░░░░░░░░░░░  36%  Streaming frame 3178/16394
  █████████░░░░░░░░░░░░░░░░  36%  Streaming frame 3179/16394
  █████████░░░░░░░░░░░░░░░░  36%  Streaming frame 3180/16394
  █████████░░░░░░░░░░░░░░░░  36%  Streaming frame 3181/16394
  █████████░░░░░░░░░░░░░░░░  36%  Streaming frame 3182/16394
  █████████░░░░░░░░░░░░░░░░  36%  Streaming frame 3183/16394
  █████████░░░░░░░░░░░░░░░░  36%  Streaming frame 3184/16394
  █████████░░░░░░░░░░░░░░░░  36%  Streaming frame 3185/16394
  █████████░░░░░░░░░░░░░░░░  36%  Streaming frame 3186/16394
  █████████░░░░░░░░░░░░░░░░  36%  Streaming frame 3187/16394
  █████████░░░░░░░░░░░░░░░░  36%  Streaming frame 3188/16394
  █████████░░░░░░░░░░░░░░░░  36%  Streaming frame 3189/16394
  █████████░░░░░░░░░░░░░░░░  36%  Streaming frame 3190/16394
  █████████░░░░░░░░░░░░░░░░  36%  Streaming frame 3191/16394
  █████████░░░░░░░░░░░░░░░░  36%  Streaming frame 3192/16394
  █████████░░░░░░░░░░░░░░░░  36%  Streaming frame 3193/16394
  █████████░░░░░░░░░░░░░░░░  36%  Streaming frame 3194/16394
  █████████░░░░░░░░░░░░░░░░  36%  Streaming frame 3195/16394
  █████████░░░░░░░░░░░░░░░░  36%  Streaming frame 3196/16394
  █████████░░░░░░░░░░░░░░░░  36%  Streaming frame 3197/16394
  █████████░░░░░░░░░░░░░░░░  36%  Streaming frame 3198/16394
  █████████░░░░░░░░░░░░░░░░  36%  Streaming frame 3199/16394
  █████████░░░░░░░░░░░░░░░░  36%  Streaming frame 3200/16394
  █████████░░░░░░░░░░░░░░░░  36%  Streaming frame 3201/16394
  █████████░░░░░░░░░░░░░░░░  36%  Streaming frame 3202/16394
  █████████░░░░░░░░░░░░░░░░  36%  Streaming frame 3203/16394
  █████████░░░░░░░░░░░░░░░░  36%  Streaming frame 3204/16394
  █████████░░░░░░░░░░░░░░░░  36%  Streaming frame 3205/16394
  █████████░░░░░░░░░░░░░░░░  36%  Streaming frame 3206/16394
  █████████░░░░░░░░░░░░░░░░  36%  Streaming frame 3207/16394
  █████████░░░░░░░░░░░░░░░░  36%  Streaming frame 3208/16394
  █████████░░░░░░░░░░░░░░░░  36%  Streaming frame 3209/16394
  █████████░░░░░░░░░░░░░░░░  36%  Streaming frame 3210/16394
  █████████░░░░░░░░░░░░░░░░  36%  Streaming frame 3211/16394
  █████████░░░░░░░░░░░░░░░░  36%  Streaming frame 3212/16394
  █████████░░░░░░░░░░░░░░░░  36%  Streaming frame 3213/16394
  █████████░░░░░░░░░░░░░░░░  36%  Streaming frame 3214/16394
  █████████░░░░░░░░░░░░░░░░  36%  Streaming frame 3215/16394
  █████████░░░░░░░░░░░░░░░░  36%  Streaming frame 3216/16394
  █████████░░░░░░░░░░░░░░░░  36%  Streaming frame 3217/16394
  █████████░░░░░░░░░░░░░░░░  36%  Streaming frame 3218/16394
  █████████░░░░░░░░░░░░░░░░  36%  Streaming frame 3219/16394
  █████████░░░░░░░░░░░░░░░░  36%  Streaming frame 3220/16394
  █████████░░░░░░░░░░░░░░░░  36%  Streaming frame 3221/16394
  █████████░░░░░░░░░░░░░░░░  36%  Streaming frame 3222/16394
  █████████░░░░░░░░░░░░░░░░  36%  Streaming frame 3223/16394
  █████████░░░░░░░░░░░░░░░░  36%  Streaming frame 3224/16394
  █████████░░░░░░░░░░░░░░░░  36%  Streaming frame 3225/16394
  █████████░░░░░░░░░░░░░░░░  36%  Streaming frame 3226/16394
  █████████░░░░░░░░░░░░░░░░  36%  Streaming frame 3227/16394
  █████████░░░░░░░░░░░░░░░░  36%  Streaming frame 3228/16394
  █████████░░░░░░░░░░░░░░░░  36%  Streaming frame 3229/16394
  █████████░░░░░░░░░░░░░░░░  36%  Streaming frame 3230/16394
  █████████░░░░░░░░░░░░░░░░  36%  Streaming frame 3231/16394
  █████████░░░░░░░░░░░░░░░░  36%  Streaming frame 3232/16394
  █████████░░░░░░░░░░░░░░░░  36%  Streaming frame 3233/16394
  █████████░░░░░░░░░░░░░░░░  36%  Streaming frame 3234/16394
  █████████░░░░░░░░░░░░░░░░  36%  Streaming frame 3235/16394
  █████████░░░░░░░░░░░░░░░░  36%  Streaming frame 3236/16394
  █████████░░░░░░░░░░░░░░░░  36%  Streaming frame 3237/16394
  █████████░░░░░░░░░░░░░░░░  36%  Streaming frame 3238/16394
  █████████░░░░░░░░░░░░░░░░  36%  Streaming frame 3239/16394
  █████████░░░░░░░░░░░░░░░░  36%  Streaming frame 3240/16394
  █████████░░░░░░░░░░░░░░░░  36%  Streaming frame 3241/16394
  █████████░░░░░░░░░░░░░░░░  36%  Streaming frame 3242/16394
  █████████░░░░░░░░░░░░░░░░  36%  Streaming frame 3243/16394
  █████████░░░░░░░░░░░░░░░░  36%  Streaming frame 3244/16394
  █████████░░░░░░░░░░░░░░░░  36%  Streaming frame 3245/16394
  █████████░░░░░░░░░░░░░░░░  36%  Streaming frame 3246/16394
  █████████░░░░░░░░░░░░░░░░  36%  Streaming frame 3247/16394
  █████████░░░░░░░░░░░░░░░░  36%  Streaming frame 3248/16394
  █████████░░░░░░░░░░░░░░░░  36%  Streaming frame 3249/16394
  █████████░░░░░░░░░░░░░░░░  36%  Streaming frame 3250/16394
  █████████░░░░░░░░░░░░░░░░  36%  Streaming frame 3251/16394
  █████████░░░░░░░░░░░░░░░░  36%  Streaming frame 3252/16394
  █████████░░░░░░░░░░░░░░░░  36%  Streaming frame 3253/16394
  █████████░░░░░░░░░░░░░░░░  36%  Streaming frame 3254/16394
  █████████░░░░░░░░░░░░░░░░  36%  Streaming frame 3255/16394
  █████████░░░░░░░░░░░░░░░░  36%  Streaming frame 3256/16394
  █████████░░░░░░░░░░░░░░░░  36%  Streaming frame 3257/16394
  █████████░░░░░░░░░░░░░░░░  36%  Streaming frame 3258/16394
  █████████░░░░░░░░░░░░░░░░  36%  Streaming frame 3259/16394
  █████████░░░░░░░░░░░░░░░░  36%  Streaming frame 3260/16394
  █████████░░░░░░░░░░░░░░░░  36%  Streaming frame 3261/16394
  █████████░░░░░░░░░░░░░░░░  36%  Streaming frame 3262/16394
  █████████░░░░░░░░░░░░░░░░  36%  Streaming frame 3263/16394
  █████████░░░░░░░░░░░░░░░░  36%  Streaming frame 3264/16394
  █████████░░░░░░░░░░░░░░░░  36%  Streaming frame 3265/16394
  █████████░░░░░░░░░░░░░░░░  36%  Streaming frame 3266/16394
  █████████░░░░░░░░░░░░░░░░  36%  Streaming frame 3267/16394
  █████████░░░░░░░░░░░░░░░░  36%  Streaming frame 3268/16394
  █████████░░░░░░░░░░░░░░░░  36%  Streaming frame 3269/16394
  █████████░░░░░░░░░░░░░░░░  36%  Streaming frame 3270/16394
  █████████░░░░░░░░░░░░░░░░  36%  Streaming frame 3271/16394
  █████████░░░░░░░░░░░░░░░░  36%  Streaming frame 3272/16394
  █████████░░░░░░░░░░░░░░░░  36%  Streaming frame 3273/16394
  █████████░░░░░░░░░░░░░░░░  36%  Streaming frame 3274/16394
  █████████░░░░░░░░░░░░░░░░  36%  Streaming frame 3275/16394
  █████████░░░░░░░░░░░░░░░░  36%  Streaming frame 3276/16394
  █████████░░░░░░░░░░░░░░░░  36%  Streaming frame 3277/16394
  █████████░░░░░░░░░░░░░░░░  36%  Streaming frame 3278/16394
  █████████░░░░░░░░░░░░░░░░  36%  Streaming frame 3279/16394
  █████████░░░░░░░░░░░░░░░░  36%  Streaming frame 3280/16394
  █████████░░░░░░░░░░░░░░░░  36%  Streaming frame 3281/16394
  █████████░░░░░░░░░░░░░░░░  36%  Streaming frame 3282/16394
  █████████░░░░░░░░░░░░░░░░  36%  Streaming frame 3283/16394
  █████████░░░░░░░░░░░░░░░░  36%  Streaming frame 3284/16394
  █████████░░░░░░░░░░░░░░░░  36%  Streaming frame 3285/16394
  █████████░░░░░░░░░░░░░░░░  36%  Streaming frame 3286/16394
  █████████░░░░░░░░░░░░░░░░  36%  Streaming frame 3287/16394
  █████████░░░░░░░░░░░░░░░░  36%  Streaming frame 3288/16394
  █████████░░░░░░░░░░░░░░░░  36%  Streaming frame 3289/16394
  █████████░░░░░░░░░░░░░░░░  36%  Streaming frame 3290/16394
  █████████░░░░░░░░░░░░░░░░  36%  Streaming frame 3291/16394
  █████████░░░░░░░░░░░░░░░░  36%  Streaming frame 3292/16394
  █████████░░░░░░░░░░░░░░░░  36%  Streaming frame 3293/16394
  █████████░░░░░░░░░░░░░░░░  36%  Streaming frame 3294/16394
  █████████░░░░░░░░░░░░░░░░  36%  Streaming frame 3295/16394
  █████████░░░░░░░░░░░░░░░░  36%  Streaming frame 3296/16394
  █████████░░░░░░░░░░░░░░░░  36%  Streaming frame 3297/16394
  █████████░░░░░░░░░░░░░░░░  36%  Streaming frame 3298/16394
  █████████░░░░░░░░░░░░░░░░  36%  Streaming frame 3299/16394
  █████████░░░░░░░░░░░░░░░░  36%  Streaming frame 3300/16394
  █████████░░░░░░░░░░░░░░░░  36%  Streaming frame 3301/16394
  █████████░░░░░░░░░░░░░░░░  36%  Streaming frame 3302/16394
  █████████░░░░░░░░░░░░░░░░  36%  Streaming frame 3303/16394
  █████████░░░░░░░░░░░░░░░░  36%  Streaming frame 3304/16394
  █████████░░░░░░░░░░░░░░░░  36%  Streaming frame 3305/16394
  █████████░░░░░░░░░░░░░░░░  36%  Streaming frame 3306/16394
  █████████░░░░░░░░░░░░░░░░  36%  Streaming frame 3307/16394
  █████████░░░░░░░░░░░░░░░░  36%  Streaming frame 3308/16394
  █████████░░░░░░░░░░░░░░░░  36%  Streaming frame 3309/16394
  █████████░░░░░░░░░░░░░░░░  36%  Streaming frame 3310/16394
  █████████░░░░░░░░░░░░░░░░  36%  Streaming frame 3311/16394
  █████████░░░░░░░░░░░░░░░░  36%  Streaming frame 3312/16394
  █████████░░░░░░░░░░░░░░░░  36%  Streaming frame 3313/16394
  █████████░░░░░░░░░░░░░░░░  36%  Streaming frame 3314/16394
  █████████░░░░░░░░░░░░░░░░  36%  Streaming frame 3315/16394
  █████████░░░░░░░░░░░░░░░░  36%  Streaming frame 3316/16394
  █████████░░░░░░░░░░░░░░░░  36%  Streaming frame 3317/16394
  █████████░░░░░░░░░░░░░░░░  36%  Streaming frame 3318/16394
  █████████░░░░░░░░░░░░░░░░  36%  Streaming frame 3319/16394
  █████████░░░░░░░░░░░░░░░░  36%  Streaming frame 3320/16394
  █████████░░░░░░░░░░░░░░░░  36%  Streaming frame 3321/16394
  █████████░░░░░░░░░░░░░░░░  36%  Streaming frame 3322/16394
  █████████░░░░░░░░░░░░░░░░  36%  Streaming frame 3323/16394
  █████████░░░░░░░░░░░░░░░░  36%  Streaming frame 3324/16394
  █████████░░░░░░░░░░░░░░░░  36%  Streaming frame 3325/16394
  █████████░░░░░░░░░░░░░░░░  36%  Streaming frame 3326/16394
  █████████░░░░░░░░░░░░░░░░  36%  Streaming frame 3327/16394
  █████████░░░░░░░░░░░░░░░░  36%  Streaming frame 3328/16394
  █████████░░░░░░░░░░░░░░░░  36%  Streaming frame 3329/16394
  █████████░░░░░░░░░░░░░░░░  36%  Streaming frame 3330/16394
  █████████░░░░░░░░░░░░░░░░  36%  Streaming frame 3331/16394
  █████████░░░░░░░░░░░░░░░░  36%  Streaming frame 3332/16394
  █████████░░░░░░░░░░░░░░░░  36%  Streaming frame 3333/16394
  █████████░░░░░░░░░░░░░░░░  36%  Streaming frame 3334/16394
  █████████░░░░░░░░░░░░░░░░  36%  Streaming frame 3335/16394
  █████████░░░░░░░░░░░░░░░░  36%  Streaming frame 3336/16394
  █████████░░░░░░░░░░░░░░░░  36%  Streaming frame 3337/16394
  █████████░░░░░░░░░░░░░░░░  36%  Streaming frame 3338/16394
  █████████░░░░░░░░░░░░░░░░  36%  Streaming frame 3339/16394
  █████████░░░░░░░░░░░░░░░░  36%  Streaming frame 3340/16394
  █████████░░░░░░░░░░░░░░░░  36%  Streaming frame 3341/16394
  █████████░░░░░░░░░░░░░░░░  36%  Streaming frame 3342/16394
  █████████░░░░░░░░░░░░░░░░  36%  Streaming frame 3343/16394
  █████████░░░░░░░░░░░░░░░░  36%  Streaming frame 3344/16394
  █████████░░░░░░░░░░░░░░░░  36%  Streaming frame 3345/16394
  █████████░░░░░░░░░░░░░░░░  36%  Streaming frame 3346/16394
  █████████░░░░░░░░░░░░░░░░  36%  Streaming frame 3347/16394
  █████████░░░░░░░░░░░░░░░░  36%  Streaming frame 3348/16394
  █████████░░░░░░░░░░░░░░░░  36%  Streaming frame 3349/16394
  █████████░░░░░░░░░░░░░░░░  36%  Streaming frame 3350/16394
  █████████░░░░░░░░░░░░░░░░  36%  Streaming frame 3351/16394
  █████████░░░░░░░░░░░░░░░░  36%  Streaming frame 3352/16394
  █████████░░░░░░░░░░░░░░░░  36%  Streaming frame 3353/16394
  █████████░░░░░░░░░░░░░░░░  36%  Streaming frame 3354/16394
  █████████░░░░░░░░░░░░░░░░  36%  Streaming frame 3355/16394
  █████████░░░░░░░░░░░░░░░░  36%  Streaming frame 3356/16394
  █████████░░░░░░░░░░░░░░░░  36%  Streaming frame 3357/16394
  █████████░░░░░░░░░░░░░░░░  36%  Streaming frame 3358/16394
  █████████░░░░░░░░░░░░░░░░  36%  Streaming frame 3359/16394
  █████████░░░░░░░░░░░░░░░░  36%  Streaming frame 3360/16394
  █████████░░░░░░░░░░░░░░░░  36%  Streaming frame 3361/16394
  █████████░░░░░░░░░░░░░░░░  36%  Streaming frame 3362/16394
  █████████░░░░░░░░░░░░░░░░  36%  Streaming frame 3363/16394
  █████████░░░░░░░░░░░░░░░░  36%  Streaming frame 3364/16394
  █████████░░░░░░░░░░░░░░░░  36%  Streaming frame 3365/16394
  █████████░░░░░░░░░░░░░░░░  36%  Streaming frame 3366/16394
  █████████░░░░░░░░░░░░░░░░  36%  Streaming frame 3367/16394
  █████████░░░░░░░░░░░░░░░░  36%  Streaming frame 3368/16394
  █████████░░░░░░░░░░░░░░░░  36%  Streaming frame 3369/16394
  █████████░░░░░░░░░░░░░░░░  36%  Streaming frame 3370/16394
  █████████░░░░░░░░░░░░░░░░  36%  Streaming frame 3371/16394
  █████████░░░░░░░░░░░░░░░░  36%  Streaming frame 3372/16394
  █████████░░░░░░░░░░░░░░░░  36%  Streaming frame 3373/16394
  █████████░░░░░░░░░░░░░░░░  36%  Streaming frame 3374/16394
  █████████░░░░░░░░░░░░░░░░  36%  Streaming frame 3375/16394
  █████████░░░░░░░░░░░░░░░░  36%  Streaming frame 3376/16394
  █████████░░░░░░░░░░░░░░░░  36%  Streaming frame 3377/16394
  █████████░░░░░░░░░░░░░░░░  36%  Streaming frame 3378/16394
  █████████░░░░░░░░░░░░░░░░  36%  Streaming frame 3379/16394
  █████████░░░░░░░░░░░░░░░░  36%  Streaming frame 3380/16394
  █████████░░░░░░░░░░░░░░░░  36%  Streaming frame 3381/16394
  █████████░░░░░░░░░░░░░░░░  36%  Streaming frame 3382/16394
  █████████░░░░░░░░░░░░░░░░  36%  Streaming frame 3383/16394
  █████████░░░░░░░░░░░░░░░░  36%  Streaming frame 3384/16394
  █████████░░░░░░░░░░░░░░░░  36%  Streaming frame 3385/16394
  █████████░░░░░░░░░░░░░░░░  36%  Streaming frame 3386/16394
  █████████░░░░░░░░░░░░░░░░  36%  Streaming frame 3387/16394
  █████████░░░░░░░░░░░░░░░░  36%  Streaming frame 3388/16394
  █████████░░░░░░░░░░░░░░░░  36%  Streaming frame 3389/16394
  █████████░░░░░░░░░░░░░░░░  36%  Streaming frame 3390/16394
  █████████░░░░░░░░░░░░░░░░  36%  Streaming frame 3391/16394
  █████████░░░░░░░░░░░░░░░░  36%  Streaming frame 3392/16394
  █████████░░░░░░░░░░░░░░░░  36%  Streaming frame 3393/16394
  █████████░░░░░░░░░░░░░░░░  36%  Streaming frame 3394/16394
  █████████░░░░░░░░░░░░░░░░  36%  Streaming frame 3395/16394
  █████████░░░░░░░░░░░░░░░░  36%  Streaming frame 3396/16394
  █████████░░░░░░░░░░░░░░░░  36%  Streaming frame 3397/16394
  █████████░░░░░░░░░░░░░░░░  36%  Streaming frame 3398/16394
  █████████░░░░░░░░░░░░░░░░  36%  Streaming frame 3399/16394
  █████████░░░░░░░░░░░░░░░░  36%  Streaming frame 3400/16394
  █████████░░░░░░░░░░░░░░░░  36%  Streaming frame 3401/16394
  █████████░░░░░░░░░░░░░░░░  36%  Streaming frame 3402/16394
  █████████░░░░░░░░░░░░░░░░  36%  Streaming frame 3403/16394
  █████████░░░░░░░░░░░░░░░░  36%  Streaming frame 3404/16394
  █████████░░░░░░░░░░░░░░░░  36%  Streaming frame 3405/16394
  █████████░░░░░░░░░░░░░░░░  36%  Streaming frame 3406/16394
  █████████░░░░░░░░░░░░░░░░  36%  Streaming frame 3407/16394
  █████████░░░░░░░░░░░░░░░░  36%  Streaming frame 3408/16394
  █████████░░░░░░░░░░░░░░░░  36%  Streaming frame 3409/16394
  █████████░░░░░░░░░░░░░░░░  36%  Streaming frame 3410/16394
  █████████░░░░░░░░░░░░░░░░  36%  Streaming frame 3411/16394
  █████████░░░░░░░░░░░░░░░░  36%  Streaming frame 3412/16394
  █████████░░░░░░░░░░░░░░░░  36%  Streaming frame 3413/16394
  █████████░░░░░░░░░░░░░░░░  36%  Streaming frame 3414/16394
  █████████░░░░░░░░░░░░░░░░  36%  Streaming frame 3415/16394
  █████████░░░░░░░░░░░░░░░░  36%  Streaming frame 3416/16394
  █████████░░░░░░░░░░░░░░░░  36%  Streaming frame 3417/16394
  █████████░░░░░░░░░░░░░░░░  36%  Streaming frame 3418/16394
  █████████░░░░░░░░░░░░░░░░  36%  Streaming frame 3419/16394
  █████████░░░░░░░░░░░░░░░░  36%  Streaming frame 3420/16394
  █████████░░░░░░░░░░░░░░░░  36%  Streaming frame 3421/16394
  █████████░░░░░░░░░░░░░░░░  36%  Streaming frame 3422/16394
  █████████░░░░░░░░░░░░░░░░  36%  Streaming frame 3423/16394
  █████████░░░░░░░░░░░░░░░░  36%  Streaming frame 3424/16394
  █████████░░░░░░░░░░░░░░░░  36%  Streaming frame 3425/16394
  █████████░░░░░░░░░░░░░░░░  36%  Streaming frame 3426/16394
  █████████░░░░░░░░░░░░░░░░  36%  Streaming frame 3427/16394
  █████████░░░░░░░░░░░░░░░░  37%  Streaming frame 3428/16394
  █████████░░░░░░░░░░░░░░░░  37%  Streaming frame 3429/16394
  █████████░░░░░░░░░░░░░░░░  37%  Streaming frame 3430/16394
  █████████░░░░░░░░░░░░░░░░  37%  Streaming frame 3431/16394
  █████████░░░░░░░░░░░░░░░░  37%  Streaming frame 3432/16394
  █████████░░░░░░░░░░░░░░░░  37%  Streaming frame 3433/16394
  █████████░░░░░░░░░░░░░░░░  37%  Streaming frame 3434/16394
  █████████░░░░░░░░░░░░░░░░  37%  Streaming frame 3435/16394
  █████████░░░░░░░░░░░░░░░░  37%  Streaming frame 3436/16394
  █████████░░░░░░░░░░░░░░░░  37%  Streaming frame 3437/16394
  █████████░░░░░░░░░░░░░░░░  37%  Streaming frame 3438/16394
  █████████░░░░░░░░░░░░░░░░  37%  Streaming frame 3439/16394
  █████████░░░░░░░░░░░░░░░░  37%  Streaming frame 3440/16394
  █████████░░░░░░░░░░░░░░░░  37%  Streaming frame 3441/16394
  █████████░░░░░░░░░░░░░░░░  37%  Streaming frame 3442/16394
  █████████░░░░░░░░░░░░░░░░  37%  Streaming frame 3443/16394
  █████████░░░░░░░░░░░░░░░░  37%  Streaming frame 3444/16394
  █████████░░░░░░░░░░░░░░░░  37%  Streaming frame 3445/16394
  █████████░░░░░░░░░░░░░░░░  37%  Streaming frame 3446/16394
  █████████░░░░░░░░░░░░░░░░  37%  Streaming frame 3447/16394
  █████████░░░░░░░░░░░░░░░░  37%  Streaming frame 3448/16394
  █████████░░░░░░░░░░░░░░░░  37%  Streaming frame 3449/16394
  █████████░░░░░░░░░░░░░░░░  37%  Streaming frame 3450/16394
  █████████░░░░░░░░░░░░░░░░  37%  Streaming frame 3451/16394
  █████████░░░░░░░░░░░░░░░░  37%  Streaming frame 3452/16394
  █████████░░░░░░░░░░░░░░░░  37%  Streaming frame 3453/16394
  █████████░░░░░░░░░░░░░░░░  37%  Streaming frame 3454/16394
  █████████░░░░░░░░░░░░░░░░  37%  Streaming frame 3455/16394
  █████████░░░░░░░░░░░░░░░░  37%  Streaming frame 3456/16394
  █████████░░░░░░░░░░░░░░░░  37%  Streaming frame 3457/16394
  █████████░░░░░░░░░░░░░░░░  37%  Streaming frame 3458/16394
  █████████░░░░░░░░░░░░░░░░  37%  Streaming frame 3459/16394
  █████████░░░░░░░░░░░░░░░░  37%  Streaming frame 3460/16394
  █████████░░░░░░░░░░░░░░░░  37%  Streaming frame 3461/16394
  █████████░░░░░░░░░░░░░░░░  37%  Streaming frame 3462/16394
  █████████░░░░░░░░░░░░░░░░  37%  Streaming frame 3463/16394
  █████████░░░░░░░░░░░░░░░░  37%  Streaming frame 3464/16394
  █████████░░░░░░░░░░░░░░░░  37%  Streaming frame 3465/16394
  █████████░░░░░░░░░░░░░░░░  37%  Streaming frame 3466/16394
  █████████░░░░░░░░░░░░░░░░  37%  Streaming frame 3467/16394
  █████████░░░░░░░░░░░░░░░░  37%  Streaming frame 3468/16394
  █████████░░░░░░░░░░░░░░░░  37%  Streaming frame 3469/16394
  █████████░░░░░░░░░░░░░░░░  37%  Streaming frame 3470/16394
  █████████░░░░░░░░░░░░░░░░  37%  Streaming frame 3471/16394
  █████████░░░░░░░░░░░░░░░░  37%  Streaming frame 3472/16394
  █████████░░░░░░░░░░░░░░░░  37%  Streaming frame 3473/16394
  █████████░░░░░░░░░░░░░░░░  37%  Streaming frame 3474/16394
  █████████░░░░░░░░░░░░░░░░  37%  Streaming frame 3475/16394
  █████████░░░░░░░░░░░░░░░░  37%  Streaming frame 3476/16394
  █████████░░░░░░░░░░░░░░░░  37%  Streaming frame 3477/16394
  █████████░░░░░░░░░░░░░░░░  37%  Streaming frame 3478/16394
  █████████░░░░░░░░░░░░░░░░  37%  Streaming frame 3479/16394
  █████████░░░░░░░░░░░░░░░░  37%  Streaming frame 3480/16394
  █████████░░░░░░░░░░░░░░░░  37%  Streaming frame 3481/16394
  █████████░░░░░░░░░░░░░░░░  37%  Streaming frame 3482/16394
  █████████░░░░░░░░░░░░░░░░  37%  Streaming frame 3483/16394
  █████████░░░░░░░░░░░░░░░░  37%  Streaming frame 3484/16394
  █████████░░░░░░░░░░░░░░░░  37%  Streaming frame 3485/16394
  █████████░░░░░░░░░░░░░░░░  37%  Streaming frame 3486/16394
  █████████░░░░░░░░░░░░░░░░  37%  Streaming frame 3487/16394
  █████████░░░░░░░░░░░░░░░░  37%  Streaming frame 3488/16394
  █████████░░░░░░░░░░░░░░░░  37%  Streaming frame 3489/16394
  █████████░░░░░░░░░░░░░░░░  37%  Streaming frame 3490/16394
  █████████░░░░░░░░░░░░░░░░  37%  Streaming frame 3491/16394
  █████████░░░░░░░░░░░░░░░░  37%  Streaming frame 3492/16394
  █████████░░░░░░░░░░░░░░░░  37%  Streaming frame 3493/16394
  █████████░░░░░░░░░░░░░░░░  37%  Streaming frame 3494/16394
  █████████░░░░░░░░░░░░░░░░  37%  Streaming frame 3495/16394
  █████████░░░░░░░░░░░░░░░░  37%  Streaming frame 3496/16394
  █████████░░░░░░░░░░░░░░░░  37%  Streaming frame 3497/16394
  █████████░░░░░░░░░░░░░░░░  37%  Streaming frame 3498/16394
  █████████░░░░░░░░░░░░░░░░  37%  Streaming frame 3499/16394
  █████████░░░░░░░░░░░░░░░░  37%  Streaming frame 3500/16394
  █████████░░░░░░░░░░░░░░░░  37%  Streaming frame 3501/16394
  █████████░░░░░░░░░░░░░░░░  37%  Streaming frame 3502/16394
  █████████░░░░░░░░░░░░░░░░  37%  Streaming frame 3503/16394
  █████████░░░░░░░░░░░░░░░░  37%  Streaming frame 3504/16394
  █████████░░░░░░░░░░░░░░░░  37%  Streaming frame 3505/16394
  █████████░░░░░░░░░░░░░░░░  37%  Streaming frame 3506/16394
  █████████░░░░░░░░░░░░░░░░  37%  Streaming frame 3507/16394
  █████████░░░░░░░░░░░░░░░░  37%  Streaming frame 3508/16394
  █████████░░░░░░░░░░░░░░░░  37%  Streaming frame 3509/16394
  █████████░░░░░░░░░░░░░░░░  37%  Streaming frame 3510/16394
  █████████░░░░░░░░░░░░░░░░  37%  Streaming frame 3511/16394
  █████████░░░░░░░░░░░░░░░░  37%  Streaming frame 3512/16394
  █████████░░░░░░░░░░░░░░░░  37%  Streaming frame 3513/16394
  █████████░░░░░░░░░░░░░░░░  37%  Streaming frame 3514/16394
  █████████░░░░░░░░░░░░░░░░  37%  Streaming frame 3515/16394
  █████████░░░░░░░░░░░░░░░░  37%  Streaming frame 3516/16394
  █████████░░░░░░░░░░░░░░░░  37%  Streaming frame 3517/16394
  █████████░░░░░░░░░░░░░░░░  37%  Streaming frame 3518/16394
  █████████░░░░░░░░░░░░░░░░  37%  Streaming frame 3519/16394
  █████████░░░░░░░░░░░░░░░░  37%  Streaming frame 3520/16394
  █████████░░░░░░░░░░░░░░░░  37%  Streaming frame 3521/16394
  █████████░░░░░░░░░░░░░░░░  37%  Streaming frame 3522/16394
  █████████░░░░░░░░░░░░░░░░  37%  Streaming frame 3523/16394
  █████████░░░░░░░░░░░░░░░░  37%  Streaming frame 3524/16394
  █████████░░░░░░░░░░░░░░░░  37%  Streaming frame 3525/16394
  █████████░░░░░░░░░░░░░░░░  37%  Streaming frame 3526/16394
  █████████░░░░░░░░░░░░░░░░  37%  Streaming frame 3527/16394
  █████████░░░░░░░░░░░░░░░░  37%  Streaming frame 3528/16394
  █████████░░░░░░░░░░░░░░░░  37%  Streaming frame 3529/16394
  █████████░░░░░░░░░░░░░░░░  37%  Streaming frame 3530/16394
  █████████░░░░░░░░░░░░░░░░  37%  Streaming frame 3531/16394
  █████████░░░░░░░░░░░░░░░░  37%  Streaming frame 3532/16394
  █████████░░░░░░░░░░░░░░░░  37%  Streaming frame 3533/16394
  █████████░░░░░░░░░░░░░░░░  37%  Streaming frame 3534/16394
  █████████░░░░░░░░░░░░░░░░  37%  Streaming frame 3535/16394
  █████████░░░░░░░░░░░░░░░░  37%  Streaming frame 3536/16394
  █████████░░░░░░░░░░░░░░░░  37%  Streaming frame 3537/16394
  █████████░░░░░░░░░░░░░░░░  37%  Streaming frame 3538/16394
  █████████░░░░░░░░░░░░░░░░  37%  Streaming frame 3539/16394
  █████████░░░░░░░░░░░░░░░░  37%  Streaming frame 3540/16394
  █████████░░░░░░░░░░░░░░░░  37%  Streaming frame 3541/16394
  █████████░░░░░░░░░░░░░░░░  37%  Streaming frame 3542/16394
  █████████░░░░░░░░░░░░░░░░  37%  Streaming frame 3543/16394
  █████████░░░░░░░░░░░░░░░░  37%  Streaming frame 3544/16394
  █████████░░░░░░░░░░░░░░░░  37%  Streaming frame 3545/16394
  █████████░░░░░░░░░░░░░░░░  37%  Streaming frame 3546/16394
  █████████░░░░░░░░░░░░░░░░  37%  Streaming frame 3547/16394
  █████████░░░░░░░░░░░░░░░░  37%  Streaming frame 3548/16394
  █████████░░░░░░░░░░░░░░░░  37%  Streaming frame 3549/16394
  █████████░░░░░░░░░░░░░░░░  37%  Streaming frame 3550/16394
  █████████░░░░░░░░░░░░░░░░  37%  Streaming frame 3551/16394
  █████████░░░░░░░░░░░░░░░░  37%  Streaming frame 3552/16394
[INFO] [Render:trace] {"renderJobId":"e8f02bd8-eb11-48f0-81ac-0e0c97138008","phase":"capture_streaming","status":"checkpoint","elapsedMs":615409,"message":"stage still running","stagePhase":"capturing","workerCount":1,"forceScreenshot":true,"totalFrames":16394,"framesCompleted":3552,"captureMode":"screenshot","captureOperation":"captureScreenshot","heartbeatIndex":7,"stageElapsedMs":599989}
  █████████░░░░░░░░░░░░░░░░  37%  Streaming frame 3553/16394
  █████████░░░░░░░░░░░░░░░░  37%  Streaming frame 3554/16394
  █████████░░░░░░░░░░░░░░░░  37%  Streaming frame 3555/16394
  █████████░░░░░░░░░░░░░░░░  37%  Streaming frame 3556/16394
  █████████░░░░░░░░░░░░░░░░  37%  Streaming frame 3557/16394
  █████████░░░░░░░░░░░░░░░░  37%  Streaming frame 3558/16394
  █████████░░░░░░░░░░░░░░░░  37%  Streaming frame 3559/16394
  █████████░░░░░░░░░░░░░░░░  37%  Streaming frame 3560/16394
  █████████░░░░░░░░░░░░░░░░  37%  Streaming frame 3561/16394
  █████████░░░░░░░░░░░░░░░░  37%  Streaming frame 3562/16394
  █████████░░░░░░░░░░░░░░░░  37%  Streaming frame 3563/16394
  █████████░░░░░░░░░░░░░░░░  37%  Streaming frame 3564/16394
  █████████░░░░░░░░░░░░░░░░  37%  Streaming frame 3565/16394
  █████████░░░░░░░░░░░░░░░░  37%  Streaming frame 3566/16394
  █████████░░░░░░░░░░░░░░░░  37%  Streaming frame 3567/16394
  █████████░░░░░░░░░░░░░░░░  37%  Streaming frame 3568/16394
  █████████░░░░░░░░░░░░░░░░  37%  Streaming frame 3569/16394
  █████████░░░░░░░░░░░░░░░░  37%  Streaming frame 3570/16394
  █████████░░░░░░░░░░░░░░░░  37%  Streaming frame 3571/16394
  █████████░░░░░░░░░░░░░░░░  37%  Streaming frame 3572/16394
  █████████░░░░░░░░░░░░░░░░  37%  Streaming frame 3573/16394
  █████████░░░░░░░░░░░░░░░░  37%  Streaming frame 3574/16394
  █████████░░░░░░░░░░░░░░░░  37%  Streaming frame 3575/16394
  █████████░░░░░░░░░░░░░░░░  37%  Streaming frame 3576/16394
  █████████░░░░░░░░░░░░░░░░  37%  Streaming frame 3577/16394
  █████████░░░░░░░░░░░░░░░░  37%  Streaming frame 3578/16394
  █████████░░░░░░░░░░░░░░░░  37%  Streaming frame 3579/16394
  █████████░░░░░░░░░░░░░░░░  37%  Streaming frame 3580/16394
  █████████░░░░░░░░░░░░░░░░  37%  Streaming frame 3581/16394
  █████████░░░░░░░░░░░░░░░░  37%  Streaming frame 3582/16394
  █████████░░░░░░░░░░░░░░░░  37%  Streaming frame 3583/16394
  █████████░░░░░░░░░░░░░░░░  37%  Streaming frame 3584/16394
  █████████░░░░░░░░░░░░░░░░  37%  Streaming frame 3585/16394
  █████████░░░░░░░░░░░░░░░░  37%  Streaming frame 3586/16394
  █████████░░░░░░░░░░░░░░░░  37%  Streaming frame 3587/16394
  █████████░░░░░░░░░░░░░░░░  37%  Streaming frame 3588/16394
  █████████░░░░░░░░░░░░░░░░  37%  Streaming frame 3589/16394
  █████████░░░░░░░░░░░░░░░░  37%  Streaming frame 3590/16394
  █████████░░░░░░░░░░░░░░░░  37%  Streaming frame 3591/16394
  █████████░░░░░░░░░░░░░░░░  37%  Streaming frame 3592/16394
  █████████░░░░░░░░░░░░░░░░  37%  Streaming frame 3593/16394
  █████████░░░░░░░░░░░░░░░░  37%  Streaming frame 3594/16394
  █████████░░░░░░░░░░░░░░░░  37%  Streaming frame 3595/16394
  █████████░░░░░░░░░░░░░░░░  37%  Streaming frame 3596/16394
  █████████░░░░░░░░░░░░░░░░  37%  Streaming frame 3597/16394
  █████████░░░░░░░░░░░░░░░░  37%  Streaming frame 3598/16394
  █████████░░░░░░░░░░░░░░░░  37%  Streaming frame 3599/16394
  █████████░░░░░░░░░░░░░░░░  37%  Streaming frame 3600/16394
  █████████░░░░░░░░░░░░░░░░  37%  Streaming frame 3601/16394
  █████████░░░░░░░░░░░░░░░░  37%  Streaming frame 3602/16394
  █████████░░░░░░░░░░░░░░░░  37%  Streaming frame 3603/16394
  █████████░░░░░░░░░░░░░░░░  37%  Streaming frame 3604/16394
  █████████░░░░░░░░░░░░░░░░  37%  Streaming frame 3605/16394
  █████████░░░░░░░░░░░░░░░░  37%  Streaming frame 3606/16394
  █████████░░░░░░░░░░░░░░░░  37%  Streaming frame 3607/16394
  █████████░░░░░░░░░░░░░░░░  37%  Streaming frame 3608/16394
  █████████░░░░░░░░░░░░░░░░  37%  Streaming frame 3609/16394
  █████████░░░░░░░░░░░░░░░░  37%  Streaming frame 3610/16394
  █████████░░░░░░░░░░░░░░░░  37%  Streaming frame 3611/16394
  █████████░░░░░░░░░░░░░░░░  37%  Streaming frame 3612/16394
  █████████░░░░░░░░░░░░░░░░  37%  Streaming frame 3613/16394
  █████████░░░░░░░░░░░░░░░░  37%  Streaming frame 3614/16394
  █████████░░░░░░░░░░░░░░░░  37%  Streaming frame 3615/16394
  █████████░░░░░░░░░░░░░░░░  37%  Streaming frame 3616/16394
  █████████░░░░░░░░░░░░░░░░  37%  Streaming frame 3617/16394
  █████████░░░░░░░░░░░░░░░░  37%  Streaming frame 3618/16394
  █████████░░░░░░░░░░░░░░░░  37%  Streaming frame 3619/16394
  █████████░░░░░░░░░░░░░░░░  37%  Streaming frame 3620/16394
  █████████░░░░░░░░░░░░░░░░  37%  Streaming frame 3621/16394
  █████████░░░░░░░░░░░░░░░░  37%  Streaming frame 3622/16394
  █████████░░░░░░░░░░░░░░░░  37%  Streaming frame 3623/16394
  █████████░░░░░░░░░░░░░░░░  37%  Streaming frame 3624/16394
  █████████░░░░░░░░░░░░░░░░  37%  Streaming frame 3625/16394
  █████████░░░░░░░░░░░░░░░░  37%  Streaming frame 3626/16394
  █████████░░░░░░░░░░░░░░░░  37%  Streaming frame 3627/16394
  █████████░░░░░░░░░░░░░░░░  37%  Streaming frame 3628/16394
  █████████░░░░░░░░░░░░░░░░  37%  Streaming frame 3629/16394
  █████████░░░░░░░░░░░░░░░░  37%  Streaming frame 3630/16394
  █████████░░░░░░░░░░░░░░░░  37%  Streaming frame 3631/16394
  █████████░░░░░░░░░░░░░░░░  37%  Streaming frame 3632/16394
  █████████░░░░░░░░░░░░░░░░  37%  Streaming frame 3633/16394
  █████████░░░░░░░░░░░░░░░░  37%  Streaming frame 3634/16394
  █████████░░░░░░░░░░░░░░░░  37%  Streaming frame 3635/16394
  █████████░░░░░░░░░░░░░░░░  37%  Streaming frame 3636/16394
  █████████░░░░░░░░░░░░░░░░  37%  Streaming frame 3637/16394
  █████████░░░░░░░░░░░░░░░░  37%  Streaming frame 3638/16394
  █████████░░░░░░░░░░░░░░░░  37%  Streaming frame 3639/16394
  █████████░░░░░░░░░░░░░░░░  37%  Streaming frame 3640/16394
  █████████░░░░░░░░░░░░░░░░  37%  Streaming frame 3641/16394
  █████████░░░░░░░░░░░░░░░░  37%  Streaming frame 3642/16394
  █████████░░░░░░░░░░░░░░░░  37%  Streaming frame 3643/16394
  █████████░░░░░░░░░░░░░░░░  37%  Streaming frame 3644/16394
  █████████░░░░░░░░░░░░░░░░  37%  Streaming frame 3645/16394
  █████████░░░░░░░░░░░░░░░░  37%  Streaming frame 3646/16394
  █████████░░░░░░░░░░░░░░░░  37%  Streaming frame 3647/16394
  █████████░░░░░░░░░░░░░░░░  37%  Streaming frame 3648/16394
  █████████░░░░░░░░░░░░░░░░  37%  Streaming frame 3649/16394
  █████████░░░░░░░░░░░░░░░░  37%  Streaming frame 3650/16394
  █████████░░░░░░░░░░░░░░░░  37%  Streaming frame 3651/16394
  █████████░░░░░░░░░░░░░░░░  37%  Streaming frame 3652/16394
  █████████░░░░░░░░░░░░░░░░  37%  Streaming frame 3653/16394
  █████████░░░░░░░░░░░░░░░░  37%  Streaming frame 3654/16394
  █████████░░░░░░░░░░░░░░░░  37%  Streaming frame 3655/16394
  █████████░░░░░░░░░░░░░░░░  37%  Streaming frame 3656/16394
  █████████░░░░░░░░░░░░░░░░  37%  Streaming frame 3657/16394
  █████████░░░░░░░░░░░░░░░░  37%  Streaming frame 3658/16394
  █████████░░░░░░░░░░░░░░░░  37%  Streaming frame 3659/16394
  █████████░░░░░░░░░░░░░░░░  37%  Streaming frame 3660/16394
  █████████░░░░░░░░░░░░░░░░  37%  Streaming frame 3661/16394
  █████████░░░░░░░░░░░░░░░░  37%  Streaming frame 3662/16394
  █████████░░░░░░░░░░░░░░░░  37%  Streaming frame 3663/16394
  █████████░░░░░░░░░░░░░░░░  37%  Streaming frame 3664/16394
  █████████░░░░░░░░░░░░░░░░  37%  Streaming frame 3665/16394
  █████████░░░░░░░░░░░░░░░░  37%  Streaming frame 3666/16394
  █████████░░░░░░░░░░░░░░░░  37%  Streaming frame 3667/16394
  █████████░░░░░░░░░░░░░░░░  37%  Streaming frame 3668/16394
  █████████░░░░░░░░░░░░░░░░  37%  Streaming frame 3669/16394
  █████████░░░░░░░░░░░░░░░░  37%  Streaming frame 3670/16394
  █████████░░░░░░░░░░░░░░░░  37%  Streaming frame 3671/16394
  █████████░░░░░░░░░░░░░░░░  37%  Streaming frame 3672/16394
  █████████░░░░░░░░░░░░░░░░  37%  Streaming frame 3673/16394
  █████████░░░░░░░░░░░░░░░░  37%  Streaming frame 3674/16394
  █████████░░░░░░░░░░░░░░░░  37%  Streaming frame 3675/16394
  █████████░░░░░░░░░░░░░░░░  37%  Streaming frame 3676/16394
  █████████░░░░░░░░░░░░░░░░  37%  Streaming frame 3677/16394
  █████████░░░░░░░░░░░░░░░░  37%  Streaming frame 3678/16394
  █████████░░░░░░░░░░░░░░░░  37%  Streaming frame 3679/16394
  █████████░░░░░░░░░░░░░░░░  37%  Streaming frame 3680/16394
  █████████░░░░░░░░░░░░░░░░  37%  Streaming frame 3681/16394
  █████████░░░░░░░░░░░░░░░░  37%  Streaming frame 3682/16394
  █████████░░░░░░░░░░░░░░░░  37%  Streaming frame 3683/16394
  █████████░░░░░░░░░░░░░░░░  37%  Streaming frame 3684/16394
  █████████░░░░░░░░░░░░░░░░  37%  Streaming frame 3685/16394
  █████████░░░░░░░░░░░░░░░░  37%  Streaming frame 3686/16394
  █████████░░░░░░░░░░░░░░░░  37%  Streaming frame 3687/16394
  █████████░░░░░░░░░░░░░░░░  37%  Streaming frame 3688/16394
  █████████░░░░░░░░░░░░░░░░  37%  Streaming frame 3689/16394
  █████████░░░░░░░░░░░░░░░░  37%  Streaming frame 3690/16394
  █████████░░░░░░░░░░░░░░░░  37%  Streaming frame 3691/16394
  █████████░░░░░░░░░░░░░░░░  37%  Streaming frame 3692/16394
  █████████░░░░░░░░░░░░░░░░  37%  Streaming frame 3693/16394
  █████████░░░░░░░░░░░░░░░░  37%  Streaming frame 3694/16394
  █████████░░░░░░░░░░░░░░░░  37%  Streaming frame 3695/16394
  █████████░░░░░░░░░░░░░░░░  37%  Streaming frame 3696/16394
  █████████░░░░░░░░░░░░░░░░  37%  Streaming frame 3697/16394
  █████████░░░░░░░░░░░░░░░░  37%  Streaming frame 3698/16394
  █████████░░░░░░░░░░░░░░░░  37%  Streaming frame 3699/16394
  █████████░░░░░░░░░░░░░░░░  37%  Streaming frame 3700/16394
  █████████░░░░░░░░░░░░░░░░  37%  Streaming frame 3701/16394
  █████████░░░░░░░░░░░░░░░░  37%  Streaming frame 3702/16394
  █████████░░░░░░░░░░░░░░░░  37%  Streaming frame 3703/16394
  █████████░░░░░░░░░░░░░░░░  37%  Streaming frame 3704/16394
  █████████░░░░░░░░░░░░░░░░  37%  Streaming frame 3705/16394
  █████████░░░░░░░░░░░░░░░░  37%  Streaming frame 3706/16394
  █████████░░░░░░░░░░░░░░░░  37%  Streaming frame 3707/16394
  █████████░░░░░░░░░░░░░░░░  37%  Streaming frame 3708/16394
  █████████░░░░░░░░░░░░░░░░  37%  Streaming frame 3709/16394
  █████████░░░░░░░░░░░░░░░░  37%  Streaming frame 3710/16394
  █████████░░░░░░░░░░░░░░░░  37%  Streaming frame 3711/16394
  █████████░░░░░░░░░░░░░░░░  37%  Streaming frame 3712/16394
  █████████░░░░░░░░░░░░░░░░  37%  Streaming frame 3713/16394
  █████████░░░░░░░░░░░░░░░░  37%  Streaming frame 3714/16394
  █████████░░░░░░░░░░░░░░░░  37%  Streaming frame 3715/16394
  █████████░░░░░░░░░░░░░░░░  37%  Streaming frame 3716/16394
  █████████░░░░░░░░░░░░░░░░  37%  Streaming frame 3717/16394
  █████████░░░░░░░░░░░░░░░░  37%  Streaming frame 3718/16394
  █████████░░░░░░░░░░░░░░░░  37%  Streaming frame 3719/16394
  █████████░░░░░░░░░░░░░░░░  37%  Streaming frame 3720/16394
  █████████░░░░░░░░░░░░░░░░  37%  Streaming frame 3721/16394
  █████████░░░░░░░░░░░░░░░░  37%  Streaming frame 3722/16394
  █████████░░░░░░░░░░░░░░░░  37%  Streaming frame 3723/16394
  █████████░░░░░░░░░░░░░░░░  37%  Streaming frame 3724/16394
  █████████░░░░░░░░░░░░░░░░  37%  Streaming frame 3725/16394
  █████████░░░░░░░░░░░░░░░░  38%  Streaming frame 3726/16394
  █████████░░░░░░░░░░░░░░░░  38%  Streaming frame 3727/16394
  █████████░░░░░░░░░░░░░░░░  38%  Streaming frame 3728/16394
  █████████░░░░░░░░░░░░░░░░  38%  Streaming frame 3729/16394
  █████████░░░░░░░░░░░░░░░░  38%  Streaming frame 3730/16394
  █████████░░░░░░░░░░░░░░░░  38%  Streaming frame 3731/16394
  █████████░░░░░░░░░░░░░░░░  38%  Streaming frame 3732/16394
  █████████░░░░░░░░░░░░░░░░  38%  Streaming frame 3733/16394
  █████████░░░░░░░░░░░░░░░░  38%  Streaming frame 3734/16394
  █████████░░░░░░░░░░░░░░░░  38%  Streaming frame 3735/16394
  █████████░░░░░░░░░░░░░░░░  38%  Streaming frame 3736/16394
  █████████░░░░░░░░░░░░░░░░  38%  Streaming frame 3737/16394
  █████████░░░░░░░░░░░░░░░░  38%  Streaming frame 3738/16394
  █████████░░░░░░░░░░░░░░░░  38%  Streaming frame 3739/16394
  █████████░░░░░░░░░░░░░░░░  38%  Streaming frame 3740/16394
  █████████░░░░░░░░░░░░░░░░  38%  Streaming frame 3741/16394
  █████████░░░░░░░░░░░░░░░░  38%  Streaming frame 3742/16394
  █████████░░░░░░░░░░░░░░░░  38%  Streaming frame 3743/16394
  █████████░░░░░░░░░░░░░░░░  38%  Streaming frame 3744/16394
  █████████░░░░░░░░░░░░░░░░  38%  Streaming frame 3745/16394
  █████████░░░░░░░░░░░░░░░░  38%  Streaming frame 3746/16394
  █████████░░░░░░░░░░░░░░░░  38%  Streaming frame 3747/16394
  █████████░░░░░░░░░░░░░░░░  38%  Streaming frame 3748/16394
  █████████░░░░░░░░░░░░░░░░  38%  Streaming frame 3749/16394
  █████████░░░░░░░░░░░░░░░░  38%  Streaming frame 3750/16394
  █████████░░░░░░░░░░░░░░░░  38%  Streaming frame 3751/16394
  █████████░░░░░░░░░░░░░░░░  38%  Streaming frame 3752/16394
  █████████░░░░░░░░░░░░░░░░  38%  Streaming frame 3753/16394
  █████████░░░░░░░░░░░░░░░░  38%  Streaming frame 3754/16394
  █████████░░░░░░░░░░░░░░░░  38%  Streaming frame 3755/16394
  █████████░░░░░░░░░░░░░░░░  38%  Streaming frame 3756/16394
  █████████░░░░░░░░░░░░░░░░  38%  Streaming frame 3757/16394
  █████████░░░░░░░░░░░░░░░░  38%  Streaming frame 3758/16394
  █████████░░░░░░░░░░░░░░░░  38%  Streaming frame 3759/16394
  █████████░░░░░░░░░░░░░░░░  38%  Streaming frame 3760/16394
  █████████░░░░░░░░░░░░░░░░  38%  Streaming frame 3761/16394
  █████████░░░░░░░░░░░░░░░░  38%  Streaming frame 3762/16394
  █████████░░░░░░░░░░░░░░░░  38%  Streaming frame 3763/16394
  █████████░░░░░░░░░░░░░░░░  38%  Streaming frame 3764/16394
  █████████░░░░░░░░░░░░░░░░  38%  Streaming frame 3765/16394
  █████████░░░░░░░░░░░░░░░░  38%  Streaming frame 3766/16394
  █████████░░░░░░░░░░░░░░░░  38%  Streaming frame 3767/16394
  █████████░░░░░░░░░░░░░░░░  38%  Streaming frame 3768/16394
  █████████░░░░░░░░░░░░░░░░  38%  Streaming frame 3769/16394
  █████████░░░░░░░░░░░░░░░░  38%  Streaming frame 3770/16394
  █████████░░░░░░░░░░░░░░░░  38%  Streaming frame 3771/16394
  █████████░░░░░░░░░░░░░░░░  38%  Streaming frame 3772/16394
  █████████░░░░░░░░░░░░░░░░  38%  Streaming frame 3773/16394
  █████████░░░░░░░░░░░░░░░░  38%  Streaming frame 3774/16394
  █████████░░░░░░░░░░░░░░░░  38%  Streaming frame 3775/16394
  █████████░░░░░░░░░░░░░░░░  38%  Streaming frame 3776/16394
  █████████░░░░░░░░░░░░░░░░  38%  Streaming frame 3777/16394
  █████████░░░░░░░░░░░░░░░░  38%  Streaming frame 3778/16394
  █████████░░░░░░░░░░░░░░░░  38%  Streaming frame 3779/16394
  █████████░░░░░░░░░░░░░░░░  38%  Streaming frame 3780/16394
  █████████░░░░░░░░░░░░░░░░  38%  Streaming frame 3781/16394
  █████████░░░░░░░░░░░░░░░░  38%  Streaming frame 3782/16394
  █████████░░░░░░░░░░░░░░░░  38%  Streaming frame 3783/16394
  █████████░░░░░░░░░░░░░░░░  38%  Streaming frame 3784/16394
  █████████░░░░░░░░░░░░░░░░  38%  Streaming frame 3785/16394
  █████████░░░░░░░░░░░░░░░░  38%  Streaming frame 3786/16394
  █████████░░░░░░░░░░░░░░░░  38%  Streaming frame 3787/16394
  █████████░░░░░░░░░░░░░░░░  38%  Streaming frame 3788/16394
  █████████░░░░░░░░░░░░░░░░  38%  Streaming frame 3789/16394
  █████████░░░░░░░░░░░░░░░░  38%  Streaming frame 3790/16394
  █████████░░░░░░░░░░░░░░░░  38%  Streaming frame 3791/16394
  █████████░░░░░░░░░░░░░░░░  38%  Streaming frame 3792/16394
  █████████░░░░░░░░░░░░░░░░  38%  Streaming frame 3793/16394
  █████████░░░░░░░░░░░░░░░░  38%  Streaming frame 3794/16394
  █████████░░░░░░░░░░░░░░░░  38%  Streaming frame 3795/16394
  █████████░░░░░░░░░░░░░░░░  38%  Streaming frame 3796/16394
  █████████░░░░░░░░░░░░░░░░  38%  Streaming frame 3797/16394
  █████████░░░░░░░░░░░░░░░░  38%  Streaming frame 3798/16394
  █████████░░░░░░░░░░░░░░░░  38%  Streaming frame 3799/16394
  █████████░░░░░░░░░░░░░░░░  38%  Streaming frame 3800/16394
  █████████░░░░░░░░░░░░░░░░  38%  Streaming frame 3801/16394
  █████████░░░░░░░░░░░░░░░░  38%  Streaming frame 3802/16394
  █████████░░░░░░░░░░░░░░░░  38%  Streaming frame 3803/16394
  █████████░░░░░░░░░░░░░░░░  38%  Streaming frame 3804/16394
  █████████░░░░░░░░░░░░░░░░  38%  Streaming frame 3805/16394
  █████████░░░░░░░░░░░░░░░░  38%  Streaming frame 3806/16394
  █████████░░░░░░░░░░░░░░░░  38%  Streaming frame 3807/16394
  █████████░░░░░░░░░░░░░░░░  38%  Streaming frame 3808/16394
  █████████░░░░░░░░░░░░░░░░  38%  Streaming frame 3809/16394
  █████████░░░░░░░░░░░░░░░░  38%  Streaming frame 3810/16394
  █████████░░░░░░░░░░░░░░░░  38%  Streaming frame 3811/16394
  █████████░░░░░░░░░░░░░░░░  38%  Streaming frame 3812/16394
  █████████░░░░░░░░░░░░░░░░  38%  Streaming frame 3813/16394
  █████████░░░░░░░░░░░░░░░░  38%  Streaming frame 3814/16394
  █████████░░░░░░░░░░░░░░░░  38%  Streaming frame 3815/16394
  █████████░░░░░░░░░░░░░░░░  38%  Streaming frame 3816/16394
  █████████░░░░░░░░░░░░░░░░  38%  Streaming frame 3817/16394
  █████████░░░░░░░░░░░░░░░░  38%  Streaming frame 3818/16394
  █████████░░░░░░░░░░░░░░░░  38%  Streaming frame 3819/16394
  █████████░░░░░░░░░░░░░░░░  38%  Streaming frame 3820/16394
  █████████░░░░░░░░░░░░░░░░  38%  Streaming frame 3821/16394
  █████████░░░░░░░░░░░░░░░░  38%  Streaming frame 3822/16394
  █████████░░░░░░░░░░░░░░░░  38%  Streaming frame 3823/16394
  █████████░░░░░░░░░░░░░░░░  38%  Streaming frame 3824/16394
  █████████░░░░░░░░░░░░░░░░  38%  Streaming frame 3825/16394
  █████████░░░░░░░░░░░░░░░░  38%  Streaming frame 3826/16394
  █████████░░░░░░░░░░░░░░░░  38%  Streaming frame 3827/16394
  █████████░░░░░░░░░░░░░░░░  38%  Streaming frame 3828/16394
  █████████░░░░░░░░░░░░░░░░  38%  Streaming frame 3829/16394
  █████████░░░░░░░░░░░░░░░░  38%  Streaming frame 3830/16394
  █████████░░░░░░░░░░░░░░░░  38%  Streaming frame 3831/16394
  █████████░░░░░░░░░░░░░░░░  38%  Streaming frame 3832/16394
  █████████░░░░░░░░░░░░░░░░  38%  Streaming frame 3833/16394
  █████████░░░░░░░░░░░░░░░░  38%  Streaming frame 3834/16394
  █████████░░░░░░░░░░░░░░░░  38%  Streaming frame 3835/16394
  █████████░░░░░░░░░░░░░░░░  38%  Streaming frame 3836/16394
  █████████░░░░░░░░░░░░░░░░  38%  Streaming frame 3837/16394
  █████████░░░░░░░░░░░░░░░░  38%  Streaming frame 3838/16394
  █████████░░░░░░░░░░░░░░░░  38%  Streaming frame 3839/16394
  █████████░░░░░░░░░░░░░░░░  38%  Streaming frame 3840/16394
  █████████░░░░░░░░░░░░░░░░  38%  Streaming frame 3841/16394
  █████████░░░░░░░░░░░░░░░░  38%  Streaming frame 3842/16394
  █████████░░░░░░░░░░░░░░░░  38%  Streaming frame 3843/16394
  █████████░░░░░░░░░░░░░░░░  38%  Streaming frame 3844/16394
  █████████░░░░░░░░░░░░░░░░  38%  Streaming frame 3845/16394
  █████████░░░░░░░░░░░░░░░░  38%  Streaming frame 3846/16394
  █████████░░░░░░░░░░░░░░░░  38%  Streaming frame 3847/16394
  █████████░░░░░░░░░░░░░░░░  38%  Streaming frame 3848/16394
  █████████░░░░░░░░░░░░░░░░  38%  Streaming frame 3849/16394
  █████████░░░░░░░░░░░░░░░░  38%  Streaming frame 3850/16394
  █████████░░░░░░░░░░░░░░░░  38%  Streaming frame 3851/16394
  █████████░░░░░░░░░░░░░░░░  38%  Streaming frame 3852/16394
  █████████░░░░░░░░░░░░░░░░  38%  Streaming frame 3853/16394
  █████████░░░░░░░░░░░░░░░░  38%  Streaming frame 3854/16394
  █████████░░░░░░░░░░░░░░░░  38%  Streaming frame 3855/16394
  █████████░░░░░░░░░░░░░░░░  38%  Streaming frame 3856/16394
  █████████░░░░░░░░░░░░░░░░  38%  Streaming frame 3857/16394
  █████████░░░░░░░░░░░░░░░░  38%  Streaming frame 3858/16394
  █████████░░░░░░░░░░░░░░░░  38%  Streaming frame 3859/16394
  █████████░░░░░░░░░░░░░░░░  38%  Streaming frame 3860/16394
  █████████░░░░░░░░░░░░░░░░  38%  Streaming frame 3861/16394
  █████████░░░░░░░░░░░░░░░░  38%  Streaming frame 3862/16394
  █████████░░░░░░░░░░░░░░░░  38%  Streaming frame 3863/16394
  █████████░░░░░░░░░░░░░░░░  38%  Streaming frame 3864/16394
  █████████░░░░░░░░░░░░░░░░  38%  Streaming frame 3865/16394
  █████████░░░░░░░░░░░░░░░░  38%  Streaming frame 3866/16394
  █████████░░░░░░░░░░░░░░░░  38%  Streaming frame 3867/16394
  █████████░░░░░░░░░░░░░░░░  38%  Streaming frame 3868/16394
  █████████░░░░░░░░░░░░░░░░  38%  Streaming frame 3869/16394
  █████████░░░░░░░░░░░░░░░░  38%  Streaming frame 3870/16394
  █████████░░░░░░░░░░░░░░░░  38%  Streaming frame 3871/16394
  █████████░░░░░░░░░░░░░░░░  38%  Streaming frame 3872/16394
  █████████░░░░░░░░░░░░░░░░  38%  Streaming frame 3873/16394
  █████████░░░░░░░░░░░░░░░░  38%  Streaming frame 3874/16394
  █████████░░░░░░░░░░░░░░░░  38%  Streaming frame 3875/16394
  █████████░░░░░░░░░░░░░░░░  38%  Streaming frame 3876/16394
  █████████░░░░░░░░░░░░░░░░  38%  Streaming frame 3877/16394
  █████████░░░░░░░░░░░░░░░░  38%  Streaming frame 3878/16394
  █████████░░░░░░░░░░░░░░░░  38%  Streaming frame 3879/16394
  █████████░░░░░░░░░░░░░░░░  38%  Streaming frame 3880/16394
  █████████░░░░░░░░░░░░░░░░  38%  Streaming frame 3881/16394
  █████████░░░░░░░░░░░░░░░░  38%  Streaming frame 3882/16394
  █████████░░░░░░░░░░░░░░░░  38%  Streaming frame 3883/16394
  █████████░░░░░░░░░░░░░░░░  38%  Streaming frame 3884/16394
  █████████░░░░░░░░░░░░░░░░  38%  Streaming frame 3885/16394
  █████████░░░░░░░░░░░░░░░░  38%  Streaming frame 3886/16394
  █████████░░░░░░░░░░░░░░░░  38%  Streaming frame 3887/16394
  █████████░░░░░░░░░░░░░░░░  38%  Streaming frame 3888/16394
  █████████░░░░░░░░░░░░░░░░  38%  Streaming frame 3889/16394
  █████████░░░░░░░░░░░░░░░░  38%  Streaming frame 3890/16394
  █████████░░░░░░░░░░░░░░░░  38%  Streaming frame 3891/16394
  █████████░░░░░░░░░░░░░░░░  38%  Streaming frame 3892/16394
  █████████░░░░░░░░░░░░░░░░  38%  Streaming frame 3893/16394
  █████████░░░░░░░░░░░░░░░░  38%  Streaming frame 3894/16394
  █████████░░░░░░░░░░░░░░░░  38%  Streaming frame 3895/16394
  █████████░░░░░░░░░░░░░░░░  38%  Streaming frame 3896/16394
  █████████░░░░░░░░░░░░░░░░  38%  Streaming frame 3897/16394
  █████████░░░░░░░░░░░░░░░░  38%  Streaming frame 3898/16394
  █████████░░░░░░░░░░░░░░░░  38%  Streaming frame 3899/16394
  █████████░░░░░░░░░░░░░░░░  38%  Streaming frame 3900/16394
  █████████░░░░░░░░░░░░░░░░  38%  Streaming frame 3901/16394
  █████████░░░░░░░░░░░░░░░░  38%  Streaming frame 3902/16394
  █████████░░░░░░░░░░░░░░░░  38%  Streaming frame 3903/16394
  █████████░░░░░░░░░░░░░░░░  38%  Streaming frame 3904/16394
  █████████░░░░░░░░░░░░░░░░  38%  Streaming frame 3905/16394
  █████████░░░░░░░░░░░░░░░░  38%  Streaming frame 3906/16394
  █████████░░░░░░░░░░░░░░░░  38%  Streaming frame 3907/16394
  █████████░░░░░░░░░░░░░░░░  38%  Streaming frame 3908/16394
  █████████░░░░░░░░░░░░░░░░  38%  Streaming frame 3909/16394
  █████████░░░░░░░░░░░░░░░░  38%  Streaming frame 3910/16394
  █████████░░░░░░░░░░░░░░░░  38%  Streaming frame 3911/16394
  █████████░░░░░░░░░░░░░░░░  38%  Streaming frame 3912/16394
  █████████░░░░░░░░░░░░░░░░  38%  Streaming frame 3913/16394
  █████████░░░░░░░░░░░░░░░░  38%  Streaming frame 3914/16394
  █████████░░░░░░░░░░░░░░░░  38%  Streaming frame 3915/16394
  █████████░░░░░░░░░░░░░░░░  38%  Streaming frame 3916/16394
  █████████░░░░░░░░░░░░░░░░  38%  Streaming frame 3917/16394
  █████████░░░░░░░░░░░░░░░░  38%  Streaming frame 3918/16394
  █████████░░░░░░░░░░░░░░░░  38%  Streaming frame 3919/16394
  █████████░░░░░░░░░░░░░░░░  38%  Streaming frame 3920/16394
  █████████░░░░░░░░░░░░░░░░  38%  Streaming frame 3921/16394
  █████████░░░░░░░░░░░░░░░░  38%  Streaming frame 3922/16394
  █████████░░░░░░░░░░░░░░░░  38%  Streaming frame 3923/16394
  █████████░░░░░░░░░░░░░░░░  38%  Streaming frame 3924/16394
  █████████░░░░░░░░░░░░░░░░  38%  Streaming frame 3925/16394
  █████████░░░░░░░░░░░░░░░░  38%  Streaming frame 3926/16394
  █████████░░░░░░░░░░░░░░░░  38%  Streaming frame 3927/16394
  █████████░░░░░░░░░░░░░░░░  38%  Streaming frame 3928/16394
  █████████░░░░░░░░░░░░░░░░  38%  Streaming frame 3929/16394
  █████████░░░░░░░░░░░░░░░░  38%  Streaming frame 3930/16394
  █████████░░░░░░░░░░░░░░░░  38%  Streaming frame 3931/16394
  █████████░░░░░░░░░░░░░░░░  38%  Streaming frame 3932/16394
  █████████░░░░░░░░░░░░░░░░  38%  Streaming frame 3933/16394
  █████████░░░░░░░░░░░░░░░░  38%  Streaming frame 3934/16394
  █████████░░░░░░░░░░░░░░░░  38%  Streaming frame 3935/16394
  █████████░░░░░░░░░░░░░░░░  38%  Streaming frame 3936/16394
  █████████░░░░░░░░░░░░░░░░  38%  Streaming frame 3937/16394
  █████████░░░░░░░░░░░░░░░░  38%  Streaming frame 3938/16394
  █████████░░░░░░░░░░░░░░░░  38%  Streaming frame 3939/16394
  █████████░░░░░░░░░░░░░░░░  38%  Streaming frame 3940/16394
  █████████░░░░░░░░░░░░░░░░  38%  Streaming frame 3941/16394
  █████████░░░░░░░░░░░░░░░░  38%  Streaming frame 3942/16394
  █████████░░░░░░░░░░░░░░░░  38%  Streaming frame 3943/16394
  █████████░░░░░░░░░░░░░░░░  38%  Streaming frame 3944/16394
  █████████░░░░░░░░░░░░░░░░  38%  Streaming frame 3945/16394
  █████████░░░░░░░░░░░░░░░░  38%  Streaming frame 3946/16394
  █████████░░░░░░░░░░░░░░░░  38%  Streaming frame 3947/16394
  █████████░░░░░░░░░░░░░░░░  38%  Streaming frame 3948/16394
  █████████░░░░░░░░░░░░░░░░  38%  Streaming frame 3949/16394
[INFO] [Render:trace] {"renderJobId":"e8f02bd8-eb11-48f0-81ac-0e0c97138008","phase":"capture_streaming","status":"checkpoint","elapsedMs":735410,"message":"stage still running","stagePhase":"capturing","workerCount":1,"forceScreenshot":true,"totalFrames":16394,"framesCompleted":3949,"captureMode":"screenshot","captureOperation":"captureScreenshot","heartbeatIndex":8,"stageElapsedMs":719990}
[INFO] [Render:trace] {"renderJobId":"e8f02bd8-eb11-48f0-81ac-0e0c97138008","phase":"capture_streaming","status":"error","elapsedMs":735845,"durationMs":720425,"message":"[Render] Sequential drawElement capture stalled: no frame progress for 60000ms (stuck at frame 3949/16394).","stagePhase":"capturing","workerCount":1,"forceScreenshot":true,"totalFrames":16394,"framesCompleted":3949,"captureMode":"screenshot","captureOperation":"captureScreenshot"}
  █████████░░░░░░░░░░░░░░░░  38%  Failed: [Render] Sequential drawElement capture stalled: no frame progress for 60000ms (stuck at frame 3949/16394).
[INFO] [Render] Failure summary {"renderJobId":"e8f02bd8-eb11-48f0-81ac-0e0c97138008","failedStage":"Streaming frame 3949/16394","error":"[Render] Sequential drawElement capture stalled: no frame progress for 60000ms (stuck at frame 3949/16394).","elapsedMs":735846,"stageTimings":{"compileOnlyMs":155,"browserProbeMs":10,"compileMs":214,"videoExtractMs":60,"audioProcessMs":15136},"isTimeout":false,"workers":1,"protocolTimeout":300000,"observedFailedPhase":"capture_streaming","observedLastPhase":"capture_streaming","observedLastStatus":"error","browserDiagnostics":{"total":3,"errors":0,"pageErrors":0,"requestFailed":0,"httpErrors":0,"navigationStarts":1,"navigationFailures":0,"consoleErrors":0,"consoleWarnings":0},"extraction":{"videoCount":1,"extractedVideoCount":1,"totalFramesExtracted":16394,"maxFramesPerVideo":16394,"avgFramesPerExtractedVideo":16394,"vfrProbeMs":0,"vfrPreflightMs":0,"vfrPreflightCount":0,"cacheHits":1,"cacheMisses":0,"transientRetries":0,"minVideoFrameCoverageRatio":1,"authoredTimedClipCount":3},"browserConsoleErrors":["[FrameCapture:NAV] page.goto start mode=screenshot timeoutMs=60000 url=http://localhost:60603/index.html"]}

✗  Render failed

   [Render] Sequential drawElement capture stalled: no frame progress for 60000ms (stuck at frame 3949/16394).
   Try --docker for containerized rendering

