
◆  Rendering native-presenter-v1/test-only-transport-4320frames.html → /private/tmp/sniper-native-frame-transport-20260909.wsUupP/transport-candidate-4320-v1.mp4
   24000/1001fps · high · 1 workers

[?25l│
◇  Browser: env
[?25h/bin/sh: /bin/ps: Operation not permitted
/bin/sh: /bin/ps: Operation not permitted
/bin/sh: /bin/ps: Operation not permitted
/bin/sh: /bin/ps: Operation not permitted
/bin/sh: /bin/ps: Operation not permitted
[INFO] [Render] Pipeline started {"renderJobId":"5a7093f0-e08a-4e3a-b497-59831d057bf9","platform":"darwin","arch":"arm64","nodeVersion":"v23.10.0","fps":{"num":24000,"den":1001},"format":"mp4","quality":"high","browserGpuMode":"software","forceScreenshot":true,"protocolTimeout":300000,"browserTimeout":120000,"pageNavigationTimeout":60000,"playerReadyTimeout":45000}
[INFO] [Render:trace] {"renderJobId":"5a7093f0-e08a-4e3a-b497-59831d057bf9","phase":"pipeline","status":"checkpoint","elapsedMs":2,"message":"started","format":"mp4","quality":"high","browserGpuMode":"software","forceScreenshot":true,"protocolTimeoutMs":300000,"pageNavigationTimeoutMs":60000,"playerReadyTimeoutMs":45000,"requestedWorkers":1}
[INFO] [Render:trace] {"renderJobId":"5a7093f0-e08a-4e3a-b497-59831d057bf9","phase":"compile","status":"start","elapsedMs":3,"needsAlpha":false}
  █░░░░░░░░░░░░░░░░░░░░░░░░  5%  Compiling composition
[INFO] [Compiler] Injected deterministic @font-face rules for 2 requested font families
[INFO] Compiled composition metadata {"renderJobId":"5a7093f0-e08a-4e3a-b497-59831d057bf9","entryFile":"test-only-transport-4320frames.html","staticDuration":180.18,"width":1920,"height":1080,"videoCount":1,"audioCount":1,"renderModeHints":{"recommendScreenshot":false,"reasons":[]}}
[INFO] [Render:trace] {"renderJobId":"5a7093f0-e08a-4e3a-b497-59831d057bf9","phase":"compile","status":"end","elapsedMs":196,"durationMs":193,"needsAlpha":false}
[INFO] [Render:trace] {"renderJobId":"5a7093f0-e08a-4e3a-b497-59831d057bf9","phase":"compile","status":"checkpoint","elapsedMs":197,"message":"composition metadata resolved","width":1920,"height":1080,"videoCount":1,"audioCount":1,"imageCount":3,"deviceScaleFactor":1,"forceScreenshot":true,"compositionHash":"3a417e6beb38f104"}
[INFO] [Render] Low-memory render profile active — screenshot capture, auto-worker calibration skipped. Override with --no-low-memory-mode or PRODUCER_LOW_MEMORY_MODE=false. {"renderJobId":"5a7093f0-e08a-4e3a-b497-59831d057bf9","totalMemMb":65536,"thresholdMb":8192}
[INFO] [Render:trace] {"renderJobId":"5a7093f0-e08a-4e3a-b497-59831d057bf9","phase":"browser_probe","status":"start","elapsedMs":197,"forceScreenshot":true,"stagePhase":"calibrating"}
[INFO] [Render:trace] {"renderJobId":"5a7093f0-e08a-4e3a-b497-59831d057bf9","phase":"browser_probe","status":"end","elapsedMs":207,"durationMs":10,"forceScreenshot":true,"stagePhase":"calibrating"}
[INFO] [Render:trace] {"renderJobId":"5a7093f0-e08a-4e3a-b497-59831d057bf9","phase":"browser_probe","status":"checkpoint","elapsedMs":207,"message":"duration resolved","durationSeconds":180.18,"totalFrames":4320,"compositionHash":"3a417e6beb38f104","beginFrameStalled":false}
[INFO] [Render:trace] {"renderJobId":"5a7093f0-e08a-4e3a-b497-59831d057bf9","phase":"video_extract","status":"start","elapsedMs":207,"videoCount":1}
[INFO] Probing video color spaces... {"renderJobId":"5a7093f0-e08a-4e3a-b497-59831d057bf9","videoCount":1}
  ██░░░░░░░░░░░░░░░░░░░░░░░  10%  Extracting video frames
[INFO] Extracting frames from video 1/1 {"renderJobId":"5a7093f0-e08a-4e3a-b497-59831d057bf9","sourceType":"local"}
[WARN] [Compiler] WARNING: Video "presenter" has sparse keyframes (max interval: 10.43s). This causes seek failures and frame freezing. Re-encode with: ffmpeg -i "assets/presenter-full.mp4" -c:v libx264 -r 30 -g 30 -keyint_min 30 -movflags +faststart -c:a copy output.mp4
[INFO] [Render:trace] {"renderJobId":"5a7093f0-e08a-4e3a-b497-59831d057bf9","phase":"video_extract","status":"end","elapsedMs":30343,"durationMs":30136,"videoCount":1}
[INFO] [Render:trace] {"renderJobId":"5a7093f0-e08a-4e3a-b497-59831d057bf9","phase":"video_extract","status":"checkpoint","elapsedMs":30352,"message":"frames resolved","videoCount":1,"extractedVideoCount":1,"totalFramesExtracted":4320,"maxFramesPerVideo":4320,"avgFramesPerExtractedVideo":4320,"vfrPreflightCount":0,"vfrPreflightMs":0,"cacheHits":0,"cacheMisses":1,"transientRetries":0,"minVideoFrameCoverageRatio":1,"authoredTimedClipCount":3}
[INFO] [Render] No HDR sources detected — rendering SDR {"renderJobId":"5a7093f0-e08a-4e3a-b497-59831d057bf9"}
[INFO] [Render:trace] {"renderJobId":"5a7093f0-e08a-4e3a-b497-59831d057bf9","phase":"hdr_detection","status":"checkpoint","elapsedMs":30353,"message":"resolved","requestedHdrMode":"auto","effectiveHdr":"sdr","nativeHdrVideoCount":0,"nativeHdrImageCount":0}
[INFO] [Render:trace] {"renderJobId":"5a7093f0-e08a-4e3a-b497-59831d057bf9","phase":"audio_process","status":"start","elapsedMs":30353,"audioCount":1}
  █████░░░░░░░░░░░░░░░░░░░░  20%  Processing audio tracks
[INFO] [Render:trace] {"renderJobId":"5a7093f0-e08a-4e3a-b497-59831d057bf9","phase":"audio_process","status":"end","elapsedMs":34430,"durationMs":4077,"audioCount":1}
[INFO] [Render:trace] {"renderJobId":"5a7093f0-e08a-4e3a-b497-59831d057bf9","phase":"file_server","status":"start","elapsedMs":34430,"reused":false}
  ██████░░░░░░░░░░░░░░░░░░░  25%  Starting frame capture
[INFO] [Render:trace] {"renderJobId":"5a7093f0-e08a-4e3a-b497-59831d057bf9","phase":"file_server","status":"end","elapsedMs":34434,"durationMs":4}
[NativeFrameTransport] {"event":"configured","atUnixMs":1788976218617,"registrations":0,"requests":0,"completed":0,"head":0,"rejected":0,"errors":0,"aborted":0,"peakStreams":0,"peakSourceDescriptors":0,"bytes":0,"base64Fallbacks":0,"entries":0,"activeStreams":0,"activeSourceDescriptors":0,"closed":false,"failed":false,"mode":"same-origin-url"}
[INFO] [Render:trace] {"renderJobId":"5a7093f0-e08a-4e3a-b497-59831d057bf9","phase":"capture_calibration","status":"checkpoint","elapsedMs":34435,"message":"skipped","requestedWorkers":1,"totalFrames":4320,"htmlInCanvasDetected":false,"lowMemoryMode":true,"deInversionEligible":false,"deParallelRouterEligible":false}
[INFO] [Render:trace] {"renderJobId":"5a7093f0-e08a-4e3a-b497-59831d057bf9","phase":"worker_resolution","status":"checkpoint","elapsedMs":34435,"message":"resolved","workerCount":1}
[INFO] streaming-encode gate {"renderJobId":"5a7093f0-e08a-4e3a-b497-59831d057bf9","enabled":true,"configFlag":true,"outputFormat":"mp4","workerCount":1,"durationSeconds":180.18,"maxDurationSeconds":900}
[INFO] [Render:trace] {"renderJobId":"5a7093f0-e08a-4e3a-b497-59831d057bf9","phase":"capture_strategy","status":"checkpoint","elapsedMs":34435,"message":"resolved","workerCount":1,"forceScreenshot":true,"captureBeyondViewport":true,"useStreamingEncode":true,"useLayeredComposite":false,"usePageSideCompositing":false,"hasHdrContent":false,"hasShaderTransitions":false,"isPngSequence":false}
[INFO] [Render:trace] {"renderJobId":"5a7093f0-e08a-4e3a-b497-59831d057bf9","phase":"capture_streaming","status":"start","elapsedMs":34435,"stagePhase":"capturing","workerCount":1,"forceScreenshot":true,"totalFrames":4320,"framesCompleted":0,"captureMode":"screenshot","captureOperation":"captureScreenshot"}
[BrowserManager] Browser launched (HeadlessChrome/152.0.7928.2, screenshot, gl=--use-gl=angle --use-angle=swiftshader, headlessShell=true, platform=darwin)
[initSession:screenshot] page.goto start (0ms)
[HyperFrames] render runtime fps [object Object]
[initSession:screenshot] page.goto complete (198ms)
[initSession:screenshot] GSAP proxy flush complete (226ms)
[initSession:screenshot] pollHfReady complete (227ms)
[initSession:screenshot] pollSubCompositionTimelines complete (ready) (228ms)
[initSession:screenshot] applyVideoMetadataHints complete (229ms)
[initSession:screenshot] media + fonts + tailwind ready (230ms)
[initSession:screenshot] captureBeyondViewport downgraded: page content fits the capture viewport (232ms)
[initSession:screenshot] static-frame dedup: disabled (before-capture hook / video injection active) (232ms)
  ██████░░░░░░░░░░░░░░░░░░░  25%  Streaming frame 1/4320
  ██████░░░░░░░░░░░░░░░░░░░  25%  Streaming frame 2/4320
  ██████░░░░░░░░░░░░░░░░░░░  25%  Streaming frame 3/4320
  ██████░░░░░░░░░░░░░░░░░░░  25%  Streaming frame 4/4320
  ██████░░░░░░░░░░░░░░░░░░░  25%  Streaming frame 5/4320
  ██████░░░░░░░░░░░░░░░░░░░  25%  Streaming frame 6/4320
  ██████░░░░░░░░░░░░░░░░░░░  25%  Streaming frame 7/4320
  ██████░░░░░░░░░░░░░░░░░░░  25%  Streaming frame 8/4320
  ██████░░░░░░░░░░░░░░░░░░░  25%  Streaming frame 9/4320
  ██████░░░░░░░░░░░░░░░░░░░  25%  Streaming frame 10/4320
  ██████░░░░░░░░░░░░░░░░░░░  25%  Streaming frame 11/4320
  ██████░░░░░░░░░░░░░░░░░░░  25%  Streaming frame 12/4320
  ██████░░░░░░░░░░░░░░░░░░░  25%  Streaming frame 13/4320
  ██████░░░░░░░░░░░░░░░░░░░  25%  Streaming frame 14/4320
  ██████░░░░░░░░░░░░░░░░░░░  25%  Streaming frame 15/4320
  ██████░░░░░░░░░░░░░░░░░░░  25%  Streaming frame 16/4320
  ██████░░░░░░░░░░░░░░░░░░░  25%  Streaming frame 17/4320
  ██████░░░░░░░░░░░░░░░░░░░  25%  Streaming frame 18/4320
  ██████░░░░░░░░░░░░░░░░░░░  25%  Streaming frame 19/4320
  ██████░░░░░░░░░░░░░░░░░░░  25%  Streaming frame 20/4320
  ██████░░░░░░░░░░░░░░░░░░░  25%  Streaming frame 21/4320
  ██████░░░░░░░░░░░░░░░░░░░  25%  Streaming frame 22/4320
  ██████░░░░░░░░░░░░░░░░░░░  25%  Streaming frame 23/4320
  ██████░░░░░░░░░░░░░░░░░░░  25%  Streaming frame 24/4320
  ██████░░░░░░░░░░░░░░░░░░░  25%  Streaming frame 25/4320
  ██████░░░░░░░░░░░░░░░░░░░  25%  Streaming frame 26/4320
  ██████░░░░░░░░░░░░░░░░░░░  25%  Streaming frame 27/4320
  ██████░░░░░░░░░░░░░░░░░░░  25%  Streaming frame 28/4320
  ██████░░░░░░░░░░░░░░░░░░░  25%  Streaming frame 29/4320
  ██████░░░░░░░░░░░░░░░░░░░  25%  Streaming frame 30/4320
  ██████░░░░░░░░░░░░░░░░░░░  25%  Streaming frame 31/4320
  ██████░░░░░░░░░░░░░░░░░░░  25%  Streaming frame 32/4320
  ██████░░░░░░░░░░░░░░░░░░░  25%  Streaming frame 33/4320
  ██████░░░░░░░░░░░░░░░░░░░  25%  Streaming frame 34/4320
  ██████░░░░░░░░░░░░░░░░░░░  25%  Streaming frame 35/4320
  ██████░░░░░░░░░░░░░░░░░░░  25%  Streaming frame 36/4320
  ██████░░░░░░░░░░░░░░░░░░░  25%  Streaming frame 37/4320
  ██████░░░░░░░░░░░░░░░░░░░  25%  Streaming frame 38/4320
  ██████░░░░░░░░░░░░░░░░░░░  25%  Streaming frame 39/4320
  ██████░░░░░░░░░░░░░░░░░░░  26%  Streaming frame 40/4320
  ██████░░░░░░░░░░░░░░░░░░░  26%  Streaming frame 41/4320
  ██████░░░░░░░░░░░░░░░░░░░  26%  Streaming frame 42/4320
  ██████░░░░░░░░░░░░░░░░░░░  26%  Streaming frame 43/4320
  ██████░░░░░░░░░░░░░░░░░░░  26%  Streaming frame 44/4320
  ██████░░░░░░░░░░░░░░░░░░░  26%  Streaming frame 45/4320
  ██████░░░░░░░░░░░░░░░░░░░  26%  Streaming frame 46/4320
  ██████░░░░░░░░░░░░░░░░░░░  26%  Streaming frame 47/4320
  ██████░░░░░░░░░░░░░░░░░░░  26%  Streaming frame 48/4320
  ██████░░░░░░░░░░░░░░░░░░░  26%  Streaming frame 49/4320
  ██████░░░░░░░░░░░░░░░░░░░  26%  Streaming frame 50/4320
  ██████░░░░░░░░░░░░░░░░░░░  26%  Streaming frame 51/4320
  ██████░░░░░░░░░░░░░░░░░░░  26%  Streaming frame 52/4320
  ██████░░░░░░░░░░░░░░░░░░░  26%  Streaming frame 53/4320
  ██████░░░░░░░░░░░░░░░░░░░  26%  Streaming frame 54/4320
  ██████░░░░░░░░░░░░░░░░░░░  26%  Streaming frame 55/4320
  ██████░░░░░░░░░░░░░░░░░░░  26%  Streaming frame 56/4320
  ██████░░░░░░░░░░░░░░░░░░░  26%  Streaming frame 57/4320
  ██████░░░░░░░░░░░░░░░░░░░  26%  Streaming frame 58/4320
  ██████░░░░░░░░░░░░░░░░░░░  26%  Streaming frame 59/4320
  ██████░░░░░░░░░░░░░░░░░░░  26%  Streaming frame 60/4320
  ██████░░░░░░░░░░░░░░░░░░░  26%  Streaming frame 61/4320
  ██████░░░░░░░░░░░░░░░░░░░  26%  Streaming frame 62/4320
  ██████░░░░░░░░░░░░░░░░░░░  26%  Streaming frame 63/4320
  ██████░░░░░░░░░░░░░░░░░░░  26%  Streaming frame 64/4320
  ██████░░░░░░░░░░░░░░░░░░░  26%  Streaming frame 65/4320
  ██████░░░░░░░░░░░░░░░░░░░  26%  Streaming frame 66/4320
  ██████░░░░░░░░░░░░░░░░░░░  26%  Streaming frame 67/4320
  ██████░░░░░░░░░░░░░░░░░░░  26%  Streaming frame 68/4320
  ██████░░░░░░░░░░░░░░░░░░░  26%  Streaming frame 69/4320
  ██████░░░░░░░░░░░░░░░░░░░  26%  Streaming frame 70/4320
  ██████░░░░░░░░░░░░░░░░░░░  26%  Streaming frame 71/4320
  ██████░░░░░░░░░░░░░░░░░░░  26%  Streaming frame 72/4320
  ██████░░░░░░░░░░░░░░░░░░░  26%  Streaming frame 73/4320
  ██████░░░░░░░░░░░░░░░░░░░  26%  Streaming frame 74/4320
  ██████░░░░░░░░░░░░░░░░░░░  26%  Streaming frame 75/4320
  ██████░░░░░░░░░░░░░░░░░░░  26%  Streaming frame 76/4320
  ██████░░░░░░░░░░░░░░░░░░░  26%  Streaming frame 77/4320
  ██████░░░░░░░░░░░░░░░░░░░  26%  Streaming frame 78/4320
  ██████░░░░░░░░░░░░░░░░░░░  26%  Streaming frame 79/4320
  ██████░░░░░░░░░░░░░░░░░░░  26%  Streaming frame 80/4320
  ██████░░░░░░░░░░░░░░░░░░░  26%  Streaming frame 81/4320
  ██████░░░░░░░░░░░░░░░░░░░  26%  Streaming frame 82/4320
  ██████░░░░░░░░░░░░░░░░░░░  26%  Streaming frame 83/4320
  ██████░░░░░░░░░░░░░░░░░░░  26%  Streaming frame 84/4320
  ██████░░░░░░░░░░░░░░░░░░░  26%  Streaming frame 85/4320
  ██████░░░░░░░░░░░░░░░░░░░  26%  Streaming frame 86/4320
  ██████░░░░░░░░░░░░░░░░░░░  26%  Streaming frame 87/4320
  ██████░░░░░░░░░░░░░░░░░░░  26%  Streaming frame 88/4320
  ██████░░░░░░░░░░░░░░░░░░░  26%  Streaming frame 89/4320
  ██████░░░░░░░░░░░░░░░░░░░  26%  Streaming frame 90/4320
  ██████░░░░░░░░░░░░░░░░░░░  26%  Streaming frame 91/4320
  ██████░░░░░░░░░░░░░░░░░░░  26%  Streaming frame 92/4320
  ██████░░░░░░░░░░░░░░░░░░░  26%  Streaming frame 93/4320
  ██████░░░░░░░░░░░░░░░░░░░  26%  Streaming frame 94/4320
  ██████░░░░░░░░░░░░░░░░░░░  26%  Streaming frame 95/4320
  ██████░░░░░░░░░░░░░░░░░░░  26%  Streaming frame 96/4320
  ██████░░░░░░░░░░░░░░░░░░░  26%  Streaming frame 97/4320
  ██████░░░░░░░░░░░░░░░░░░░  26%  Streaming frame 98/4320
  ██████░░░░░░░░░░░░░░░░░░░  26%  Streaming frame 99/4320
  ██████░░░░░░░░░░░░░░░░░░░  26%  Streaming frame 100/4320
  ██████░░░░░░░░░░░░░░░░░░░  26%  Streaming frame 101/4320
  ██████░░░░░░░░░░░░░░░░░░░  26%  Streaming frame 102/4320
  ██████░░░░░░░░░░░░░░░░░░░  26%  Streaming frame 103/4320
  ██████░░░░░░░░░░░░░░░░░░░  26%  Streaming frame 104/4320
  ██████░░░░░░░░░░░░░░░░░░░  26%  Streaming frame 105/4320
  ██████░░░░░░░░░░░░░░░░░░░  26%  Streaming frame 106/4320
  ██████░░░░░░░░░░░░░░░░░░░  26%  Streaming frame 107/4320
  ██████░░░░░░░░░░░░░░░░░░░  26%  Streaming frame 108/4320
  ██████░░░░░░░░░░░░░░░░░░░  26%  Streaming frame 109/4320
  ██████░░░░░░░░░░░░░░░░░░░  26%  Streaming frame 110/4320
  ██████░░░░░░░░░░░░░░░░░░░  26%  Streaming frame 111/4320
  ██████░░░░░░░░░░░░░░░░░░░  26%  Streaming frame 112/4320
  ██████░░░░░░░░░░░░░░░░░░░  26%  Streaming frame 113/4320
  ██████░░░░░░░░░░░░░░░░░░░  26%  Streaming frame 114/4320
  ██████░░░░░░░░░░░░░░░░░░░  26%  Streaming frame 115/4320
  ██████░░░░░░░░░░░░░░░░░░░  26%  Streaming frame 116/4320
  ██████░░░░░░░░░░░░░░░░░░░  26%  Streaming frame 117/4320
  ██████░░░░░░░░░░░░░░░░░░░  27%  Streaming frame 118/4320
  ██████░░░░░░░░░░░░░░░░░░░  27%  Streaming frame 119/4320
  ██████░░░░░░░░░░░░░░░░░░░  27%  Streaming frame 120/4320
  ██████░░░░░░░░░░░░░░░░░░░  27%  Streaming frame 121/4320
  ██████░░░░░░░░░░░░░░░░░░░  27%  Streaming frame 122/4320
  ██████░░░░░░░░░░░░░░░░░░░  27%  Streaming frame 123/4320
  ██████░░░░░░░░░░░░░░░░░░░  27%  Streaming frame 124/4320
  ██████░░░░░░░░░░░░░░░░░░░  27%  Streaming frame 125/4320
  ██████░░░░░░░░░░░░░░░░░░░  27%  Streaming frame 126/4320
  ██████░░░░░░░░░░░░░░░░░░░  27%  Streaming frame 127/4320
  ██████░░░░░░░░░░░░░░░░░░░  27%  Streaming frame 128/4320
  ██████░░░░░░░░░░░░░░░░░░░  27%  Streaming frame 129/4320
  ██████░░░░░░░░░░░░░░░░░░░  27%  Streaming frame 130/4320
  ██████░░░░░░░░░░░░░░░░░░░  27%  Streaming frame 131/4320
  ██████░░░░░░░░░░░░░░░░░░░  27%  Streaming frame 132/4320
  ██████░░░░░░░░░░░░░░░░░░░  27%  Streaming frame 133/4320
  ██████░░░░░░░░░░░░░░░░░░░  27%  Streaming frame 134/4320
  ██████░░░░░░░░░░░░░░░░░░░  27%  Streaming frame 135/4320
  ██████░░░░░░░░░░░░░░░░░░░  27%  Streaming frame 136/4320
  ██████░░░░░░░░░░░░░░░░░░░  27%  Streaming frame 137/4320
  ██████░░░░░░░░░░░░░░░░░░░  27%  Streaming frame 138/4320
  ██████░░░░░░░░░░░░░░░░░░░  27%  Streaming frame 139/4320
  ██████░░░░░░░░░░░░░░░░░░░  27%  Streaming frame 140/4320
  ██████░░░░░░░░░░░░░░░░░░░  27%  Streaming frame 141/4320
  ██████░░░░░░░░░░░░░░░░░░░  27%  Streaming frame 142/4320
  ██████░░░░░░░░░░░░░░░░░░░  27%  Streaming frame 143/4320
  ██████░░░░░░░░░░░░░░░░░░░  27%  Streaming frame 144/4320
  ██████░░░░░░░░░░░░░░░░░░░  27%  Streaming frame 145/4320
  ██████░░░░░░░░░░░░░░░░░░░  27%  Streaming frame 146/4320
  ██████░░░░░░░░░░░░░░░░░░░  27%  Streaming frame 147/4320
  ██████░░░░░░░░░░░░░░░░░░░  27%  Streaming frame 148/4320
  ██████░░░░░░░░░░░░░░░░░░░  27%  Streaming frame 149/4320
  ██████░░░░░░░░░░░░░░░░░░░  27%  Streaming frame 150/4320
  ██████░░░░░░░░░░░░░░░░░░░  27%  Streaming frame 151/4320
  ██████░░░░░░░░░░░░░░░░░░░  27%  Streaming frame 152/4320
  ██████░░░░░░░░░░░░░░░░░░░  27%  Streaming frame 153/4320
  ██████░░░░░░░░░░░░░░░░░░░  27%  Streaming frame 154/4320
  ██████░░░░░░░░░░░░░░░░░░░  27%  Streaming frame 155/4320
  ██████░░░░░░░░░░░░░░░░░░░  27%  Streaming frame 156/4320
  ██████░░░░░░░░░░░░░░░░░░░  27%  Streaming frame 157/4320
  ██████░░░░░░░░░░░░░░░░░░░  27%  Streaming frame 158/4320
  ██████░░░░░░░░░░░░░░░░░░░  27%  Streaming frame 159/4320
  ██████░░░░░░░░░░░░░░░░░░░  27%  Streaming frame 160/4320
  ██████░░░░░░░░░░░░░░░░░░░  27%  Streaming frame 161/4320
  ██████░░░░░░░░░░░░░░░░░░░  27%  Streaming frame 162/4320
  ██████░░░░░░░░░░░░░░░░░░░  27%  Streaming frame 163/4320
  ██████░░░░░░░░░░░░░░░░░░░  27%  Streaming frame 164/4320
  ██████░░░░░░░░░░░░░░░░░░░  27%  Streaming frame 165/4320
  ██████░░░░░░░░░░░░░░░░░░░  27%  Streaming frame 166/4320
  ██████░░░░░░░░░░░░░░░░░░░  27%  Streaming frame 167/4320
  ██████░░░░░░░░░░░░░░░░░░░  27%  Streaming frame 168/4320
  ██████░░░░░░░░░░░░░░░░░░░  27%  Streaming frame 169/4320
  ██████░░░░░░░░░░░░░░░░░░░  27%  Streaming frame 170/4320
  ██████░░░░░░░░░░░░░░░░░░░  27%  Streaming frame 171/4320
  ██████░░░░░░░░░░░░░░░░░░░  27%  Streaming frame 172/4320
  ██████░░░░░░░░░░░░░░░░░░░  27%  Streaming frame 173/4320
  ██████░░░░░░░░░░░░░░░░░░░  27%  Streaming frame 174/4320
  ██████░░░░░░░░░░░░░░░░░░░  27%  Streaming frame 175/4320
  ██████░░░░░░░░░░░░░░░░░░░  27%  Streaming frame 176/4320
  ██████░░░░░░░░░░░░░░░░░░░  27%  Streaming frame 177/4320
  ██████░░░░░░░░░░░░░░░░░░░  27%  Streaming frame 178/4320
  ██████░░░░░░░░░░░░░░░░░░░  27%  Streaming frame 179/4320
  ██████░░░░░░░░░░░░░░░░░░░  27%  Streaming frame 180/4320
  ██████░░░░░░░░░░░░░░░░░░░  27%  Streaming frame 181/4320
  ██████░░░░░░░░░░░░░░░░░░░  27%  Streaming frame 182/4320
  ██████░░░░░░░░░░░░░░░░░░░  27%  Streaming frame 183/4320
  ██████░░░░░░░░░░░░░░░░░░░  27%  Streaming frame 184/4320
  ██████░░░░░░░░░░░░░░░░░░░  27%  Streaming frame 185/4320
  ██████░░░░░░░░░░░░░░░░░░░  27%  Streaming frame 186/4320
  ██████░░░░░░░░░░░░░░░░░░░  27%  Streaming frame 187/4320
  ██████░░░░░░░░░░░░░░░░░░░  27%  Streaming frame 188/4320
  ██████░░░░░░░░░░░░░░░░░░░  27%  Streaming frame 189/4320
  ██████░░░░░░░░░░░░░░░░░░░  27%  Streaming frame 190/4320
  ██████░░░░░░░░░░░░░░░░░░░  27%  Streaming frame 191/4320
  ██████░░░░░░░░░░░░░░░░░░░  27%  Streaming frame 192/4320
  ██████░░░░░░░░░░░░░░░░░░░  27%  Streaming frame 193/4320
  ██████░░░░░░░░░░░░░░░░░░░  27%  Streaming frame 194/4320
  ██████░░░░░░░░░░░░░░░░░░░  27%  Streaming frame 195/4320
  ██████░░░░░░░░░░░░░░░░░░░  27%  Streaming frame 196/4320
  ███████░░░░░░░░░░░░░░░░░░  28%  Streaming frame 197/4320
  ███████░░░░░░░░░░░░░░░░░░  28%  Streaming frame 198/4320
  ███████░░░░░░░░░░░░░░░░░░  28%  Streaming frame 199/4320
  ███████░░░░░░░░░░░░░░░░░░  28%  Streaming frame 200/4320
  ███████░░░░░░░░░░░░░░░░░░  28%  Streaming frame 201/4320
  ███████░░░░░░░░░░░░░░░░░░  28%  Streaming frame 202/4320
  ███████░░░░░░░░░░░░░░░░░░  28%  Streaming frame 203/4320
  ███████░░░░░░░░░░░░░░░░░░  28%  Streaming frame 204/4320
  ███████░░░░░░░░░░░░░░░░░░  28%  Streaming frame 205/4320
  ███████░░░░░░░░░░░░░░░░░░  28%  Streaming frame 206/4320
  ███████░░░░░░░░░░░░░░░░░░  28%  Streaming frame 207/4320
  ███████░░░░░░░░░░░░░░░░░░  28%  Streaming frame 208/4320
  ███████░░░░░░░░░░░░░░░░░░  28%  Streaming frame 209/4320
  ███████░░░░░░░░░░░░░░░░░░  28%  Streaming frame 210/4320
  ███████░░░░░░░░░░░░░░░░░░  28%  Streaming frame 211/4320
  ███████░░░░░░░░░░░░░░░░░░  28%  Streaming frame 212/4320
  ███████░░░░░░░░░░░░░░░░░░  28%  Streaming frame 213/4320
  ███████░░░░░░░░░░░░░░░░░░  28%  Streaming frame 214/4320
  ███████░░░░░░░░░░░░░░░░░░  28%  Streaming frame 215/4320
  ███████░░░░░░░░░░░░░░░░░░  28%  Streaming frame 216/4320
  ███████░░░░░░░░░░░░░░░░░░  28%  Streaming frame 217/4320
  ███████░░░░░░░░░░░░░░░░░░  28%  Streaming frame 218/4320
  ███████░░░░░░░░░░░░░░░░░░  28%  Streaming frame 219/4320
  ███████░░░░░░░░░░░░░░░░░░  28%  Streaming frame 220/4320
  ███████░░░░░░░░░░░░░░░░░░  28%  Streaming frame 221/4320
  ███████░░░░░░░░░░░░░░░░░░  28%  Streaming frame 222/4320
  ███████░░░░░░░░░░░░░░░░░░  28%  Streaming frame 223/4320
  ███████░░░░░░░░░░░░░░░░░░  28%  Streaming frame 224/4320
  ███████░░░░░░░░░░░░░░░░░░  28%  Streaming frame 225/4320
  ███████░░░░░░░░░░░░░░░░░░  28%  Streaming frame 226/4320
  ███████░░░░░░░░░░░░░░░░░░  28%  Streaming frame 227/4320
  ███████░░░░░░░░░░░░░░░░░░  28%  Streaming frame 228/4320
  ███████░░░░░░░░░░░░░░░░░░  28%  Streaming frame 229/4320
  ███████░░░░░░░░░░░░░░░░░░  28%  Streaming frame 230/4320
  ███████░░░░░░░░░░░░░░░░░░  28%  Streaming frame 231/4320
  ███████░░░░░░░░░░░░░░░░░░  28%  Streaming frame 232/4320
  ███████░░░░░░░░░░░░░░░░░░  28%  Streaming frame 233/4320
  ███████░░░░░░░░░░░░░░░░░░  28%  Streaming frame 234/4320
  ███████░░░░░░░░░░░░░░░░░░  28%  Streaming frame 235/4320
  ███████░░░░░░░░░░░░░░░░░░  28%  Streaming frame 236/4320
  ███████░░░░░░░░░░░░░░░░░░  28%  Streaming frame 237/4320
  ███████░░░░░░░░░░░░░░░░░░  28%  Streaming frame 238/4320
  ███████░░░░░░░░░░░░░░░░░░  28%  Streaming frame 239/4320
  ███████░░░░░░░░░░░░░░░░░░  28%  Streaming frame 240/4320
  ███████░░░░░░░░░░░░░░░░░░  28%  Streaming frame 241/4320
  ███████░░░░░░░░░░░░░░░░░░  28%  Streaming frame 242/4320
  ███████░░░░░░░░░░░░░░░░░░  28%  Streaming frame 243/4320
  ███████░░░░░░░░░░░░░░░░░░  28%  Streaming frame 244/4320
  ███████░░░░░░░░░░░░░░░░░░  28%  Streaming frame 245/4320
  ███████░░░░░░░░░░░░░░░░░░  28%  Streaming frame 246/4320
  ███████░░░░░░░░░░░░░░░░░░  28%  Streaming frame 247/4320
  ███████░░░░░░░░░░░░░░░░░░  28%  Streaming frame 248/4320
  ███████░░░░░░░░░░░░░░░░░░  28%  Streaming frame 249/4320
  ███████░░░░░░░░░░░░░░░░░░  28%  Streaming frame 250/4320
  ███████░░░░░░░░░░░░░░░░░░  28%  Streaming frame 251/4320
  ███████░░░░░░░░░░░░░░░░░░  28%  Streaming frame 252/4320
  ███████░░░░░░░░░░░░░░░░░░  28%  Streaming frame 253/4320
  ███████░░░░░░░░░░░░░░░░░░  28%  Streaming frame 254/4320
  ███████░░░░░░░░░░░░░░░░░░  28%  Streaming frame 255/4320
[NativeFrameTransport] {"event":"progress","atUnixMs":1788976241913,"registrations":256,"requests":255,"completed":255,"head":0,"rejected":0,"errors":0,"aborted":0,"peakStreams":1,"peakSourceDescriptors":1,"bytes":616920945,"base64Fallbacks":0,"entries":256,"activeStreams":0,"activeSourceDescriptors":0,"closed":false,"failed":false,"mode":"same-origin-url"}
  ███████░░░░░░░░░░░░░░░░░░  28%  Streaming frame 256/4320
  ███████░░░░░░░░░░░░░░░░░░  28%  Streaming frame 257/4320
  ███████░░░░░░░░░░░░░░░░░░  28%  Streaming frame 258/4320
  ███████░░░░░░░░░░░░░░░░░░  28%  Streaming frame 259/4320
  ███████░░░░░░░░░░░░░░░░░░  28%  Streaming frame 260/4320
  ███████░░░░░░░░░░░░░░░░░░  28%  Streaming frame 261/4320
  ███████░░░░░░░░░░░░░░░░░░  28%  Streaming frame 262/4320
  ███████░░░░░░░░░░░░░░░░░░  28%  Streaming frame 263/4320
  ███████░░░░░░░░░░░░░░░░░░  28%  Streaming frame 264/4320
  ███████░░░░░░░░░░░░░░░░░░  28%  Streaming frame 265/4320
  ███████░░░░░░░░░░░░░░░░░░  28%  Streaming frame 266/4320
  ███████░░░░░░░░░░░░░░░░░░  28%  Streaming frame 267/4320
  ███████░░░░░░░░░░░░░░░░░░  28%  Streaming frame 268/4320
  ███████░░░░░░░░░░░░░░░░░░  28%  Streaming frame 269/4320
  ███████░░░░░░░░░░░░░░░░░░  28%  Streaming frame 270/4320
  ███████░░░░░░░░░░░░░░░░░░  28%  Streaming frame 271/4320
  ███████░░░░░░░░░░░░░░░░░░  28%  Streaming frame 272/4320
  ███████░░░░░░░░░░░░░░░░░░  28%  Streaming frame 273/4320
  ███████░░░░░░░░░░░░░░░░░░  28%  Streaming frame 274/4320
  ███████░░░░░░░░░░░░░░░░░░  29%  Streaming frame 275/4320
  ███████░░░░░░░░░░░░░░░░░░  29%  Streaming frame 276/4320
  ███████░░░░░░░░░░░░░░░░░░  29%  Streaming frame 277/4320
  ███████░░░░░░░░░░░░░░░░░░  29%  Streaming frame 278/4320
  ███████░░░░░░░░░░░░░░░░░░  29%  Streaming frame 279/4320
  ███████░░░░░░░░░░░░░░░░░░  29%  Streaming frame 280/4320
  ███████░░░░░░░░░░░░░░░░░░  29%  Streaming frame 281/4320
  ███████░░░░░░░░░░░░░░░░░░  29%  Streaming frame 282/4320
  ███████░░░░░░░░░░░░░░░░░░  29%  Streaming frame 283/4320
  ███████░░░░░░░░░░░░░░░░░░  29%  Streaming frame 284/4320
  ███████░░░░░░░░░░░░░░░░░░  29%  Streaming frame 285/4320
  ███████░░░░░░░░░░░░░░░░░░  29%  Streaming frame 286/4320
  ███████░░░░░░░░░░░░░░░░░░  29%  Streaming frame 287/4320
  ███████░░░░░░░░░░░░░░░░░░  29%  Streaming frame 288/4320
  ███████░░░░░░░░░░░░░░░░░░  29%  Streaming frame 289/4320
  ███████░░░░░░░░░░░░░░░░░░  29%  Streaming frame 290/4320
  ███████░░░░░░░░░░░░░░░░░░  29%  Streaming frame 291/4320
  ███████░░░░░░░░░░░░░░░░░░  29%  Streaming frame 292/4320
  ███████░░░░░░░░░░░░░░░░░░  29%  Streaming frame 293/4320
  ███████░░░░░░░░░░░░░░░░░░  29%  Streaming frame 294/4320
  ███████░░░░░░░░░░░░░░░░░░  29%  Streaming frame 295/4320
  ███████░░░░░░░░░░░░░░░░░░  29%  Streaming frame 296/4320
  ███████░░░░░░░░░░░░░░░░░░  29%  Streaming frame 297/4320
  ███████░░░░░░░░░░░░░░░░░░  29%  Streaming frame 298/4320
  ███████░░░░░░░░░░░░░░░░░░  29%  Streaming frame 299/4320
  ███████░░░░░░░░░░░░░░░░░░  29%  Streaming frame 300/4320
  ███████░░░░░░░░░░░░░░░░░░  29%  Streaming frame 301/4320
  ███████░░░░░░░░░░░░░░░░░░  29%  Streaming frame 302/4320
  ███████░░░░░░░░░░░░░░░░░░  29%  Streaming frame 303/4320
  ███████░░░░░░░░░░░░░░░░░░  29%  Streaming frame 304/4320
  ███████░░░░░░░░░░░░░░░░░░  29%  Streaming frame 305/4320
  ███████░░░░░░░░░░░░░░░░░░  29%  Streaming frame 306/4320
  ███████░░░░░░░░░░░░░░░░░░  29%  Streaming frame 307/4320
  ███████░░░░░░░░░░░░░░░░░░  29%  Streaming frame 308/4320
  ███████░░░░░░░░░░░░░░░░░░  29%  Streaming frame 309/4320
  ███████░░░░░░░░░░░░░░░░░░  29%  Streaming frame 310/4320
  ███████░░░░░░░░░░░░░░░░░░  29%  Streaming frame 311/4320
  ███████░░░░░░░░░░░░░░░░░░  29%  Streaming frame 312/4320
  ███████░░░░░░░░░░░░░░░░░░  29%  Streaming frame 313/4320
  ███████░░░░░░░░░░░░░░░░░░  29%  Streaming frame 314/4320
  ███████░░░░░░░░░░░░░░░░░░  29%  Streaming frame 315/4320
  ███████░░░░░░░░░░░░░░░░░░  29%  Streaming frame 316/4320
  ███████░░░░░░░░░░░░░░░░░░  29%  Streaming frame 317/4320
  ███████░░░░░░░░░░░░░░░░░░  29%  Streaming frame 318/4320
  ███████░░░░░░░░░░░░░░░░░░  29%  Streaming frame 319/4320
  ███████░░░░░░░░░░░░░░░░░░  29%  Streaming frame 320/4320
  ███████░░░░░░░░░░░░░░░░░░  29%  Streaming frame 321/4320
  ███████░░░░░░░░░░░░░░░░░░  29%  Streaming frame 322/4320
  ███████░░░░░░░░░░░░░░░░░░  29%  Streaming frame 323/4320
  ███████░░░░░░░░░░░░░░░░░░  29%  Streaming frame 324/4320
  ███████░░░░░░░░░░░░░░░░░░  29%  Streaming frame 325/4320
  ███████░░░░░░░░░░░░░░░░░░  29%  Streaming frame 326/4320
  ███████░░░░░░░░░░░░░░░░░░  29%  Streaming frame 327/4320
[INFO] [Render:trace] {"renderJobId":"5a7093f0-e08a-4e3a-b497-59831d057bf9","phase":"capture_streaming","status":"checkpoint","elapsedMs":64437,"message":"stage still running","stagePhase":"capturing","workerCount":1,"forceScreenshot":true,"totalFrames":4320,"framesCompleted":327,"captureMode":"screenshot","captureOperation":"captureScreenshot","heartbeatIndex":1,"stageElapsedMs":30002}
  ███████░░░░░░░░░░░░░░░░░░  29%  Streaming frame 328/4320
  ███████░░░░░░░░░░░░░░░░░░  29%  Streaming frame 329/4320
  ███████░░░░░░░░░░░░░░░░░░  29%  Streaming frame 330/4320
  ███████░░░░░░░░░░░░░░░░░░  29%  Streaming frame 331/4320
  ███████░░░░░░░░░░░░░░░░░░  29%  Streaming frame 332/4320
  ███████░░░░░░░░░░░░░░░░░░  29%  Streaming frame 333/4320
  ███████░░░░░░░░░░░░░░░░░░  29%  Streaming frame 334/4320
  ███████░░░░░░░░░░░░░░░░░░  29%  Streaming frame 335/4320
  ███████░░░░░░░░░░░░░░░░░░  29%  Streaming frame 336/4320
  ███████░░░░░░░░░░░░░░░░░░  29%  Streaming frame 337/4320
  ███████░░░░░░░░░░░░░░░░░░  29%  Streaming frame 338/4320
  ███████░░░░░░░░░░░░░░░░░░  29%  Streaming frame 339/4320
  ███████░░░░░░░░░░░░░░░░░░  29%  Streaming frame 340/4320
  ███████░░░░░░░░░░░░░░░░░░  29%  Streaming frame 341/4320
  ███████░░░░░░░░░░░░░░░░░░  29%  Streaming frame 342/4320
  ███████░░░░░░░░░░░░░░░░░░  29%  Streaming frame 343/4320
  ███████░░░░░░░░░░░░░░░░░░  29%  Streaming frame 344/4320
  ███████░░░░░░░░░░░░░░░░░░  29%  Streaming frame 345/4320
  ███████░░░░░░░░░░░░░░░░░░  29%  Streaming frame 346/4320
  ███████░░░░░░░░░░░░░░░░░░  29%  Streaming frame 347/4320
  ███████░░░░░░░░░░░░░░░░░░  29%  Streaming frame 348/4320
  ███████░░░░░░░░░░░░░░░░░░  29%  Streaming frame 349/4320
  ███████░░░░░░░░░░░░░░░░░░  29%  Streaming frame 350/4320
  ███████░░░░░░░░░░░░░░░░░░  29%  Streaming frame 351/4320
  ███████░░░░░░░░░░░░░░░░░░  29%  Streaming frame 352/4320
  ███████░░░░░░░░░░░░░░░░░░  29%  Streaming frame 353/4320
  ███████░░░░░░░░░░░░░░░░░░  30%  Streaming frame 354/4320
  ███████░░░░░░░░░░░░░░░░░░  30%  Streaming frame 355/4320
  ███████░░░░░░░░░░░░░░░░░░  30%  Streaming frame 356/4320
  ███████░░░░░░░░░░░░░░░░░░  30%  Streaming frame 357/4320
  ███████░░░░░░░░░░░░░░░░░░  30%  Streaming frame 358/4320
  ███████░░░░░░░░░░░░░░░░░░  30%  Streaming frame 359/4320
  ███████░░░░░░░░░░░░░░░░░░  30%  Streaming frame 360/4320
  ███████░░░░░░░░░░░░░░░░░░  30%  Streaming frame 361/4320
  ███████░░░░░░░░░░░░░░░░░░  30%  Streaming frame 362/4320
  ███████░░░░░░░░░░░░░░░░░░  30%  Streaming frame 363/4320
  ███████░░░░░░░░░░░░░░░░░░  30%  Streaming frame 364/4320
  ███████░░░░░░░░░░░░░░░░░░  30%  Streaming frame 365/4320
  ███████░░░░░░░░░░░░░░░░░░  30%  Streaming frame 366/4320
  ███████░░░░░░░░░░░░░░░░░░  30%  Streaming frame 367/4320
  ███████░░░░░░░░░░░░░░░░░░  30%  Streaming frame 368/4320
  ███████░░░░░░░░░░░░░░░░░░  30%  Streaming frame 369/4320
  ███████░░░░░░░░░░░░░░░░░░  30%  Streaming frame 370/4320
  ███████░░░░░░░░░░░░░░░░░░  30%  Streaming frame 371/4320
  ███████░░░░░░░░░░░░░░░░░░  30%  Streaming frame 372/4320
  ███████░░░░░░░░░░░░░░░░░░  30%  Streaming frame 373/4320
  ███████░░░░░░░░░░░░░░░░░░  30%  Streaming frame 374/4320
  ███████░░░░░░░░░░░░░░░░░░  30%  Streaming frame 375/4320
  ███████░░░░░░░░░░░░░░░░░░  30%  Streaming frame 376/4320
  ███████░░░░░░░░░░░░░░░░░░  30%  Streaming frame 377/4320
  ███████░░░░░░░░░░░░░░░░░░  30%  Streaming frame 378/4320
  ███████░░░░░░░░░░░░░░░░░░  30%  Streaming frame 379/4320
  ███████░░░░░░░░░░░░░░░░░░  30%  Streaming frame 380/4320
  ███████░░░░░░░░░░░░░░░░░░  30%  Streaming frame 381/4320
  ███████░░░░░░░░░░░░░░░░░░  30%  Streaming frame 382/4320
  ███████░░░░░░░░░░░░░░░░░░  30%  Streaming frame 383/4320
  ███████░░░░░░░░░░░░░░░░░░  30%  Streaming frame 384/4320
  ███████░░░░░░░░░░░░░░░░░░  30%  Streaming frame 385/4320
  ███████░░░░░░░░░░░░░░░░░░  30%  Streaming frame 386/4320
  ███████░░░░░░░░░░░░░░░░░░  30%  Streaming frame 387/4320
  ███████░░░░░░░░░░░░░░░░░░  30%  Streaming frame 388/4320
  ███████░░░░░░░░░░░░░░░░░░  30%  Streaming frame 389/4320
  ███████░░░░░░░░░░░░░░░░░░  30%  Streaming frame 390/4320
  ███████░░░░░░░░░░░░░░░░░░  30%  Streaming frame 391/4320
  ███████░░░░░░░░░░░░░░░░░░  30%  Streaming frame 392/4320
  ███████░░░░░░░░░░░░░░░░░░  30%  Streaming frame 393/4320
  ███████░░░░░░░░░░░░░░░░░░  30%  Streaming frame 394/4320
  ███████░░░░░░░░░░░░░░░░░░  30%  Streaming frame 395/4320
  ███████░░░░░░░░░░░░░░░░░░  30%  Streaming frame 396/4320
  ███████░░░░░░░░░░░░░░░░░░  30%  Streaming frame 397/4320
  ███████░░░░░░░░░░░░░░░░░░  30%  Streaming frame 398/4320
  ███████░░░░░░░░░░░░░░░░░░  30%  Streaming frame 399/4320
  ███████░░░░░░░░░░░░░░░░░░  30%  Streaming frame 400/4320
  ███████░░░░░░░░░░░░░░░░░░  30%  Streaming frame 401/4320
  ███████░░░░░░░░░░░░░░░░░░  30%  Streaming frame 402/4320
  ███████░░░░░░░░░░░░░░░░░░  30%  Streaming frame 403/4320
  ███████░░░░░░░░░░░░░░░░░░  30%  Streaming frame 404/4320
  ███████░░░░░░░░░░░░░░░░░░  30%  Streaming frame 405/4320
  ███████░░░░░░░░░░░░░░░░░░  30%  Streaming frame 406/4320
  ███████░░░░░░░░░░░░░░░░░░  30%  Streaming frame 407/4320
  ███████░░░░░░░░░░░░░░░░░░  30%  Streaming frame 408/4320
  ███████░░░░░░░░░░░░░░░░░░  30%  Streaming frame 409/4320
  ███████░░░░░░░░░░░░░░░░░░  30%  Streaming frame 410/4320
  ███████░░░░░░░░░░░░░░░░░░  30%  Streaming frame 411/4320
  ███████░░░░░░░░░░░░░░░░░░  30%  Streaming frame 412/4320
  ███████░░░░░░░░░░░░░░░░░░  30%  Streaming frame 413/4320
  ███████░░░░░░░░░░░░░░░░░░  30%  Streaming frame 414/4320
  ███████░░░░░░░░░░░░░░░░░░  30%  Streaming frame 415/4320
  ███████░░░░░░░░░░░░░░░░░░  30%  Streaming frame 416/4320
  ███████░░░░░░░░░░░░░░░░░░  30%  Streaming frame 417/4320
  ███████░░░░░░░░░░░░░░░░░░  30%  Streaming frame 418/4320
  ███████░░░░░░░░░░░░░░░░░░  30%  Streaming frame 419/4320
  ███████░░░░░░░░░░░░░░░░░░  30%  Streaming frame 420/4320
  ███████░░░░░░░░░░░░░░░░░░  30%  Streaming frame 421/4320
  ███████░░░░░░░░░░░░░░░░░░  30%  Streaming frame 422/4320
  ███████░░░░░░░░░░░░░░░░░░  30%  Streaming frame 423/4320
  ███████░░░░░░░░░░░░░░░░░░  30%  Streaming frame 424/4320
  ███████░░░░░░░░░░░░░░░░░░  30%  Streaming frame 425/4320
  ███████░░░░░░░░░░░░░░░░░░  30%  Streaming frame 426/4320
  ███████░░░░░░░░░░░░░░░░░░  30%  Streaming frame 427/4320
  ███████░░░░░░░░░░░░░░░░░░  30%  Streaming frame 428/4320
  ███████░░░░░░░░░░░░░░░░░░  30%  Streaming frame 429/4320
  ███████░░░░░░░░░░░░░░░░░░  30%  Streaming frame 430/4320
  ███████░░░░░░░░░░░░░░░░░░  30%  Streaming frame 431/4320
  ███████░░░░░░░░░░░░░░░░░░  31%  Streaming frame 432/4320
  ███████░░░░░░░░░░░░░░░░░░  31%  Streaming frame 433/4320
  ███████░░░░░░░░░░░░░░░░░░  31%  Streaming frame 434/4320
  ███████░░░░░░░░░░░░░░░░░░  31%  Streaming frame 435/4320
  ███████░░░░░░░░░░░░░░░░░░  31%  Streaming frame 436/4320
  ███████░░░░░░░░░░░░░░░░░░  31%  Streaming frame 437/4320
  ███████░░░░░░░░░░░░░░░░░░  31%  Streaming frame 438/4320
  ███████░░░░░░░░░░░░░░░░░░  31%  Streaming frame 439/4320
  ███████░░░░░░░░░░░░░░░░░░  31%  Streaming frame 440/4320
  ███████░░░░░░░░░░░░░░░░░░  31%  Streaming frame 441/4320
  ███████░░░░░░░░░░░░░░░░░░  31%  Streaming frame 442/4320
  ███████░░░░░░░░░░░░░░░░░░  31%  Streaming frame 443/4320
  ███████░░░░░░░░░░░░░░░░░░  31%  Streaming frame 444/4320
  ███████░░░░░░░░░░░░░░░░░░  31%  Streaming frame 445/4320
  ███████░░░░░░░░░░░░░░░░░░  31%  Streaming frame 446/4320
  ███████░░░░░░░░░░░░░░░░░░  31%  Streaming frame 447/4320
  ███████░░░░░░░░░░░░░░░░░░  31%  Streaming frame 448/4320
  ███████░░░░░░░░░░░░░░░░░░  31%  Streaming frame 449/4320
  ███████░░░░░░░░░░░░░░░░░░  31%  Streaming frame 450/4320
  ███████░░░░░░░░░░░░░░░░░░  31%  Streaming frame 451/4320
  ███████░░░░░░░░░░░░░░░░░░  31%  Streaming frame 452/4320
  ███████░░░░░░░░░░░░░░░░░░  31%  Streaming frame 453/4320
  ███████░░░░░░░░░░░░░░░░░░  31%  Streaming frame 454/4320
  ███████░░░░░░░░░░░░░░░░░░  31%  Streaming frame 455/4320
  ███████░░░░░░░░░░░░░░░░░░  31%  Streaming frame 456/4320
  ███████░░░░░░░░░░░░░░░░░░  31%  Streaming frame 457/4320
  ███████░░░░░░░░░░░░░░░░░░  31%  Streaming frame 458/4320
  ███████░░░░░░░░░░░░░░░░░░  31%  Streaming frame 459/4320
  ███████░░░░░░░░░░░░░░░░░░  31%  Streaming frame 460/4320
  ███████░░░░░░░░░░░░░░░░░░  31%  Streaming frame 461/4320
  ███████░░░░░░░░░░░░░░░░░░  31%  Streaming frame 462/4320
  ███████░░░░░░░░░░░░░░░░░░  31%  Streaming frame 463/4320
  ███████░░░░░░░░░░░░░░░░░░  31%  Streaming frame 464/4320
  ███████░░░░░░░░░░░░░░░░░░  31%  Streaming frame 465/4320
  ███████░░░░░░░░░░░░░░░░░░  31%  Streaming frame 466/4320
  ███████░░░░░░░░░░░░░░░░░░  31%  Streaming frame 467/4320
  ███████░░░░░░░░░░░░░░░░░░  31%  Streaming frame 468/4320
  ███████░░░░░░░░░░░░░░░░░░  31%  Streaming frame 469/4320
  ███████░░░░░░░░░░░░░░░░░░  31%  Streaming frame 470/4320
  ███████░░░░░░░░░░░░░░░░░░  31%  Streaming frame 471/4320
  ███████░░░░░░░░░░░░░░░░░░  31%  Streaming frame 472/4320
  ███████░░░░░░░░░░░░░░░░░░  31%  Streaming frame 473/4320
  ███████░░░░░░░░░░░░░░░░░░  31%  Streaming frame 474/4320
  ███████░░░░░░░░░░░░░░░░░░  31%  Streaming frame 475/4320
  ███████░░░░░░░░░░░░░░░░░░  31%  Streaming frame 476/4320
  ███████░░░░░░░░░░░░░░░░░░  31%  Streaming frame 477/4320
  ███████░░░░░░░░░░░░░░░░░░  31%  Streaming frame 478/4320
  ███████░░░░░░░░░░░░░░░░░░  31%  Streaming frame 479/4320
  ███████░░░░░░░░░░░░░░░░░░  31%  Streaming frame 480/4320
  ███████░░░░░░░░░░░░░░░░░░  31%  Streaming frame 481/4320
  ███████░░░░░░░░░░░░░░░░░░  31%  Streaming frame 482/4320
  ███████░░░░░░░░░░░░░░░░░░  31%  Streaming frame 483/4320
  ███████░░░░░░░░░░░░░░░░░░  31%  Streaming frame 484/4320
  ███████░░░░░░░░░░░░░░░░░░  31%  Streaming frame 485/4320
  ███████░░░░░░░░░░░░░░░░░░  31%  Streaming frame 486/4320
  ███████░░░░░░░░░░░░░░░░░░  31%  Streaming frame 487/4320
  ███████░░░░░░░░░░░░░░░░░░  31%  Streaming frame 488/4320
  ███████░░░░░░░░░░░░░░░░░░  31%  Streaming frame 489/4320
  ███████░░░░░░░░░░░░░░░░░░  31%  Streaming frame 490/4320
  ███████░░░░░░░░░░░░░░░░░░  31%  Streaming frame 491/4320
  ███████░░░░░░░░░░░░░░░░░░  31%  Streaming frame 492/4320
  ███████░░░░░░░░░░░░░░░░░░  31%  Streaming frame 493/4320
  ███████░░░░░░░░░░░░░░░░░░  31%  Streaming frame 494/4320
  ███████░░░░░░░░░░░░░░░░░░  31%  Streaming frame 495/4320
  ███████░░░░░░░░░░░░░░░░░░  31%  Streaming frame 496/4320
  ███████░░░░░░░░░░░░░░░░░░  31%  Streaming frame 497/4320
  ███████░░░░░░░░░░░░░░░░░░  31%  Streaming frame 498/4320
  ███████░░░░░░░░░░░░░░░░░░  31%  Streaming frame 499/4320
  ███████░░░░░░░░░░░░░░░░░░  31%  Streaming frame 500/4320
  ███████░░░░░░░░░░░░░░░░░░  31%  Streaming frame 501/4320
  ███████░░░░░░░░░░░░░░░░░░  31%  Streaming frame 502/4320
  ███████░░░░░░░░░░░░░░░░░░  31%  Streaming frame 503/4320
  ███████░░░░░░░░░░░░░░░░░░  31%  Streaming frame 504/4320
  ███████░░░░░░░░░░░░░░░░░░  31%  Streaming frame 505/4320
  ███████░░░░░░░░░░░░░░░░░░  31%  Streaming frame 506/4320
  ███████░░░░░░░░░░░░░░░░░░  31%  Streaming frame 507/4320
  ███████░░░░░░░░░░░░░░░░░░  31%  Streaming frame 508/4320
  ███████░░░░░░░░░░░░░░░░░░  31%  Streaming frame 509/4320
  ███████░░░░░░░░░░░░░░░░░░  31%  Streaming frame 510/4320
  ████████░░░░░░░░░░░░░░░░░  32%  Streaming frame 511/4320
[NativeFrameTransport] {"event":"progress","atUnixMs":1788976265016,"registrations":512,"requests":511,"completed":511,"head":0,"rejected":0,"errors":0,"aborted":0,"peakStreams":1,"peakSourceDescriptors":1,"bytes":1236123817,"base64Fallbacks":0,"entries":512,"activeStreams":0,"activeSourceDescriptors":0,"closed":false,"failed":false,"mode":"same-origin-url"}
  ████████░░░░░░░░░░░░░░░░░  32%  Streaming frame 512/4320
  ████████░░░░░░░░░░░░░░░░░  32%  Streaming frame 513/4320
  ████████░░░░░░░░░░░░░░░░░  32%  Streaming frame 514/4320
  ████████░░░░░░░░░░░░░░░░░  32%  Streaming frame 515/4320
  ████████░░░░░░░░░░░░░░░░░  32%  Streaming frame 516/4320
  ████████░░░░░░░░░░░░░░░░░  32%  Streaming frame 517/4320
  ████████░░░░░░░░░░░░░░░░░  32%  Streaming frame 518/4320
  ████████░░░░░░░░░░░░░░░░░  32%  Streaming frame 519/4320
  ████████░░░░░░░░░░░░░░░░░  32%  Streaming frame 520/4320
  ████████░░░░░░░░░░░░░░░░░  32%  Streaming frame 521/4320
  ████████░░░░░░░░░░░░░░░░░  32%  Streaming frame 522/4320
  ████████░░░░░░░░░░░░░░░░░  32%  Streaming frame 523/4320
  ████████░░░░░░░░░░░░░░░░░  32%  Streaming frame 524/4320
  ████████░░░░░░░░░░░░░░░░░  32%  Streaming frame 525/4320
  ████████░░░░░░░░░░░░░░░░░  32%  Streaming frame 526/4320
  ████████░░░░░░░░░░░░░░░░░  32%  Streaming frame 527/4320
  ████████░░░░░░░░░░░░░░░░░  32%  Streaming frame 528/4320
  ████████░░░░░░░░░░░░░░░░░  32%  Streaming frame 529/4320
  ████████░░░░░░░░░░░░░░░░░  32%  Streaming frame 530/4320
  ████████░░░░░░░░░░░░░░░░░  32%  Streaming frame 531/4320
  ████████░░░░░░░░░░░░░░░░░  32%  Streaming frame 532/4320
  ████████░░░░░░░░░░░░░░░░░  32%  Streaming frame 533/4320
  ████████░░░░░░░░░░░░░░░░░  32%  Streaming frame 534/4320
  ████████░░░░░░░░░░░░░░░░░  32%  Streaming frame 535/4320
  ████████░░░░░░░░░░░░░░░░░  32%  Streaming frame 536/4320
  ████████░░░░░░░░░░░░░░░░░  32%  Streaming frame 537/4320
  ████████░░░░░░░░░░░░░░░░░  32%  Streaming frame 538/4320
  ████████░░░░░░░░░░░░░░░░░  32%  Streaming frame 539/4320
  ████████░░░░░░░░░░░░░░░░░  32%  Streaming frame 540/4320
  ████████░░░░░░░░░░░░░░░░░  32%  Streaming frame 541/4320
  ████████░░░░░░░░░░░░░░░░░  32%  Streaming frame 542/4320
  ████████░░░░░░░░░░░░░░░░░  32%  Streaming frame 543/4320
  ████████░░░░░░░░░░░░░░░░░  32%  Streaming frame 544/4320
  ████████░░░░░░░░░░░░░░░░░  32%  Streaming frame 545/4320
  ████████░░░░░░░░░░░░░░░░░  32%  Streaming frame 546/4320
  ████████░░░░░░░░░░░░░░░░░  32%  Streaming frame 547/4320
  ████████░░░░░░░░░░░░░░░░░  32%  Streaming frame 548/4320
  ████████░░░░░░░░░░░░░░░░░  32%  Streaming frame 549/4320
  ████████░░░░░░░░░░░░░░░░░  32%  Streaming frame 550/4320
  ████████░░░░░░░░░░░░░░░░░  32%  Streaming frame 551/4320
  ████████░░░░░░░░░░░░░░░░░  32%  Streaming frame 552/4320
  ████████░░░░░░░░░░░░░░░░░  32%  Streaming frame 553/4320
  ████████░░░░░░░░░░░░░░░░░  32%  Streaming frame 554/4320
  ████████░░░░░░░░░░░░░░░░░  32%  Streaming frame 555/4320
  ████████░░░░░░░░░░░░░░░░░  32%  Streaming frame 556/4320
  ████████░░░░░░░░░░░░░░░░░  32%  Streaming frame 557/4320
  ████████░░░░░░░░░░░░░░░░░  32%  Streaming frame 558/4320
  ████████░░░░░░░░░░░░░░░░░  32%  Streaming frame 559/4320
  ████████░░░░░░░░░░░░░░░░░  32%  Streaming frame 560/4320
  ████████░░░░░░░░░░░░░░░░░  32%  Streaming frame 561/4320
  ████████░░░░░░░░░░░░░░░░░  32%  Streaming frame 562/4320
  ████████░░░░░░░░░░░░░░░░░  32%  Streaming frame 563/4320
  ████████░░░░░░░░░░░░░░░░░  32%  Streaming frame 564/4320
  ████████░░░░░░░░░░░░░░░░░  32%  Streaming frame 565/4320
  ████████░░░░░░░░░░░░░░░░░  32%  Streaming frame 566/4320
  ████████░░░░░░░░░░░░░░░░░  32%  Streaming frame 567/4320
  ████████░░░░░░░░░░░░░░░░░  32%  Streaming frame 568/4320
  ████████░░░░░░░░░░░░░░░░░  32%  Streaming frame 569/4320
  ████████░░░░░░░░░░░░░░░░░  32%  Streaming frame 570/4320
  ████████░░░░░░░░░░░░░░░░░  32%  Streaming frame 571/4320
  ████████░░░░░░░░░░░░░░░░░  32%  Streaming frame 572/4320
  ████████░░░░░░░░░░░░░░░░░  32%  Streaming frame 573/4320
  ████████░░░░░░░░░░░░░░░░░  32%  Streaming frame 574/4320
  ████████░░░░░░░░░░░░░░░░░  32%  Streaming frame 575/4320
  ████████░░░░░░░░░░░░░░░░░  32%  Streaming frame 576/4320
  ████████░░░░░░░░░░░░░░░░░  32%  Streaming frame 577/4320
  ████████░░░░░░░░░░░░░░░░░  32%  Streaming frame 578/4320
  ████████░░░░░░░░░░░░░░░░░  32%  Streaming frame 579/4320
  ████████░░░░░░░░░░░░░░░░░  32%  Streaming frame 580/4320
  ████████░░░░░░░░░░░░░░░░░  32%  Streaming frame 581/4320
  ████████░░░░░░░░░░░░░░░░░  32%  Streaming frame 582/4320
  ████████░░░░░░░░░░░░░░░░░  32%  Streaming frame 583/4320
  ████████░░░░░░░░░░░░░░░░░  32%  Streaming frame 584/4320
  ████████░░░░░░░░░░░░░░░░░  32%  Streaming frame 585/4320
  ████████░░░░░░░░░░░░░░░░░  32%  Streaming frame 586/4320
  ████████░░░░░░░░░░░░░░░░░  32%  Streaming frame 587/4320
  ████████░░░░░░░░░░░░░░░░░  32%  Streaming frame 588/4320
  ████████░░░░░░░░░░░░░░░░░  32%  Streaming frame 589/4320
  ████████░░░░░░░░░░░░░░░░░  33%  Streaming frame 590/4320
  ████████░░░░░░░░░░░░░░░░░  33%  Streaming frame 591/4320
  ████████░░░░░░░░░░░░░░░░░  33%  Streaming frame 592/4320
  ████████░░░░░░░░░░░░░░░░░  33%  Streaming frame 593/4320
  ████████░░░░░░░░░░░░░░░░░  33%  Streaming frame 594/4320
  ████████░░░░░░░░░░░░░░░░░  33%  Streaming frame 595/4320
  ████████░░░░░░░░░░░░░░░░░  33%  Streaming frame 596/4320
  ████████░░░░░░░░░░░░░░░░░  33%  Streaming frame 597/4320
  ████████░░░░░░░░░░░░░░░░░  33%  Streaming frame 598/4320
  ████████░░░░░░░░░░░░░░░░░  33%  Streaming frame 599/4320
  ████████░░░░░░░░░░░░░░░░░  33%  Streaming frame 600/4320
  ████████░░░░░░░░░░░░░░░░░  33%  Streaming frame 601/4320
  ████████░░░░░░░░░░░░░░░░░  33%  Streaming frame 602/4320
  ████████░░░░░░░░░░░░░░░░░  33%  Streaming frame 603/4320
  ████████░░░░░░░░░░░░░░░░░  33%  Streaming frame 604/4320
  ████████░░░░░░░░░░░░░░░░░  33%  Streaming frame 605/4320
  ████████░░░░░░░░░░░░░░░░░  33%  Streaming frame 606/4320
  ████████░░░░░░░░░░░░░░░░░  33%  Streaming frame 607/4320
  ████████░░░░░░░░░░░░░░░░░  33%  Streaming frame 608/4320
  ████████░░░░░░░░░░░░░░░░░  33%  Streaming frame 609/4320
  ████████░░░░░░░░░░░░░░░░░  33%  Streaming frame 610/4320
  ████████░░░░░░░░░░░░░░░░░  33%  Streaming frame 611/4320
  ████████░░░░░░░░░░░░░░░░░  33%  Streaming frame 612/4320
  ████████░░░░░░░░░░░░░░░░░  33%  Streaming frame 613/4320
  ████████░░░░░░░░░░░░░░░░░  33%  Streaming frame 614/4320
  ████████░░░░░░░░░░░░░░░░░  33%  Streaming frame 615/4320
  ████████░░░░░░░░░░░░░░░░░  33%  Streaming frame 616/4320
  ████████░░░░░░░░░░░░░░░░░  33%  Streaming frame 617/4320
  ████████░░░░░░░░░░░░░░░░░  33%  Streaming frame 618/4320
  ████████░░░░░░░░░░░░░░░░░  33%  Streaming frame 619/4320
  ████████░░░░░░░░░░░░░░░░░  33%  Streaming frame 620/4320
  ████████░░░░░░░░░░░░░░░░░  33%  Streaming frame 621/4320
  ████████░░░░░░░░░░░░░░░░░  33%  Streaming frame 622/4320
  ████████░░░░░░░░░░░░░░░░░  33%  Streaming frame 623/4320
  ████████░░░░░░░░░░░░░░░░░  33%  Streaming frame 624/4320
  ████████░░░░░░░░░░░░░░░░░  33%  Streaming frame 625/4320
  ████████░░░░░░░░░░░░░░░░░  33%  Streaming frame 626/4320
  ████████░░░░░░░░░░░░░░░░░  33%  Streaming frame 627/4320
  ████████░░░░░░░░░░░░░░░░░  33%  Streaming frame 628/4320
  ████████░░░░░░░░░░░░░░░░░  33%  Streaming frame 629/4320
  ████████░░░░░░░░░░░░░░░░░  33%  Streaming frame 630/4320
  ████████░░░░░░░░░░░░░░░░░  33%  Streaming frame 631/4320
  ████████░░░░░░░░░░░░░░░░░  33%  Streaming frame 632/4320
  ████████░░░░░░░░░░░░░░░░░  33%  Streaming frame 633/4320
  ████████░░░░░░░░░░░░░░░░░  33%  Streaming frame 634/4320
  ████████░░░░░░░░░░░░░░░░░  33%  Streaming frame 635/4320
  ████████░░░░░░░░░░░░░░░░░  33%  Streaming frame 636/4320
  ████████░░░░░░░░░░░░░░░░░  33%  Streaming frame 637/4320
  ████████░░░░░░░░░░░░░░░░░  33%  Streaming frame 638/4320
  ████████░░░░░░░░░░░░░░░░░  33%  Streaming frame 639/4320
  ████████░░░░░░░░░░░░░░░░░  33%  Streaming frame 640/4320
  ████████░░░░░░░░░░░░░░░░░  33%  Streaming frame 641/4320
  ████████░░░░░░░░░░░░░░░░░  33%  Streaming frame 642/4320
  ████████░░░░░░░░░░░░░░░░░  33%  Streaming frame 643/4320
  ████████░░░░░░░░░░░░░░░░░  33%  Streaming frame 644/4320
  ████████░░░░░░░░░░░░░░░░░  33%  Streaming frame 645/4320
  ████████░░░░░░░░░░░░░░░░░  33%  Streaming frame 646/4320
  ████████░░░░░░░░░░░░░░░░░  33%  Streaming frame 647/4320
  ████████░░░░░░░░░░░░░░░░░  33%  Streaming frame 648/4320
  ████████░░░░░░░░░░░░░░░░░  33%  Streaming frame 649/4320
  ████████░░░░░░░░░░░░░░░░░  33%  Streaming frame 650/4320
  ████████░░░░░░░░░░░░░░░░░  33%  Streaming frame 651/4320
  ████████░░░░░░░░░░░░░░░░░  33%  Streaming frame 652/4320
  ████████░░░░░░░░░░░░░░░░░  33%  Streaming frame 653/4320
  ████████░░░░░░░░░░░░░░░░░  33%  Streaming frame 654/4320
  ████████░░░░░░░░░░░░░░░░░  33%  Streaming frame 655/4320
  ████████░░░░░░░░░░░░░░░░░  33%  Streaming frame 656/4320
  ████████░░░░░░░░░░░░░░░░░  33%  Streaming frame 657/4320
  ████████░░░░░░░░░░░░░░░░░  33%  Streaming frame 658/4320
  ████████░░░░░░░░░░░░░░░░░  33%  Streaming frame 659/4320
  ████████░░░░░░░░░░░░░░░░░  33%  Streaming frame 660/4320
  ████████░░░░░░░░░░░░░░░░░  33%  Streaming frame 661/4320
  ████████░░░░░░░░░░░░░░░░░  33%  Streaming frame 662/4320
[INFO] [Render:trace] {"renderJobId":"5a7093f0-e08a-4e3a-b497-59831d057bf9","phase":"capture_streaming","status":"checkpoint","elapsedMs":94438,"message":"stage still running","stagePhase":"capturing","workerCount":1,"forceScreenshot":true,"totalFrames":4320,"framesCompleted":662,"captureMode":"screenshot","captureOperation":"captureScreenshot","heartbeatIndex":2,"stageElapsedMs":60003}
  ████████░░░░░░░░░░░░░░░░░  33%  Streaming frame 663/4320
  ████████░░░░░░░░░░░░░░░░░  33%  Streaming frame 664/4320
  ████████░░░░░░░░░░░░░░░░░  33%  Streaming frame 665/4320
  ████████░░░░░░░░░░░░░░░░░  33%  Streaming frame 666/4320
  ████████░░░░░░░░░░░░░░░░░  33%  Streaming frame 667/4320
  ████████░░░░░░░░░░░░░░░░░  34%  Streaming frame 668/4320
  ████████░░░░░░░░░░░░░░░░░  34%  Streaming frame 669/4320
  ████████░░░░░░░░░░░░░░░░░  34%  Streaming frame 670/4320
  ████████░░░░░░░░░░░░░░░░░  34%  Streaming frame 671/4320
  ████████░░░░░░░░░░░░░░░░░  34%  Streaming frame 672/4320
  ████████░░░░░░░░░░░░░░░░░  34%  Streaming frame 673/4320
  ████████░░░░░░░░░░░░░░░░░  34%  Streaming frame 674/4320
  ████████░░░░░░░░░░░░░░░░░  34%  Streaming frame 675/4320
  ████████░░░░░░░░░░░░░░░░░  34%  Streaming frame 676/4320
  ████████░░░░░░░░░░░░░░░░░  34%  Streaming frame 677/4320
  ████████░░░░░░░░░░░░░░░░░  34%  Streaming frame 678/4320
  ████████░░░░░░░░░░░░░░░░░  34%  Streaming frame 679/4320
  ████████░░░░░░░░░░░░░░░░░  34%  Streaming frame 680/4320
  ████████░░░░░░░░░░░░░░░░░  34%  Streaming frame 681/4320
  ████████░░░░░░░░░░░░░░░░░  34%  Streaming frame 682/4320
  ████████░░░░░░░░░░░░░░░░░  34%  Streaming frame 683/4320
  ████████░░░░░░░░░░░░░░░░░  34%  Streaming frame 684/4320
  ████████░░░░░░░░░░░░░░░░░  34%  Streaming frame 685/4320
  ████████░░░░░░░░░░░░░░░░░  34%  Streaming frame 686/4320
  ████████░░░░░░░░░░░░░░░░░  34%  Streaming frame 687/4320
  ████████░░░░░░░░░░░░░░░░░  34%  Streaming frame 688/4320
  ████████░░░░░░░░░░░░░░░░░  34%  Streaming frame 689/4320
  ████████░░░░░░░░░░░░░░░░░  34%  Streaming frame 690/4320
  ████████░░░░░░░░░░░░░░░░░  34%  Streaming frame 691/4320
  ████████░░░░░░░░░░░░░░░░░  34%  Streaming frame 692/4320
  ████████░░░░░░░░░░░░░░░░░  34%  Streaming frame 693/4320
  ████████░░░░░░░░░░░░░░░░░  34%  Streaming frame 694/4320
  ████████░░░░░░░░░░░░░░░░░  34%  Streaming frame 695/4320
  ████████░░░░░░░░░░░░░░░░░  34%  Streaming frame 696/4320
  ████████░░░░░░░░░░░░░░░░░  34%  Streaming frame 697/4320
  ████████░░░░░░░░░░░░░░░░░  34%  Streaming frame 698/4320
  ████████░░░░░░░░░░░░░░░░░  34%  Streaming frame 699/4320
  ████████░░░░░░░░░░░░░░░░░  34%  Streaming frame 700/4320
  ████████░░░░░░░░░░░░░░░░░  34%  Streaming frame 701/4320
  ████████░░░░░░░░░░░░░░░░░  34%  Streaming frame 702/4320
  ████████░░░░░░░░░░░░░░░░░  34%  Streaming frame 703/4320
  ████████░░░░░░░░░░░░░░░░░  34%  Streaming frame 704/4320
  ████████░░░░░░░░░░░░░░░░░  34%  Streaming frame 705/4320
  ████████░░░░░░░░░░░░░░░░░  34%  Streaming frame 706/4320
  ████████░░░░░░░░░░░░░░░░░  34%  Streaming frame 707/4320
  ████████░░░░░░░░░░░░░░░░░  34%  Streaming frame 708/4320
  ████████░░░░░░░░░░░░░░░░░  34%  Streaming frame 709/4320
  ████████░░░░░░░░░░░░░░░░░  34%  Streaming frame 710/4320
  ████████░░░░░░░░░░░░░░░░░  34%  Streaming frame 711/4320
  ████████░░░░░░░░░░░░░░░░░  34%  Streaming frame 712/4320
  ████████░░░░░░░░░░░░░░░░░  34%  Streaming frame 713/4320
  ████████░░░░░░░░░░░░░░░░░  34%  Streaming frame 714/4320
  ████████░░░░░░░░░░░░░░░░░  34%  Streaming frame 715/4320
  ████████░░░░░░░░░░░░░░░░░  34%  Streaming frame 716/4320
  ████████░░░░░░░░░░░░░░░░░  34%  Streaming frame 717/4320
  ████████░░░░░░░░░░░░░░░░░  34%  Streaming frame 718/4320
  ████████░░░░░░░░░░░░░░░░░  34%  Streaming frame 719/4320
  ████████░░░░░░░░░░░░░░░░░  34%  Streaming frame 720/4320
  ████████░░░░░░░░░░░░░░░░░  34%  Streaming frame 721/4320
  ████████░░░░░░░░░░░░░░░░░  34%  Streaming frame 722/4320
  ████████░░░░░░░░░░░░░░░░░  34%  Streaming frame 723/4320
  ████████░░░░░░░░░░░░░░░░░  34%  Streaming frame 724/4320
  ████████░░░░░░░░░░░░░░░░░  34%  Streaming frame 725/4320
  ████████░░░░░░░░░░░░░░░░░  34%  Streaming frame 726/4320
  ████████░░░░░░░░░░░░░░░░░  34%  Streaming frame 727/4320
  ████████░░░░░░░░░░░░░░░░░  34%  Streaming frame 728/4320
  ████████░░░░░░░░░░░░░░░░░  34%  Streaming frame 729/4320
  ████████░░░░░░░░░░░░░░░░░  34%  Streaming frame 730/4320
  ████████░░░░░░░░░░░░░░░░░  34%  Streaming frame 731/4320
  ████████░░░░░░░░░░░░░░░░░  34%  Streaming frame 732/4320
  ████████░░░░░░░░░░░░░░░░░  34%  Streaming frame 733/4320
  ████████░░░░░░░░░░░░░░░░░  34%  Streaming frame 734/4320
  ████████░░░░░░░░░░░░░░░░░  34%  Streaming frame 735/4320
  ████████░░░░░░░░░░░░░░░░░  34%  Streaming frame 736/4320
  ████████░░░░░░░░░░░░░░░░░  34%  Streaming frame 737/4320
  ████████░░░░░░░░░░░░░░░░░  34%  Streaming frame 738/4320
  ████████░░░░░░░░░░░░░░░░░  34%  Streaming frame 739/4320
  ████████░░░░░░░░░░░░░░░░░  34%  Streaming frame 740/4320
  ████████░░░░░░░░░░░░░░░░░  34%  Streaming frame 741/4320
  ████████░░░░░░░░░░░░░░░░░  34%  Streaming frame 742/4320
  ████████░░░░░░░░░░░░░░░░░  34%  Streaming frame 743/4320
  ████████░░░░░░░░░░░░░░░░░  34%  Streaming frame 744/4320
  ████████░░░░░░░░░░░░░░░░░  34%  Streaming frame 745/4320
  ████████░░░░░░░░░░░░░░░░░  34%  Streaming frame 746/4320
  ████████░░░░░░░░░░░░░░░░░  35%  Streaming frame 747/4320
  ████████░░░░░░░░░░░░░░░░░  35%  Streaming frame 748/4320
  ████████░░░░░░░░░░░░░░░░░  35%  Streaming frame 749/4320
  ████████░░░░░░░░░░░░░░░░░  35%  Streaming frame 750/4320
  ████████░░░░░░░░░░░░░░░░░  35%  Streaming frame 751/4320
  ████████░░░░░░░░░░░░░░░░░  35%  Streaming frame 752/4320
  ████████░░░░░░░░░░░░░░░░░  35%  Streaming frame 753/4320
  ████████░░░░░░░░░░░░░░░░░  35%  Streaming frame 754/4320
  ████████░░░░░░░░░░░░░░░░░  35%  Streaming frame 755/4320
  ████████░░░░░░░░░░░░░░░░░  35%  Streaming frame 756/4320
  ████████░░░░░░░░░░░░░░░░░  35%  Streaming frame 757/4320
  ████████░░░░░░░░░░░░░░░░░  35%  Streaming frame 758/4320
  ████████░░░░░░░░░░░░░░░░░  35%  Streaming frame 759/4320
  ████████░░░░░░░░░░░░░░░░░  35%  Streaming frame 760/4320
  ████████░░░░░░░░░░░░░░░░░  35%  Streaming frame 761/4320
  ████████░░░░░░░░░░░░░░░░░  35%  Streaming frame 762/4320
  ████████░░░░░░░░░░░░░░░░░  35%  Streaming frame 763/4320
  ████████░░░░░░░░░░░░░░░░░  35%  Streaming frame 764/4320
  ████████░░░░░░░░░░░░░░░░░  35%  Streaming frame 765/4320
  ████████░░░░░░░░░░░░░░░░░  35%  Streaming frame 766/4320
  ████████░░░░░░░░░░░░░░░░░  35%  Streaming frame 767/4320
[NativeFrameTransport] {"event":"progress","atUnixMs":1788976288819,"registrations":768,"requests":767,"completed":767,"head":0,"rejected":0,"errors":0,"aborted":0,"peakStreams":1,"peakSourceDescriptors":1,"bytes":1863776616,"base64Fallbacks":0,"entries":768,"activeStreams":0,"activeSourceDescriptors":0,"closed":false,"failed":false,"mode":"same-origin-url"}
  ████████░░░░░░░░░░░░░░░░░  35%  Streaming frame 768/4320
  ████████░░░░░░░░░░░░░░░░░  35%  Streaming frame 769/4320
  ████████░░░░░░░░░░░░░░░░░  35%  Streaming frame 770/4320
  ████████░░░░░░░░░░░░░░░░░  35%  Streaming frame 771/4320
  ████████░░░░░░░░░░░░░░░░░  35%  Streaming frame 772/4320
  ████████░░░░░░░░░░░░░░░░░  35%  Streaming frame 773/4320
  ████████░░░░░░░░░░░░░░░░░  35%  Streaming frame 774/4320
  ████████░░░░░░░░░░░░░░░░░  35%  Streaming frame 775/4320
  ████████░░░░░░░░░░░░░░░░░  35%  Streaming frame 776/4320
  ████████░░░░░░░░░░░░░░░░░  35%  Streaming frame 777/4320
  ████████░░░░░░░░░░░░░░░░░  35%  Streaming frame 778/4320
  ████████░░░░░░░░░░░░░░░░░  35%  Streaming frame 779/4320
  ████████░░░░░░░░░░░░░░░░░  35%  Streaming frame 780/4320
  ████████░░░░░░░░░░░░░░░░░  35%  Streaming frame 781/4320
  ████████░░░░░░░░░░░░░░░░░  35%  Streaming frame 782/4320
  ████████░░░░░░░░░░░░░░░░░  35%  Streaming frame 783/4320
  ████████░░░░░░░░░░░░░░░░░  35%  Streaming frame 784/4320
  ████████░░░░░░░░░░░░░░░░░  35%  Streaming frame 785/4320
  ████████░░░░░░░░░░░░░░░░░  35%  Streaming frame 786/4320
  ████████░░░░░░░░░░░░░░░░░  35%  Streaming frame 787/4320
  ████████░░░░░░░░░░░░░░░░░  35%  Streaming frame 788/4320
  ████████░░░░░░░░░░░░░░░░░  35%  Streaming frame 789/4320
  ████████░░░░░░░░░░░░░░░░░  35%  Streaming frame 790/4320
  ████████░░░░░░░░░░░░░░░░░  35%  Streaming frame 791/4320
  ████████░░░░░░░░░░░░░░░░░  35%  Streaming frame 792/4320
  ████████░░░░░░░░░░░░░░░░░  35%  Streaming frame 793/4320
  ████████░░░░░░░░░░░░░░░░░  35%  Streaming frame 794/4320
  ████████░░░░░░░░░░░░░░░░░  35%  Streaming frame 795/4320
  ████████░░░░░░░░░░░░░░░░░  35%  Streaming frame 796/4320
  ████████░░░░░░░░░░░░░░░░░  35%  Streaming frame 797/4320
  ████████░░░░░░░░░░░░░░░░░  35%  Streaming frame 798/4320
  ████████░░░░░░░░░░░░░░░░░  35%  Streaming frame 799/4320
  ████████░░░░░░░░░░░░░░░░░  35%  Streaming frame 800/4320
  ████████░░░░░░░░░░░░░░░░░  35%  Streaming frame 801/4320
  ████████░░░░░░░░░░░░░░░░░  35%  Streaming frame 802/4320
  ████████░░░░░░░░░░░░░░░░░  35%  Streaming frame 803/4320
  ████████░░░░░░░░░░░░░░░░░  35%  Streaming frame 804/4320
  ████████░░░░░░░░░░░░░░░░░  35%  Streaming frame 805/4320
  ████████░░░░░░░░░░░░░░░░░  35%  Streaming frame 806/4320
  ████████░░░░░░░░░░░░░░░░░  35%  Streaming frame 807/4320
  ████████░░░░░░░░░░░░░░░░░  35%  Streaming frame 808/4320
  ████████░░░░░░░░░░░░░░░░░  35%  Streaming frame 809/4320
  ████████░░░░░░░░░░░░░░░░░  35%  Streaming frame 810/4320
  ████████░░░░░░░░░░░░░░░░░  35%  Streaming frame 811/4320
  ████████░░░░░░░░░░░░░░░░░  35%  Streaming frame 812/4320
  ████████░░░░░░░░░░░░░░░░░  35%  Streaming frame 813/4320
  ████████░░░░░░░░░░░░░░░░░  35%  Streaming frame 814/4320
  ████████░░░░░░░░░░░░░░░░░  35%  Streaming frame 815/4320
  ████████░░░░░░░░░░░░░░░░░  35%  Streaming frame 816/4320
  ████████░░░░░░░░░░░░░░░░░  35%  Streaming frame 817/4320
  ████████░░░░░░░░░░░░░░░░░  35%  Streaming frame 818/4320
  ████████░░░░░░░░░░░░░░░░░  35%  Streaming frame 819/4320
  ████████░░░░░░░░░░░░░░░░░  35%  Streaming frame 820/4320
  ████████░░░░░░░░░░░░░░░░░  35%  Streaming frame 821/4320
  ████████░░░░░░░░░░░░░░░░░  35%  Streaming frame 822/4320
  ████████░░░░░░░░░░░░░░░░░  35%  Streaming frame 823/4320
  ████████░░░░░░░░░░░░░░░░░  35%  Streaming frame 824/4320
  █████████░░░░░░░░░░░░░░░░  36%  Streaming frame 825/4320
  █████████░░░░░░░░░░░░░░░░  36%  Streaming frame 826/4320
  █████████░░░░░░░░░░░░░░░░  36%  Streaming frame 827/4320
  █████████░░░░░░░░░░░░░░░░  36%  Streaming frame 828/4320
  █████████░░░░░░░░░░░░░░░░  36%  Streaming frame 829/4320
  █████████░░░░░░░░░░░░░░░░  36%  Streaming frame 830/4320
  █████████░░░░░░░░░░░░░░░░  36%  Streaming frame 831/4320
  █████████░░░░░░░░░░░░░░░░  36%  Streaming frame 832/4320
  █████████░░░░░░░░░░░░░░░░  36%  Streaming frame 833/4320
  █████████░░░░░░░░░░░░░░░░  36%  Streaming frame 834/4320
  █████████░░░░░░░░░░░░░░░░  36%  Streaming frame 835/4320
  █████████░░░░░░░░░░░░░░░░  36%  Streaming frame 836/4320
  █████████░░░░░░░░░░░░░░░░  36%  Streaming frame 837/4320
  █████████░░░░░░░░░░░░░░░░  36%  Streaming frame 838/4320
  █████████░░░░░░░░░░░░░░░░  36%  Streaming frame 839/4320
  █████████░░░░░░░░░░░░░░░░  36%  Streaming frame 840/4320
  █████████░░░░░░░░░░░░░░░░  36%  Streaming frame 841/4320
  █████████░░░░░░░░░░░░░░░░  36%  Streaming frame 842/4320
  █████████░░░░░░░░░░░░░░░░  36%  Streaming frame 843/4320
  █████████░░░░░░░░░░░░░░░░  36%  Streaming frame 844/4320
  █████████░░░░░░░░░░░░░░░░  36%  Streaming frame 845/4320
  █████████░░░░░░░░░░░░░░░░  36%  Streaming frame 846/4320
  █████████░░░░░░░░░░░░░░░░  36%  Streaming frame 847/4320
  █████████░░░░░░░░░░░░░░░░  36%  Streaming frame 848/4320
  █████████░░░░░░░░░░░░░░░░  36%  Streaming frame 849/4320
  █████████░░░░░░░░░░░░░░░░  36%  Streaming frame 850/4320
  █████████░░░░░░░░░░░░░░░░  36%  Streaming frame 851/4320
  █████████░░░░░░░░░░░░░░░░  36%  Streaming frame 852/4320
  █████████░░░░░░░░░░░░░░░░  36%  Streaming frame 853/4320
  █████████░░░░░░░░░░░░░░░░  36%  Streaming frame 854/4320
  █████████░░░░░░░░░░░░░░░░  36%  Streaming frame 855/4320
  █████████░░░░░░░░░░░░░░░░  36%  Streaming frame 856/4320
  █████████░░░░░░░░░░░░░░░░  36%  Streaming frame 857/4320
  █████████░░░░░░░░░░░░░░░░  36%  Streaming frame 858/4320
  █████████░░░░░░░░░░░░░░░░  36%  Streaming frame 859/4320
  █████████░░░░░░░░░░░░░░░░  36%  Streaming frame 860/4320
  █████████░░░░░░░░░░░░░░░░  36%  Streaming frame 861/4320
  █████████░░░░░░░░░░░░░░░░  36%  Streaming frame 862/4320
  █████████░░░░░░░░░░░░░░░░  36%  Streaming frame 863/4320
  █████████░░░░░░░░░░░░░░░░  36%  Streaming frame 864/4320
  █████████░░░░░░░░░░░░░░░░  36%  Streaming frame 865/4320
  █████████░░░░░░░░░░░░░░░░  36%  Streaming frame 866/4320
  █████████░░░░░░░░░░░░░░░░  36%  Streaming frame 867/4320
  █████████░░░░░░░░░░░░░░░░  36%  Streaming frame 868/4320
  █████████░░░░░░░░░░░░░░░░  36%  Streaming frame 869/4320
  █████████░░░░░░░░░░░░░░░░  36%  Streaming frame 870/4320
  █████████░░░░░░░░░░░░░░░░  36%  Streaming frame 871/4320
  █████████░░░░░░░░░░░░░░░░  36%  Streaming frame 872/4320
  █████████░░░░░░░░░░░░░░░░  36%  Streaming frame 873/4320
  █████████░░░░░░░░░░░░░░░░  36%  Streaming frame 874/4320
  █████████░░░░░░░░░░░░░░░░  36%  Streaming frame 875/4320
  █████████░░░░░░░░░░░░░░░░  36%  Streaming frame 876/4320
  █████████░░░░░░░░░░░░░░░░  36%  Streaming frame 877/4320
  █████████░░░░░░░░░░░░░░░░  36%  Streaming frame 878/4320
  █████████░░░░░░░░░░░░░░░░  36%  Streaming frame 879/4320
  █████████░░░░░░░░░░░░░░░░  36%  Streaming frame 880/4320
  █████████░░░░░░░░░░░░░░░░  36%  Streaming frame 881/4320
  █████████░░░░░░░░░░░░░░░░  36%  Streaming frame 882/4320
  █████████░░░░░░░░░░░░░░░░  36%  Streaming frame 883/4320
  █████████░░░░░░░░░░░░░░░░  36%  Streaming frame 884/4320
  █████████░░░░░░░░░░░░░░░░  36%  Streaming frame 885/4320
  █████████░░░░░░░░░░░░░░░░  36%  Streaming frame 886/4320
  █████████░░░░░░░░░░░░░░░░  36%  Streaming frame 887/4320
  █████████░░░░░░░░░░░░░░░░  36%  Streaming frame 888/4320
  █████████░░░░░░░░░░░░░░░░  36%  Streaming frame 889/4320
  █████████░░░░░░░░░░░░░░░░  36%  Streaming frame 890/4320
  █████████░░░░░░░░░░░░░░░░  36%  Streaming frame 891/4320
  █████████░░░░░░░░░░░░░░░░  36%  Streaming frame 892/4320
  █████████░░░░░░░░░░░░░░░░  36%  Streaming frame 893/4320
  █████████░░░░░░░░░░░░░░░░  36%  Streaming frame 894/4320
  █████████░░░░░░░░░░░░░░░░  36%  Streaming frame 895/4320
  █████████░░░░░░░░░░░░░░░░  36%  Streaming frame 896/4320
  █████████░░░░░░░░░░░░░░░░  36%  Streaming frame 897/4320
  █████████░░░░░░░░░░░░░░░░  36%  Streaming frame 898/4320
  █████████░░░░░░░░░░░░░░░░  36%  Streaming frame 899/4320
  █████████░░░░░░░░░░░░░░░░  36%  Streaming frame 900/4320
  █████████░░░░░░░░░░░░░░░░  36%  Streaming frame 901/4320
  █████████░░░░░░░░░░░░░░░░  36%  Streaming frame 902/4320
  █████████░░░░░░░░░░░░░░░░  36%  Streaming frame 903/4320
  █████████░░░░░░░░░░░░░░░░  37%  Streaming frame 904/4320
  █████████░░░░░░░░░░░░░░░░  37%  Streaming frame 905/4320
  █████████░░░░░░░░░░░░░░░░  37%  Streaming frame 906/4320
  █████████░░░░░░░░░░░░░░░░  37%  Streaming frame 907/4320
  █████████░░░░░░░░░░░░░░░░  37%  Streaming frame 908/4320
  █████████░░░░░░░░░░░░░░░░  37%  Streaming frame 909/4320
  █████████░░░░░░░░░░░░░░░░  37%  Streaming frame 910/4320
  █████████░░░░░░░░░░░░░░░░  37%  Streaming frame 911/4320
  █████████░░░░░░░░░░░░░░░░  37%  Streaming frame 912/4320
  █████████░░░░░░░░░░░░░░░░  37%  Streaming frame 913/4320
  █████████░░░░░░░░░░░░░░░░  37%  Streaming frame 914/4320
  █████████░░░░░░░░░░░░░░░░  37%  Streaming frame 915/4320
  █████████░░░░░░░░░░░░░░░░  37%  Streaming frame 916/4320
  █████████░░░░░░░░░░░░░░░░  37%  Streaming frame 917/4320
  █████████░░░░░░░░░░░░░░░░  37%  Streaming frame 918/4320
  █████████░░░░░░░░░░░░░░░░  37%  Streaming frame 919/4320
  █████████░░░░░░░░░░░░░░░░  37%  Streaming frame 920/4320
  █████████░░░░░░░░░░░░░░░░  37%  Streaming frame 921/4320
  █████████░░░░░░░░░░░░░░░░  37%  Streaming frame 922/4320
  █████████░░░░░░░░░░░░░░░░  37%  Streaming frame 923/4320
  █████████░░░░░░░░░░░░░░░░  37%  Streaming frame 924/4320
  █████████░░░░░░░░░░░░░░░░  37%  Streaming frame 925/4320
  █████████░░░░░░░░░░░░░░░░  37%  Streaming frame 926/4320
  █████████░░░░░░░░░░░░░░░░  37%  Streaming frame 927/4320
  █████████░░░░░░░░░░░░░░░░  37%  Streaming frame 928/4320
  █████████░░░░░░░░░░░░░░░░  37%  Streaming frame 929/4320
  █████████░░░░░░░░░░░░░░░░  37%  Streaming frame 930/4320
  █████████░░░░░░░░░░░░░░░░  37%  Streaming frame 931/4320
  █████████░░░░░░░░░░░░░░░░  37%  Streaming frame 932/4320
  █████████░░░░░░░░░░░░░░░░  37%  Streaming frame 933/4320
  █████████░░░░░░░░░░░░░░░░  37%  Streaming frame 934/4320
  █████████░░░░░░░░░░░░░░░░  37%  Streaming frame 935/4320
  █████████░░░░░░░░░░░░░░░░  37%  Streaming frame 936/4320
  █████████░░░░░░░░░░░░░░░░  37%  Streaming frame 937/4320
  █████████░░░░░░░░░░░░░░░░  37%  Streaming frame 938/4320
  █████████░░░░░░░░░░░░░░░░  37%  Streaming frame 939/4320
  █████████░░░░░░░░░░░░░░░░  37%  Streaming frame 940/4320
  █████████░░░░░░░░░░░░░░░░  37%  Streaming frame 941/4320
  █████████░░░░░░░░░░░░░░░░  37%  Streaming frame 942/4320
  █████████░░░░░░░░░░░░░░░░  37%  Streaming frame 943/4320
  █████████░░░░░░░░░░░░░░░░  37%  Streaming frame 944/4320
  █████████░░░░░░░░░░░░░░░░  37%  Streaming frame 945/4320
  █████████░░░░░░░░░░░░░░░░  37%  Streaming frame 946/4320
  █████████░░░░░░░░░░░░░░░░  37%  Streaming frame 947/4320
  █████████░░░░░░░░░░░░░░░░  37%  Streaming frame 948/4320
  █████████░░░░░░░░░░░░░░░░  37%  Streaming frame 949/4320
  █████████░░░░░░░░░░░░░░░░  37%  Streaming frame 950/4320
  █████████░░░░░░░░░░░░░░░░  37%  Streaming frame 951/4320
  █████████░░░░░░░░░░░░░░░░  37%  Streaming frame 952/4320
  █████████░░░░░░░░░░░░░░░░  37%  Streaming frame 953/4320
  █████████░░░░░░░░░░░░░░░░  37%  Streaming frame 954/4320
  █████████░░░░░░░░░░░░░░░░  37%  Streaming frame 955/4320
  █████████░░░░░░░░░░░░░░░░  37%  Streaming frame 956/4320
  █████████░░░░░░░░░░░░░░░░  37%  Streaming frame 957/4320
  █████████░░░░░░░░░░░░░░░░  37%  Streaming frame 958/4320
  █████████░░░░░░░░░░░░░░░░  37%  Streaming frame 959/4320
  █████████░░░░░░░░░░░░░░░░  37%  Streaming frame 960/4320
  █████████░░░░░░░░░░░░░░░░  37%  Streaming frame 961/4320
  █████████░░░░░░░░░░░░░░░░  37%  Streaming frame 962/4320
  █████████░░░░░░░░░░░░░░░░  37%  Streaming frame 963/4320
  █████████░░░░░░░░░░░░░░░░  37%  Streaming frame 964/4320
  █████████░░░░░░░░░░░░░░░░  37%  Streaming frame 965/4320
  █████████░░░░░░░░░░░░░░░░  37%  Streaming frame 966/4320
  █████████░░░░░░░░░░░░░░░░  37%  Streaming frame 967/4320
  █████████░░░░░░░░░░░░░░░░  37%  Streaming frame 968/4320
  █████████░░░░░░░░░░░░░░░░  37%  Streaming frame 969/4320
  █████████░░░░░░░░░░░░░░░░  37%  Streaming frame 970/4320
  █████████░░░░░░░░░░░░░░░░  37%  Streaming frame 971/4320
  █████████░░░░░░░░░░░░░░░░  37%  Streaming frame 972/4320
  █████████░░░░░░░░░░░░░░░░  37%  Streaming frame 973/4320
  █████████░░░░░░░░░░░░░░░░  37%  Streaming frame 974/4320
  █████████░░░░░░░░░░░░░░░░  37%  Streaming frame 975/4320
  █████████░░░░░░░░░░░░░░░░  37%  Streaming frame 976/4320
  █████████░░░░░░░░░░░░░░░░  37%  Streaming frame 977/4320
  █████████░░░░░░░░░░░░░░░░  37%  Streaming frame 978/4320
  █████████░░░░░░░░░░░░░░░░  37%  Streaming frame 979/4320
  █████████░░░░░░░░░░░░░░░░  37%  Streaming frame 980/4320
  █████████░░░░░░░░░░░░░░░░  37%  Streaming frame 981/4320
  █████████░░░░░░░░░░░░░░░░  38%  Streaming frame 982/4320
  █████████░░░░░░░░░░░░░░░░  38%  Streaming frame 983/4320
  █████████░░░░░░░░░░░░░░░░  38%  Streaming frame 984/4320
  █████████░░░░░░░░░░░░░░░░  38%  Streaming frame 985/4320
  █████████░░░░░░░░░░░░░░░░  38%  Streaming frame 986/4320
  █████████░░░░░░░░░░░░░░░░  38%  Streaming frame 987/4320
  █████████░░░░░░░░░░░░░░░░  38%  Streaming frame 988/4320
  █████████░░░░░░░░░░░░░░░░  38%  Streaming frame 989/4320
  █████████░░░░░░░░░░░░░░░░  38%  Streaming frame 990/4320
  █████████░░░░░░░░░░░░░░░░  38%  Streaming frame 991/4320
  █████████░░░░░░░░░░░░░░░░  38%  Streaming frame 992/4320
  █████████░░░░░░░░░░░░░░░░  38%  Streaming frame 993/4320
  █████████░░░░░░░░░░░░░░░░  38%  Streaming frame 994/4320
  █████████░░░░░░░░░░░░░░░░  38%  Streaming frame 995/4320
  █████████░░░░░░░░░░░░░░░░  38%  Streaming frame 996/4320
  █████████░░░░░░░░░░░░░░░░  38%  Streaming frame 997/4320
  █████████░░░░░░░░░░░░░░░░  38%  Streaming frame 998/4320
  █████████░░░░░░░░░░░░░░░░  38%  Streaming frame 999/4320
  █████████░░░░░░░░░░░░░░░░  38%  Streaming frame 1000/4320
  █████████░░░░░░░░░░░░░░░░  38%  Streaming frame 1001/4320
  █████████░░░░░░░░░░░░░░░░  38%  Streaming frame 1002/4320
  █████████░░░░░░░░░░░░░░░░  38%  Streaming frame 1003/4320
  █████████░░░░░░░░░░░░░░░░  38%  Streaming frame 1004/4320
  █████████░░░░░░░░░░░░░░░░  38%  Streaming frame 1005/4320
  █████████░░░░░░░░░░░░░░░░  38%  Streaming frame 1006/4320
  █████████░░░░░░░░░░░░░░░░  38%  Streaming frame 1007/4320
  █████████░░░░░░░░░░░░░░░░  38%  Streaming frame 1008/4320
  █████████░░░░░░░░░░░░░░░░  38%  Streaming frame 1009/4320
  █████████░░░░░░░░░░░░░░░░  38%  Streaming frame 1010/4320
  █████████░░░░░░░░░░░░░░░░  38%  Streaming frame 1011/4320
  █████████░░░░░░░░░░░░░░░░  38%  Streaming frame 1012/4320
  █████████░░░░░░░░░░░░░░░░  38%  Streaming frame 1013/4320
  █████████░░░░░░░░░░░░░░░░  38%  Streaming frame 1014/4320
  █████████░░░░░░░░░░░░░░░░  38%  Streaming frame 1015/4320
  █████████░░░░░░░░░░░░░░░░  38%  Streaming frame 1016/4320
  █████████░░░░░░░░░░░░░░░░  38%  Streaming frame 1017/4320
  █████████░░░░░░░░░░░░░░░░  38%  Streaming frame 1018/4320
  █████████░░░░░░░░░░░░░░░░  38%  Streaming frame 1019/4320
  █████████░░░░░░░░░░░░░░░░  38%  Streaming frame 1020/4320
  █████████░░░░░░░░░░░░░░░░  38%  Streaming frame 1021/4320
  █████████░░░░░░░░░░░░░░░░  38%  Streaming frame 1022/4320
  █████████░░░░░░░░░░░░░░░░  38%  Streaming frame 1023/4320
[NativeFrameTransport] {"event":"progress","atUnixMs":1788976313125,"registrations":1024,"requests":1023,"completed":1023,"head":0,"rejected":0,"errors":0,"aborted":0,"peakStreams":1,"peakSourceDescriptors":1,"bytes":2510979347,"base64Fallbacks":0,"entries":1024,"activeStreams":0,"activeSourceDescriptors":0,"closed":false,"failed":false,"mode":"same-origin-url"}
  █████████░░░░░░░░░░░░░░░░  38%  Streaming frame 1024/4320
  █████████░░░░░░░░░░░░░░░░  38%  Streaming frame 1025/4320
  █████████░░░░░░░░░░░░░░░░  38%  Streaming frame 1026/4320
  █████████░░░░░░░░░░░░░░░░  38%  Streaming frame 1027/4320
  █████████░░░░░░░░░░░░░░░░  38%  Streaming frame 1028/4320
  █████████░░░░░░░░░░░░░░░░  38%  Streaming frame 1029/4320
  █████████░░░░░░░░░░░░░░░░  38%  Streaming frame 1030/4320
  █████████░░░░░░░░░░░░░░░░  38%  Streaming frame 1031/4320
  █████████░░░░░░░░░░░░░░░░  38%  Streaming frame 1032/4320
  █████████░░░░░░░░░░░░░░░░  38%  Streaming frame 1033/4320
  █████████░░░░░░░░░░░░░░░░  38%  Streaming frame 1034/4320
  █████████░░░░░░░░░░░░░░░░  38%  Streaming frame 1035/4320
  █████████░░░░░░░░░░░░░░░░  38%  Streaming frame 1036/4320
  █████████░░░░░░░░░░░░░░░░  38%  Streaming frame 1037/4320
  █████████░░░░░░░░░░░░░░░░  38%  Streaming frame 1038/4320
  █████████░░░░░░░░░░░░░░░░  38%  Streaming frame 1039/4320
  █████████░░░░░░░░░░░░░░░░  38%  Streaming frame 1040/4320
  █████████░░░░░░░░░░░░░░░░  38%  Streaming frame 1041/4320
  █████████░░░░░░░░░░░░░░░░  38%  Streaming frame 1042/4320
  █████████░░░░░░░░░░░░░░░░  38%  Streaming frame 1043/4320
  █████████░░░░░░░░░░░░░░░░  38%  Streaming frame 1044/4320
  █████████░░░░░░░░░░░░░░░░  38%  Streaming frame 1045/4320
  █████████░░░░░░░░░░░░░░░░  38%  Streaming frame 1046/4320
  █████████░░░░░░░░░░░░░░░░  38%  Streaming frame 1047/4320
  █████████░░░░░░░░░░░░░░░░  38%  Streaming frame 1048/4320
  █████████░░░░░░░░░░░░░░░░  38%  Streaming frame 1049/4320
  █████████░░░░░░░░░░░░░░░░  38%  Streaming frame 1050/4320
  █████████░░░░░░░░░░░░░░░░  38%  Streaming frame 1051/4320
  █████████░░░░░░░░░░░░░░░░  38%  Streaming frame 1052/4320
  █████████░░░░░░░░░░░░░░░░  38%  Streaming frame 1053/4320
  █████████░░░░░░░░░░░░░░░░  38%  Streaming frame 1054/4320
  █████████░░░░░░░░░░░░░░░░  38%  Streaming frame 1055/4320
  █████████░░░░░░░░░░░░░░░░  38%  Streaming frame 1056/4320
  █████████░░░░░░░░░░░░░░░░  38%  Streaming frame 1057/4320
  █████████░░░░░░░░░░░░░░░░  38%  Streaming frame 1058/4320
  █████████░░░░░░░░░░░░░░░░  38%  Streaming frame 1059/4320
  █████████░░░░░░░░░░░░░░░░  38%  Streaming frame 1060/4320
  █████████░░░░░░░░░░░░░░░░  39%  Streaming frame 1061/4320
  █████████░░░░░░░░░░░░░░░░  39%  Streaming frame 1062/4320
  █████████░░░░░░░░░░░░░░░░  39%  Streaming frame 1063/4320
  █████████░░░░░░░░░░░░░░░░  39%  Streaming frame 1064/4320
  █████████░░░░░░░░░░░░░░░░  39%  Streaming frame 1065/4320
  █████████░░░░░░░░░░░░░░░░  39%  Streaming frame 1066/4320
  █████████░░░░░░░░░░░░░░░░  39%  Streaming frame 1067/4320
  █████████░░░░░░░░░░░░░░░░  39%  Streaming frame 1068/4320
  █████████░░░░░░░░░░░░░░░░  39%  Streaming frame 1069/4320
  █████████░░░░░░░░░░░░░░░░  39%  Streaming frame 1070/4320
  █████████░░░░░░░░░░░░░░░░  39%  Streaming frame 1071/4320
  █████████░░░░░░░░░░░░░░░░  39%  Streaming frame 1072/4320
  █████████░░░░░░░░░░░░░░░░  39%  Streaming frame 1073/4320
  █████████░░░░░░░░░░░░░░░░  39%  Streaming frame 1074/4320
  █████████░░░░░░░░░░░░░░░░  39%  Streaming frame 1075/4320
  █████████░░░░░░░░░░░░░░░░  39%  Streaming frame 1076/4320
  █████████░░░░░░░░░░░░░░░░  39%  Streaming frame 1077/4320
  █████████░░░░░░░░░░░░░░░░  39%  Streaming frame 1078/4320
  █████████░░░░░░░░░░░░░░░░  39%  Streaming frame 1079/4320
  █████████░░░░░░░░░░░░░░░░  39%  Streaming frame 1080/4320
  █████████░░░░░░░░░░░░░░░░  39%  Streaming frame 1081/4320
  █████████░░░░░░░░░░░░░░░░  39%  Streaming frame 1082/4320
  █████████░░░░░░░░░░░░░░░░  39%  Streaming frame 1083/4320
  █████████░░░░░░░░░░░░░░░░  39%  Streaming frame 1084/4320
  █████████░░░░░░░░░░░░░░░░  39%  Streaming frame 1085/4320
  █████████░░░░░░░░░░░░░░░░  39%  Streaming frame 1086/4320
  █████████░░░░░░░░░░░░░░░░  39%  Streaming frame 1087/4320
  █████████░░░░░░░░░░░░░░░░  39%  Streaming frame 1088/4320
  █████████░░░░░░░░░░░░░░░░  39%  Streaming frame 1089/4320
  █████████░░░░░░░░░░░░░░░░  39%  Streaming frame 1090/4320
  █████████░░░░░░░░░░░░░░░░  39%  Streaming frame 1091/4320
  █████████░░░░░░░░░░░░░░░░  39%  Streaming frame 1092/4320
  █████████░░░░░░░░░░░░░░░░  39%  Streaming frame 1093/4320
  █████████░░░░░░░░░░░░░░░░  39%  Streaming frame 1094/4320
  █████████░░░░░░░░░░░░░░░░  39%  Streaming frame 1095/4320
  █████████░░░░░░░░░░░░░░░░  39%  Streaming frame 1096/4320
  █████████░░░░░░░░░░░░░░░░  39%  Streaming frame 1097/4320
  █████████░░░░░░░░░░░░░░░░  39%  Streaming frame 1098/4320
  █████████░░░░░░░░░░░░░░░░  39%  Streaming frame 1099/4320
  █████████░░░░░░░░░░░░░░░░  39%  Streaming frame 1100/4320
  █████████░░░░░░░░░░░░░░░░  39%  Streaming frame 1101/4320
  █████████░░░░░░░░░░░░░░░░  39%  Streaming frame 1102/4320
  █████████░░░░░░░░░░░░░░░░  39%  Streaming frame 1103/4320
  █████████░░░░░░░░░░░░░░░░  39%  Streaming frame 1104/4320
  █████████░░░░░░░░░░░░░░░░  39%  Streaming frame 1105/4320
  █████████░░░░░░░░░░░░░░░░  39%  Streaming frame 1106/4320
  █████████░░░░░░░░░░░░░░░░  39%  Streaming frame 1107/4320
  █████████░░░░░░░░░░░░░░░░  39%  Streaming frame 1108/4320
  █████████░░░░░░░░░░░░░░░░  39%  Streaming frame 1109/4320
  █████████░░░░░░░░░░░░░░░░  39%  Streaming frame 1110/4320
  █████████░░░░░░░░░░░░░░░░  39%  Streaming frame 1111/4320
  █████████░░░░░░░░░░░░░░░░  39%  Streaming frame 1112/4320
  █████████░░░░░░░░░░░░░░░░  39%  Streaming frame 1113/4320
  █████████░░░░░░░░░░░░░░░░  39%  Streaming frame 1114/4320
  █████████░░░░░░░░░░░░░░░░  39%  Streaming frame 1115/4320
  █████████░░░░░░░░░░░░░░░░  39%  Streaming frame 1116/4320
  █████████░░░░░░░░░░░░░░░░  39%  Streaming frame 1117/4320
  █████████░░░░░░░░░░░░░░░░  39%  Streaming frame 1118/4320
  █████████░░░░░░░░░░░░░░░░  39%  Streaming frame 1119/4320
  █████████░░░░░░░░░░░░░░░░  39%  Streaming frame 1120/4320
  █████████░░░░░░░░░░░░░░░░  39%  Streaming frame 1121/4320
  █████████░░░░░░░░░░░░░░░░  39%  Streaming frame 1122/4320
  █████████░░░░░░░░░░░░░░░░  39%  Streaming frame 1123/4320
  █████████░░░░░░░░░░░░░░░░  39%  Streaming frame 1124/4320
  █████████░░░░░░░░░░░░░░░░  39%  Streaming frame 1125/4320
  █████████░░░░░░░░░░░░░░░░  39%  Streaming frame 1126/4320
  █████████░░░░░░░░░░░░░░░░  39%  Streaming frame 1127/4320
  █████████░░░░░░░░░░░░░░░░  39%  Streaming frame 1128/4320
  █████████░░░░░░░░░░░░░░░░  39%  Streaming frame 1129/4320
  █████████░░░░░░░░░░░░░░░░  39%  Streaming frame 1130/4320
  █████████░░░░░░░░░░░░░░░░  39%  Streaming frame 1131/4320
  █████████░░░░░░░░░░░░░░░░  39%  Streaming frame 1132/4320
  █████████░░░░░░░░░░░░░░░░  39%  Streaming frame 1133/4320
  █████████░░░░░░░░░░░░░░░░  39%  Streaming frame 1134/4320
  █████████░░░░░░░░░░░░░░░░  39%  Streaming frame 1135/4320
  █████████░░░░░░░░░░░░░░░░  39%  Streaming frame 1136/4320
  █████████░░░░░░░░░░░░░░░░  39%  Streaming frame 1137/4320
  █████████░░░░░░░░░░░░░░░░  39%  Streaming frame 1138/4320
  ██████████░░░░░░░░░░░░░░░  40%  Streaming frame 1139/4320
  ██████████░░░░░░░░░░░░░░░  40%  Streaming frame 1140/4320
  ██████████░░░░░░░░░░░░░░░  40%  Streaming frame 1141/4320
  ██████████░░░░░░░░░░░░░░░  40%  Streaming frame 1142/4320
  ██████████░░░░░░░░░░░░░░░  40%  Streaming frame 1143/4320
  ██████████░░░░░░░░░░░░░░░  40%  Streaming frame 1144/4320
  ██████████░░░░░░░░░░░░░░░  40%  Streaming frame 1145/4320
  ██████████░░░░░░░░░░░░░░░  40%  Streaming frame 1146/4320
  ██████████░░░░░░░░░░░░░░░  40%  Streaming frame 1147/4320
  ██████████░░░░░░░░░░░░░░░  40%  Streaming frame 1148/4320
  ██████████░░░░░░░░░░░░░░░  40%  Streaming frame 1149/4320
  ██████████░░░░░░░░░░░░░░░  40%  Streaming frame 1150/4320
  ██████████░░░░░░░░░░░░░░░  40%  Streaming frame 1151/4320
  ██████████░░░░░░░░░░░░░░░  40%  Streaming frame 1152/4320
  ██████████░░░░░░░░░░░░░░░  40%  Streaming frame 1153/4320
  ██████████░░░░░░░░░░░░░░░  40%  Streaming frame 1154/4320
  ██████████░░░░░░░░░░░░░░░  40%  Streaming frame 1155/4320
  ██████████░░░░░░░░░░░░░░░  40%  Streaming frame 1156/4320
  ██████████░░░░░░░░░░░░░░░  40%  Streaming frame 1157/4320
  ██████████░░░░░░░░░░░░░░░  40%  Streaming frame 1158/4320
  ██████████░░░░░░░░░░░░░░░  40%  Streaming frame 1159/4320
  ██████████░░░░░░░░░░░░░░░  40%  Streaming frame 1160/4320
  ██████████░░░░░░░░░░░░░░░  40%  Streaming frame 1161/4320
  ██████████░░░░░░░░░░░░░░░  40%  Streaming frame 1162/4320
  ██████████░░░░░░░░░░░░░░░  40%  Streaming frame 1163/4320
  ██████████░░░░░░░░░░░░░░░  40%  Streaming frame 1164/4320
  ██████████░░░░░░░░░░░░░░░  40%  Streaming frame 1165/4320
  ██████████░░░░░░░░░░░░░░░  40%  Streaming frame 1166/4320
  ██████████░░░░░░░░░░░░░░░  40%  Streaming frame 1167/4320
  ██████████░░░░░░░░░░░░░░░  40%  Streaming frame 1168/4320
  ██████████░░░░░░░░░░░░░░░  40%  Streaming frame 1169/4320
  ██████████░░░░░░░░░░░░░░░  40%  Streaming frame 1170/4320
  ██████████░░░░░░░░░░░░░░░  40%  Streaming frame 1171/4320
  ██████████░░░░░░░░░░░░░░░  40%  Streaming frame 1172/4320
  ██████████░░░░░░░░░░░░░░░  40%  Streaming frame 1173/4320
  ██████████░░░░░░░░░░░░░░░  40%  Streaming frame 1174/4320
  ██████████░░░░░░░░░░░░░░░  40%  Streaming frame 1175/4320
  ██████████░░░░░░░░░░░░░░░  40%  Streaming frame 1176/4320
  ██████████░░░░░░░░░░░░░░░  40%  Streaming frame 1177/4320
  ██████████░░░░░░░░░░░░░░░  40%  Streaming frame 1178/4320
  ██████████░░░░░░░░░░░░░░░  40%  Streaming frame 1179/4320
  ██████████░░░░░░░░░░░░░░░  40%  Streaming frame 1180/4320
  ██████████░░░░░░░░░░░░░░░  40%  Streaming frame 1181/4320
  ██████████░░░░░░░░░░░░░░░  40%  Streaming frame 1182/4320
  ██████████░░░░░░░░░░░░░░░  40%  Streaming frame 1183/4320
  ██████████░░░░░░░░░░░░░░░  40%  Streaming frame 1184/4320
  ██████████░░░░░░░░░░░░░░░  40%  Streaming frame 1185/4320
  ██████████░░░░░░░░░░░░░░░  40%  Streaming frame 1186/4320
  ██████████░░░░░░░░░░░░░░░  40%  Streaming frame 1187/4320
  ██████████░░░░░░░░░░░░░░░  40%  Streaming frame 1188/4320
  ██████████░░░░░░░░░░░░░░░  40%  Streaming frame 1189/4320
  ██████████░░░░░░░░░░░░░░░  40%  Streaming frame 1190/4320
  ██████████░░░░░░░░░░░░░░░  40%  Streaming frame 1191/4320
  ██████████░░░░░░░░░░░░░░░  40%  Streaming frame 1192/4320
  ██████████░░░░░░░░░░░░░░░  40%  Streaming frame 1193/4320
  ██████████░░░░░░░░░░░░░░░  40%  Streaming frame 1194/4320
  ██████████░░░░░░░░░░░░░░░  40%  Streaming frame 1195/4320
  ██████████░░░░░░░░░░░░░░░  40%  Streaming frame 1196/4320
  ██████████░░░░░░░░░░░░░░░  40%  Streaming frame 1197/4320
  ██████████░░░░░░░░░░░░░░░  40%  Streaming frame 1198/4320
  ██████████░░░░░░░░░░░░░░░  40%  Streaming frame 1199/4320
  ██████████░░░░░░░░░░░░░░░  40%  Streaming frame 1200/4320
  ██████████░░░░░░░░░░░░░░░  40%  Streaming frame 1201/4320
  ██████████░░░░░░░░░░░░░░░  40%  Streaming frame 1202/4320
  ██████████░░░░░░░░░░░░░░░  40%  Streaming frame 1203/4320
  ██████████░░░░░░░░░░░░░░░  40%  Streaming frame 1204/4320
  ██████████░░░░░░░░░░░░░░░  40%  Streaming frame 1205/4320
  ██████████░░░░░░░░░░░░░░░  40%  Streaming frame 1206/4320
  ██████████░░░░░░░░░░░░░░░  40%  Streaming frame 1207/4320
  ██████████░░░░░░░░░░░░░░░  40%  Streaming frame 1208/4320
  ██████████░░░░░░░░░░░░░░░  40%  Streaming frame 1209/4320
  ██████████░░░░░░░░░░░░░░░  40%  Streaming frame 1210/4320
  ██████████░░░░░░░░░░░░░░░  40%  Streaming frame 1211/4320
  ██████████░░░░░░░░░░░░░░░  40%  Streaming frame 1212/4320
  ██████████░░░░░░░░░░░░░░░  40%  Streaming frame 1213/4320
  ██████████░░░░░░░░░░░░░░░  40%  Streaming frame 1214/4320
  ██████████░░░░░░░░░░░░░░░  40%  Streaming frame 1215/4320
  ██████████░░░░░░░░░░░░░░░  40%  Streaming frame 1216/4320
  ██████████░░░░░░░░░░░░░░░  40%  Streaming frame 1217/4320
  ██████████░░░░░░░░░░░░░░░  41%  Streaming frame 1218/4320
  ██████████░░░░░░░░░░░░░░░  41%  Streaming frame 1219/4320
  ██████████░░░░░░░░░░░░░░░  41%  Streaming frame 1220/4320
  ██████████░░░░░░░░░░░░░░░  41%  Streaming frame 1221/4320
  ██████████░░░░░░░░░░░░░░░  41%  Streaming frame 1222/4320
  ██████████░░░░░░░░░░░░░░░  41%  Streaming frame 1223/4320
  ██████████░░░░░░░░░░░░░░░  41%  Streaming frame 1224/4320
  ██████████░░░░░░░░░░░░░░░  41%  Streaming frame 1225/4320
  ██████████░░░░░░░░░░░░░░░  41%  Streaming frame 1226/4320
  ██████████░░░░░░░░░░░░░░░  41%  Streaming frame 1227/4320
  ██████████░░░░░░░░░░░░░░░  41%  Streaming frame 1228/4320
  ██████████░░░░░░░░░░░░░░░  41%  Streaming frame 1229/4320
  ██████████░░░░░░░░░░░░░░░  41%  Streaming frame 1230/4320
  ██████████░░░░░░░░░░░░░░░  41%  Streaming frame 1231/4320
  ██████████░░░░░░░░░░░░░░░  41%  Streaming frame 1232/4320
  ██████████░░░░░░░░░░░░░░░  41%  Streaming frame 1233/4320
  ██████████░░░░░░░░░░░░░░░  41%  Streaming frame 1234/4320
  ██████████░░░░░░░░░░░░░░░  41%  Streaming frame 1235/4320
  ██████████░░░░░░░░░░░░░░░  41%  Streaming frame 1236/4320
  ██████████░░░░░░░░░░░░░░░  41%  Streaming frame 1237/4320
  ██████████░░░░░░░░░░░░░░░  41%  Streaming frame 1238/4320
  ██████████░░░░░░░░░░░░░░░  41%  Streaming frame 1239/4320
  ██████████░░░░░░░░░░░░░░░  41%  Streaming frame 1240/4320
  ██████████░░░░░░░░░░░░░░░  41%  Streaming frame 1241/4320
  ██████████░░░░░░░░░░░░░░░  41%  Streaming frame 1242/4320
  ██████████░░░░░░░░░░░░░░░  41%  Streaming frame 1243/4320
  ██████████░░░░░░░░░░░░░░░  41%  Streaming frame 1244/4320
  ██████████░░░░░░░░░░░░░░░  41%  Streaming frame 1245/4320
  ██████████░░░░░░░░░░░░░░░  41%  Streaming frame 1246/4320
  ██████████░░░░░░░░░░░░░░░  41%  Streaming frame 1247/4320
  ██████████░░░░░░░░░░░░░░░  41%  Streaming frame 1248/4320
  ██████████░░░░░░░░░░░░░░░  41%  Streaming frame 1249/4320
  ██████████░░░░░░░░░░░░░░░  41%  Streaming frame 1250/4320
  ██████████░░░░░░░░░░░░░░░  41%  Streaming frame 1251/4320
  ██████████░░░░░░░░░░░░░░░  41%  Streaming frame 1252/4320
  ██████████░░░░░░░░░░░░░░░  41%  Streaming frame 1253/4320
  ██████████░░░░░░░░░░░░░░░  41%  Streaming frame 1254/4320
  ██████████░░░░░░░░░░░░░░░  41%  Streaming frame 1255/4320
  ██████████░░░░░░░░░░░░░░░  41%  Streaming frame 1256/4320
  ██████████░░░░░░░░░░░░░░░  41%  Streaming frame 1257/4320
  ██████████░░░░░░░░░░░░░░░  41%  Streaming frame 1258/4320
  ██████████░░░░░░░░░░░░░░░  41%  Streaming frame 1259/4320
  ██████████░░░░░░░░░░░░░░░  41%  Streaming frame 1260/4320
  ██████████░░░░░░░░░░░░░░░  41%  Streaming frame 1261/4320
  ██████████░░░░░░░░░░░░░░░  41%  Streaming frame 1262/4320
  ██████████░░░░░░░░░░░░░░░  41%  Streaming frame 1263/4320
  ██████████░░░░░░░░░░░░░░░  41%  Streaming frame 1264/4320
  ██████████░░░░░░░░░░░░░░░  41%  Streaming frame 1265/4320
  ██████████░░░░░░░░░░░░░░░  41%  Streaming frame 1266/4320
  ██████████░░░░░░░░░░░░░░░  41%  Streaming frame 1267/4320
  ██████████░░░░░░░░░░░░░░░  41%  Streaming frame 1268/4320
  ██████████░░░░░░░░░░░░░░░  41%  Streaming frame 1269/4320
  ██████████░░░░░░░░░░░░░░░  41%  Streaming frame 1270/4320
  ██████████░░░░░░░░░░░░░░░  41%  Streaming frame 1271/4320
  ██████████░░░░░░░░░░░░░░░  41%  Streaming frame 1272/4320
  ██████████░░░░░░░░░░░░░░░  41%  Streaming frame 1273/4320
  ██████████░░░░░░░░░░░░░░░  41%  Streaming frame 1274/4320
  ██████████░░░░░░░░░░░░░░░  41%  Streaming frame 1275/4320
  ██████████░░░░░░░░░░░░░░░  41%  Streaming frame 1276/4320
  ██████████░░░░░░░░░░░░░░░  41%  Streaming frame 1277/4320
  ██████████░░░░░░░░░░░░░░░  41%  Streaming frame 1278/4320
  ██████████░░░░░░░░░░░░░░░  41%  Streaming frame 1279/4320
[NativeFrameTransport] {"event":"progress","atUnixMs":1788976336076,"registrations":1280,"requests":1279,"completed":1279,"head":0,"rejected":0,"errors":0,"aborted":0,"peakStreams":1,"peakSourceDescriptors":1,"bytes":3154413101,"base64Fallbacks":0,"entries":1280,"activeStreams":0,"activeSourceDescriptors":0,"closed":false,"failed":false,"mode":"same-origin-url"}
  ██████████░░░░░░░░░░░░░░░  41%  Streaming frame 1280/4320
  ██████████░░░░░░░░░░░░░░░  41%  Streaming frame 1281/4320
  ██████████░░░░░░░░░░░░░░░  41%  Streaming frame 1282/4320
  ██████████░░░░░░░░░░░░░░░  41%  Streaming frame 1283/4320
  ██████████░░░░░░░░░░░░░░░  41%  Streaming frame 1284/4320
  ██████████░░░░░░░░░░░░░░░  41%  Streaming frame 1285/4320
  ██████████░░░░░░░░░░░░░░░  41%  Streaming frame 1286/4320
  ██████████░░░░░░░░░░░░░░░  41%  Streaming frame 1287/4320
  ██████████░░░░░░░░░░░░░░░  41%  Streaming frame 1288/4320
  ██████████░░░░░░░░░░░░░░░  41%  Streaming frame 1289/4320
  ██████████░░░░░░░░░░░░░░░  41%  Streaming frame 1290/4320
  ██████████░░░░░░░░░░░░░░░  41%  Streaming frame 1291/4320
  ██████████░░░░░░░░░░░░░░░  41%  Streaming frame 1292/4320
  ██████████░░░░░░░░░░░░░░░  41%  Streaming frame 1293/4320
  ██████████░░░░░░░░░░░░░░░  41%  Streaming frame 1294/4320
  ██████████░░░░░░░░░░░░░░░  41%  Streaming frame 1295/4320
  ██████████░░░░░░░░░░░░░░░  42%  Streaming frame 1296/4320
  ██████████░░░░░░░░░░░░░░░  42%  Streaming frame 1297/4320
  ██████████░░░░░░░░░░░░░░░  42%  Streaming frame 1298/4320
  ██████████░░░░░░░░░░░░░░░  42%  Streaming frame 1299/4320
  ██████████░░░░░░░░░░░░░░░  42%  Streaming frame 1300/4320
  ██████████░░░░░░░░░░░░░░░  42%  Streaming frame 1301/4320
  ██████████░░░░░░░░░░░░░░░  42%  Streaming frame 1302/4320
  ██████████░░░░░░░░░░░░░░░  42%  Streaming frame 1303/4320
  ██████████░░░░░░░░░░░░░░░  42%  Streaming frame 1304/4320
  ██████████░░░░░░░░░░░░░░░  42%  Streaming frame 1305/4320
  ██████████░░░░░░░░░░░░░░░  42%  Streaming frame 1306/4320
  ██████████░░░░░░░░░░░░░░░  42%  Streaming frame 1307/4320
  ██████████░░░░░░░░░░░░░░░  42%  Streaming frame 1308/4320
  ██████████░░░░░░░░░░░░░░░  42%  Streaming frame 1309/4320
[INFO] [Render:trace] {"renderJobId":"5a7093f0-e08a-4e3a-b497-59831d057bf9","phase":"capture_streaming","status":"checkpoint","elapsedMs":154439,"message":"stage still running","stagePhase":"capturing","workerCount":1,"forceScreenshot":true,"totalFrames":4320,"framesCompleted":1309,"captureMode":"screenshot","captureOperation":"captureScreenshot","heartbeatIndex":3,"stageElapsedMs":120004}
  ██████████░░░░░░░░░░░░░░░  42%  Streaming frame 1310/4320
  ██████████░░░░░░░░░░░░░░░  42%  Streaming frame 1311/4320
  ██████████░░░░░░░░░░░░░░░  42%  Streaming frame 1312/4320
  ██████████░░░░░░░░░░░░░░░  42%  Streaming frame 1313/4320
  ██████████░░░░░░░░░░░░░░░  42%  Streaming frame 1314/4320
  ██████████░░░░░░░░░░░░░░░  42%  Streaming frame 1315/4320
  ██████████░░░░░░░░░░░░░░░  42%  Streaming frame 1316/4320
  ██████████░░░░░░░░░░░░░░░  42%  Streaming frame 1317/4320
  ██████████░░░░░░░░░░░░░░░  42%  Streaming frame 1318/4320
  ██████████░░░░░░░░░░░░░░░  42%  Streaming frame 1319/4320
  ██████████░░░░░░░░░░░░░░░  42%  Streaming frame 1320/4320
  ██████████░░░░░░░░░░░░░░░  42%  Streaming frame 1321/4320
  ██████████░░░░░░░░░░░░░░░  42%  Streaming frame 1322/4320
  ██████████░░░░░░░░░░░░░░░  42%  Streaming frame 1323/4320
  ██████████░░░░░░░░░░░░░░░  42%  Streaming frame 1324/4320
  ██████████░░░░░░░░░░░░░░░  42%  Streaming frame 1325/4320
  ██████████░░░░░░░░░░░░░░░  42%  Streaming frame 1326/4320
  ██████████░░░░░░░░░░░░░░░  42%  Streaming frame 1327/4320
  ██████████░░░░░░░░░░░░░░░  42%  Streaming frame 1328/4320
  ██████████░░░░░░░░░░░░░░░  42%  Streaming frame 1329/4320
  ██████████░░░░░░░░░░░░░░░  42%  Streaming frame 1330/4320
  ██████████░░░░░░░░░░░░░░░  42%  Streaming frame 1331/4320
  ██████████░░░░░░░░░░░░░░░  42%  Streaming frame 1332/4320
  ██████████░░░░░░░░░░░░░░░  42%  Streaming frame 1333/4320
  ██████████░░░░░░░░░░░░░░░  42%  Streaming frame 1334/4320
  ██████████░░░░░░░░░░░░░░░  42%  Streaming frame 1335/4320
  ██████████░░░░░░░░░░░░░░░  42%  Streaming frame 1336/4320
  ██████████░░░░░░░░░░░░░░░  42%  Streaming frame 1337/4320
  ██████████░░░░░░░░░░░░░░░  42%  Streaming frame 1338/4320
  ██████████░░░░░░░░░░░░░░░  42%  Streaming frame 1339/4320
  ██████████░░░░░░░░░░░░░░░  42%  Streaming frame 1340/4320
  ██████████░░░░░░░░░░░░░░░  42%  Streaming frame 1341/4320
  ██████████░░░░░░░░░░░░░░░  42%  Streaming frame 1342/4320
  ██████████░░░░░░░░░░░░░░░  42%  Streaming frame 1343/4320
  ██████████░░░░░░░░░░░░░░░  42%  Streaming frame 1344/4320
  ██████████░░░░░░░░░░░░░░░  42%  Streaming frame 1345/4320
  ██████████░░░░░░░░░░░░░░░  42%  Streaming frame 1346/4320
  ██████████░░░░░░░░░░░░░░░  42%  Streaming frame 1347/4320
  ██████████░░░░░░░░░░░░░░░  42%  Streaming frame 1348/4320
  ██████████░░░░░░░░░░░░░░░  42%  Streaming frame 1349/4320
  ██████████░░░░░░░░░░░░░░░  42%  Streaming frame 1350/4320
  ██████████░░░░░░░░░░░░░░░  42%  Streaming frame 1351/4320
  ██████████░░░░░░░░░░░░░░░  42%  Streaming frame 1352/4320
  ██████████░░░░░░░░░░░░░░░  42%  Streaming frame 1353/4320
  ██████████░░░░░░░░░░░░░░░  42%  Streaming frame 1354/4320
  ██████████░░░░░░░░░░░░░░░  42%  Streaming frame 1355/4320
  ██████████░░░░░░░░░░░░░░░  42%  Streaming frame 1356/4320
  ██████████░░░░░░░░░░░░░░░  42%  Streaming frame 1357/4320
  ██████████░░░░░░░░░░░░░░░  42%  Streaming frame 1358/4320
  ██████████░░░░░░░░░░░░░░░  42%  Streaming frame 1359/4320
  ██████████░░░░░░░░░░░░░░░  42%  Streaming frame 1360/4320
  ██████████░░░░░░░░░░░░░░░  42%  Streaming frame 1361/4320
  ██████████░░░░░░░░░░░░░░░  42%  Streaming frame 1362/4320
  ██████████░░░░░░░░░░░░░░░  42%  Streaming frame 1363/4320
  ██████████░░░░░░░░░░░░░░░  42%  Streaming frame 1364/4320
  ██████████░░░░░░░░░░░░░░░  42%  Streaming frame 1365/4320
  ██████████░░░░░░░░░░░░░░░  42%  Streaming frame 1366/4320
  ██████████░░░░░░░░░░░░░░░  42%  Streaming frame 1367/4320
  ██████████░░░░░░░░░░░░░░░  42%  Streaming frame 1368/4320
  ██████████░░░░░░░░░░░░░░░  42%  Streaming frame 1369/4320
  ██████████░░░░░░░░░░░░░░░  42%  Streaming frame 1370/4320
  ██████████░░░░░░░░░░░░░░░  42%  Streaming frame 1371/4320
  ██████████░░░░░░░░░░░░░░░  42%  Streaming frame 1372/4320
  ██████████░░░░░░░░░░░░░░░  42%  Streaming frame 1373/4320
  ██████████░░░░░░░░░░░░░░░  42%  Streaming frame 1374/4320
  ██████████░░░░░░░░░░░░░░░  43%  Streaming frame 1375/4320
  ██████████░░░░░░░░░░░░░░░  43%  Streaming frame 1376/4320
  ██████████░░░░░░░░░░░░░░░  43%  Streaming frame 1377/4320
  ██████████░░░░░░░░░░░░░░░  43%  Streaming frame 1378/4320
  ██████████░░░░░░░░░░░░░░░  43%  Streaming frame 1379/4320
  ██████████░░░░░░░░░░░░░░░  43%  Streaming frame 1380/4320
  ██████████░░░░░░░░░░░░░░░  43%  Streaming frame 1381/4320
  ██████████░░░░░░░░░░░░░░░  43%  Streaming frame 1382/4320
  ██████████░░░░░░░░░░░░░░░  43%  Streaming frame 1383/4320
  ██████████░░░░░░░░░░░░░░░  43%  Streaming frame 1384/4320
  ██████████░░░░░░░░░░░░░░░  43%  Streaming frame 1385/4320
  ██████████░░░░░░░░░░░░░░░  43%  Streaming frame 1386/4320
  ██████████░░░░░░░░░░░░░░░  43%  Streaming frame 1387/4320
  ██████████░░░░░░░░░░░░░░░  43%  Streaming frame 1388/4320
  ██████████░░░░░░░░░░░░░░░  43%  Streaming frame 1389/4320
  ██████████░░░░░░░░░░░░░░░  43%  Streaming frame 1390/4320
  ██████████░░░░░░░░░░░░░░░  43%  Streaming frame 1391/4320
  ██████████░░░░░░░░░░░░░░░  43%  Streaming frame 1392/4320
  ██████████░░░░░░░░░░░░░░░  43%  Streaming frame 1393/4320
  ██████████░░░░░░░░░░░░░░░  43%  Streaming frame 1394/4320
  ██████████░░░░░░░░░░░░░░░  43%  Streaming frame 1395/4320
  ██████████░░░░░░░░░░░░░░░  43%  Streaming frame 1396/4320
  ██████████░░░░░░░░░░░░░░░  43%  Streaming frame 1397/4320
  ██████████░░░░░░░░░░░░░░░  43%  Streaming frame 1398/4320
  ██████████░░░░░░░░░░░░░░░  43%  Streaming frame 1399/4320
  ██████████░░░░░░░░░░░░░░░  43%  Streaming frame 1400/4320
  ██████████░░░░░░░░░░░░░░░  43%  Streaming frame 1401/4320
  ██████████░░░░░░░░░░░░░░░  43%  Streaming frame 1402/4320
  ██████████░░░░░░░░░░░░░░░  43%  Streaming frame 1403/4320
  ██████████░░░░░░░░░░░░░░░  43%  Streaming frame 1404/4320
  ██████████░░░░░░░░░░░░░░░  43%  Streaming frame 1405/4320
  ██████████░░░░░░░░░░░░░░░  43%  Streaming frame 1406/4320
  ██████████░░░░░░░░░░░░░░░  43%  Streaming frame 1407/4320
  ██████████░░░░░░░░░░░░░░░  43%  Streaming frame 1408/4320
  ██████████░░░░░░░░░░░░░░░  43%  Streaming frame 1409/4320
  ██████████░░░░░░░░░░░░░░░  43%  Streaming frame 1410/4320
  ██████████░░░░░░░░░░░░░░░  43%  Streaming frame 1411/4320
  ██████████░░░░░░░░░░░░░░░  43%  Streaming frame 1412/4320
  ██████████░░░░░░░░░░░░░░░  43%  Streaming frame 1413/4320
  ██████████░░░░░░░░░░░░░░░  43%  Streaming frame 1414/4320
  ██████████░░░░░░░░░░░░░░░  43%  Streaming frame 1415/4320
  ██████████░░░░░░░░░░░░░░░  43%  Streaming frame 1416/4320
  ██████████░░░░░░░░░░░░░░░  43%  Streaming frame 1417/4320
  ██████████░░░░░░░░░░░░░░░  43%  Streaming frame 1418/4320
  ██████████░░░░░░░░░░░░░░░  43%  Streaming frame 1419/4320
  ██████████░░░░░░░░░░░░░░░  43%  Streaming frame 1420/4320
  ██████████░░░░░░░░░░░░░░░  43%  Streaming frame 1421/4320
  ██████████░░░░░░░░░░░░░░░  43%  Streaming frame 1422/4320
  ██████████░░░░░░░░░░░░░░░  43%  Streaming frame 1423/4320
  ██████████░░░░░░░░░░░░░░░  43%  Streaming frame 1424/4320
  ██████████░░░░░░░░░░░░░░░  43%  Streaming frame 1425/4320
  ██████████░░░░░░░░░░░░░░░  43%  Streaming frame 1426/4320
  ██████████░░░░░░░░░░░░░░░  43%  Streaming frame 1427/4320
  ██████████░░░░░░░░░░░░░░░  43%  Streaming frame 1428/4320
  ██████████░░░░░░░░░░░░░░░  43%  Streaming frame 1429/4320
  ██████████░░░░░░░░░░░░░░░  43%  Streaming frame 1430/4320
  ██████████░░░░░░░░░░░░░░░  43%  Streaming frame 1431/4320
  ██████████░░░░░░░░░░░░░░░  43%  Streaming frame 1432/4320
  ██████████░░░░░░░░░░░░░░░  43%  Streaming frame 1433/4320
  ██████████░░░░░░░░░░░░░░░  43%  Streaming frame 1434/4320
  ██████████░░░░░░░░░░░░░░░  43%  Streaming frame 1435/4320
  ██████████░░░░░░░░░░░░░░░  43%  Streaming frame 1436/4320
  ██████████░░░░░░░░░░░░░░░  43%  Streaming frame 1437/4320
  ██████████░░░░░░░░░░░░░░░  43%  Streaming frame 1438/4320
  ██████████░░░░░░░░░░░░░░░  43%  Streaming frame 1439/4320
  ██████████░░░░░░░░░░░░░░░  43%  Streaming frame 1440/4320
  ██████████░░░░░░░░░░░░░░░  43%  Streaming frame 1441/4320
  ██████████░░░░░░░░░░░░░░░  43%  Streaming frame 1442/4320
  ██████████░░░░░░░░░░░░░░░  43%  Streaming frame 1443/4320
  ██████████░░░░░░░░░░░░░░░  43%  Streaming frame 1444/4320
  ██████████░░░░░░░░░░░░░░░  43%  Streaming frame 1445/4320
  ██████████░░░░░░░░░░░░░░░  43%  Streaming frame 1446/4320
  ██████████░░░░░░░░░░░░░░░  43%  Streaming frame 1447/4320
  ██████████░░░░░░░░░░░░░░░  43%  Streaming frame 1448/4320
  ██████████░░░░░░░░░░░░░░░  43%  Streaming frame 1449/4320
  ██████████░░░░░░░░░░░░░░░  43%  Streaming frame 1450/4320
  ██████████░░░░░░░░░░░░░░░  43%  Streaming frame 1451/4320
  ██████████░░░░░░░░░░░░░░░  43%  Streaming frame 1452/4320
  ██████████░░░░░░░░░░░░░░░  43%  Streaming frame 1453/4320
  ███████████░░░░░░░░░░░░░░  44%  Streaming frame 1454/4320
  ███████████░░░░░░░░░░░░░░  44%  Streaming frame 1455/4320
  ███████████░░░░░░░░░░░░░░  44%  Streaming frame 1456/4320
  ███████████░░░░░░░░░░░░░░  44%  Streaming frame 1457/4320
  ███████████░░░░░░░░░░░░░░  44%  Streaming frame 1458/4320
  ███████████░░░░░░░░░░░░░░  44%  Streaming frame 1459/4320
  ███████████░░░░░░░░░░░░░░  44%  Streaming frame 1460/4320
  ███████████░░░░░░░░░░░░░░  44%  Streaming frame 1461/4320
  ███████████░░░░░░░░░░░░░░  44%  Streaming frame 1462/4320
  ███████████░░░░░░░░░░░░░░  44%  Streaming frame 1463/4320
  ███████████░░░░░░░░░░░░░░  44%  Streaming frame 1464/4320
  ███████████░░░░░░░░░░░░░░  44%  Streaming frame 1465/4320
  ███████████░░░░░░░░░░░░░░  44%  Streaming frame 1466/4320
  ███████████░░░░░░░░░░░░░░  44%  Streaming frame 1467/4320
  ███████████░░░░░░░░░░░░░░  44%  Streaming frame 1468/4320
  ███████████░░░░░░░░░░░░░░  44%  Streaming frame 1469/4320
  ███████████░░░░░░░░░░░░░░  44%  Streaming frame 1470/4320
  ███████████░░░░░░░░░░░░░░  44%  Streaming frame 1471/4320
  ███████████░░░░░░░░░░░░░░  44%  Streaming frame 1472/4320
  ███████████░░░░░░░░░░░░░░  44%  Streaming frame 1473/4320
  ███████████░░░░░░░░░░░░░░  44%  Streaming frame 1474/4320
  ███████████░░░░░░░░░░░░░░  44%  Streaming frame 1475/4320
  ███████████░░░░░░░░░░░░░░  44%  Streaming frame 1476/4320
  ███████████░░░░░░░░░░░░░░  44%  Streaming frame 1477/4320
  ███████████░░░░░░░░░░░░░░  44%  Streaming frame 1478/4320
  ███████████░░░░░░░░░░░░░░  44%  Streaming frame 1479/4320
  ███████████░░░░░░░░░░░░░░  44%  Streaming frame 1480/4320
  ███████████░░░░░░░░░░░░░░  44%  Streaming frame 1481/4320
  ███████████░░░░░░░░░░░░░░  44%  Streaming frame 1482/4320
  ███████████░░░░░░░░░░░░░░  44%  Streaming frame 1483/4320
  ███████████░░░░░░░░░░░░░░  44%  Streaming frame 1484/4320
  ███████████░░░░░░░░░░░░░░  44%  Streaming frame 1485/4320
  ███████████░░░░░░░░░░░░░░  44%  Streaming frame 1486/4320
  ███████████░░░░░░░░░░░░░░  44%  Streaming frame 1487/4320
  ███████████░░░░░░░░░░░░░░  44%  Streaming frame 1488/4320
  ███████████░░░░░░░░░░░░░░  44%  Streaming frame 1489/4320
  ███████████░░░░░░░░░░░░░░  44%  Streaming frame 1490/4320
  ███████████░░░░░░░░░░░░░░  44%  Streaming frame 1491/4320
  ███████████░░░░░░░░░░░░░░  44%  Streaming frame 1492/4320
  ███████████░░░░░░░░░░░░░░  44%  Streaming frame 1493/4320
  ███████████░░░░░░░░░░░░░░  44%  Streaming frame 1494/4320
  ███████████░░░░░░░░░░░░░░  44%  Streaming frame 1495/4320
  ███████████░░░░░░░░░░░░░░  44%  Streaming frame 1496/4320
  ███████████░░░░░░░░░░░░░░  44%  Streaming frame 1497/4320
  ███████████░░░░░░░░░░░░░░  44%  Streaming frame 1498/4320
  ███████████░░░░░░░░░░░░░░  44%  Streaming frame 1499/4320
  ███████████░░░░░░░░░░░░░░  44%  Streaming frame 1500/4320
  ███████████░░░░░░░░░░░░░░  44%  Streaming frame 1501/4320
  ███████████░░░░░░░░░░░░░░  44%  Streaming frame 1502/4320
  ███████████░░░░░░░░░░░░░░  44%  Streaming frame 1503/4320
  ███████████░░░░░░░░░░░░░░  44%  Streaming frame 1504/4320
  ███████████░░░░░░░░░░░░░░  44%  Streaming frame 1505/4320
  ███████████░░░░░░░░░░░░░░  44%  Streaming frame 1506/4320
  ███████████░░░░░░░░░░░░░░  44%  Streaming frame 1507/4320
  ███████████░░░░░░░░░░░░░░  44%  Streaming frame 1508/4320
  ███████████░░░░░░░░░░░░░░  44%  Streaming frame 1509/4320
  ███████████░░░░░░░░░░░░░░  44%  Streaming frame 1510/4320
  ███████████░░░░░░░░░░░░░░  44%  Streaming frame 1511/4320
  ███████████░░░░░░░░░░░░░░  44%  Streaming frame 1512/4320
  ███████████░░░░░░░░░░░░░░  44%  Streaming frame 1513/4320
  ███████████░░░░░░░░░░░░░░  44%  Streaming frame 1514/4320
  ███████████░░░░░░░░░░░░░░  44%  Streaming frame 1515/4320
  ███████████░░░░░░░░░░░░░░  44%  Streaming frame 1516/4320
  ███████████░░░░░░░░░░░░░░  44%  Streaming frame 1517/4320
  ███████████░░░░░░░░░░░░░░  44%  Streaming frame 1518/4320
  ███████████░░░░░░░░░░░░░░  44%  Streaming frame 1519/4320
  ███████████░░░░░░░░░░░░░░  44%  Streaming frame 1520/4320
  ███████████░░░░░░░░░░░░░░  44%  Streaming frame 1521/4320
  ███████████░░░░░░░░░░░░░░  44%  Streaming frame 1522/4320
  ███████████░░░░░░░░░░░░░░  44%  Streaming frame 1523/4320
  ███████████░░░░░░░░░░░░░░  44%  Streaming frame 1524/4320
  ███████████░░░░░░░░░░░░░░  44%  Streaming frame 1525/4320
  ███████████░░░░░░░░░░░░░░  44%  Streaming frame 1526/4320
  ███████████░░░░░░░░░░░░░░  44%  Streaming frame 1527/4320
  ███████████░░░░░░░░░░░░░░  44%  Streaming frame 1528/4320
  ███████████░░░░░░░░░░░░░░  44%  Streaming frame 1529/4320
  ███████████░░░░░░░░░░░░░░  44%  Streaming frame 1530/4320
  ███████████░░░░░░░░░░░░░░  44%  Streaming frame 1531/4320
  ███████████░░░░░░░░░░░░░░  45%  Streaming frame 1532/4320
  ███████████░░░░░░░░░░░░░░  45%  Streaming frame 1533/4320
  ███████████░░░░░░░░░░░░░░  45%  Streaming frame 1534/4320
  ███████████░░░░░░░░░░░░░░  45%  Streaming frame 1535/4320
[NativeFrameTransport] {"event":"progress","atUnixMs":1788976357743,"registrations":1536,"requests":1535,"completed":1535,"head":0,"rejected":0,"errors":0,"aborted":0,"peakStreams":1,"peakSourceDescriptors":1,"bytes":3796290324,"base64Fallbacks":0,"entries":1536,"activeStreams":0,"activeSourceDescriptors":0,"closed":false,"failed":false,"mode":"same-origin-url"}
  ███████████░░░░░░░░░░░░░░  45%  Streaming frame 1536/4320
  ███████████░░░░░░░░░░░░░░  45%  Streaming frame 1537/4320
  ███████████░░░░░░░░░░░░░░  45%  Streaming frame 1538/4320
  ███████████░░░░░░░░░░░░░░  45%  Streaming frame 1539/4320
  ███████████░░░░░░░░░░░░░░  45%  Streaming frame 1540/4320
  ███████████░░░░░░░░░░░░░░  45%  Streaming frame 1541/4320
  ███████████░░░░░░░░░░░░░░  45%  Streaming frame 1542/4320
  ███████████░░░░░░░░░░░░░░  45%  Streaming frame 1543/4320
  ███████████░░░░░░░░░░░░░░  45%  Streaming frame 1544/4320
  ███████████░░░░░░░░░░░░░░  45%  Streaming frame 1545/4320
  ███████████░░░░░░░░░░░░░░  45%  Streaming frame 1546/4320
  ███████████░░░░░░░░░░░░░░  45%  Streaming frame 1547/4320
  ███████████░░░░░░░░░░░░░░  45%  Streaming frame 1548/4320
  ███████████░░░░░░░░░░░░░░  45%  Streaming frame 1549/4320
  ███████████░░░░░░░░░░░░░░  45%  Streaming frame 1550/4320
  ███████████░░░░░░░░░░░░░░  45%  Streaming frame 1551/4320
  ███████████░░░░░░░░░░░░░░  45%  Streaming frame 1552/4320
  ███████████░░░░░░░░░░░░░░  45%  Streaming frame 1553/4320
  ███████████░░░░░░░░░░░░░░  45%  Streaming frame 1554/4320
  ███████████░░░░░░░░░░░░░░  45%  Streaming frame 1555/4320
  ███████████░░░░░░░░░░░░░░  45%  Streaming frame 1556/4320
  ███████████░░░░░░░░░░░░░░  45%  Streaming frame 1557/4320
  ███████████░░░░░░░░░░░░░░  45%  Streaming frame 1558/4320
  ███████████░░░░░░░░░░░░░░  45%  Streaming frame 1559/4320
  ███████████░░░░░░░░░░░░░░  45%  Streaming frame 1560/4320
  ███████████░░░░░░░░░░░░░░  45%  Streaming frame 1561/4320
  ███████████░░░░░░░░░░░░░░  45%  Streaming frame 1562/4320
  ███████████░░░░░░░░░░░░░░  45%  Streaming frame 1563/4320
  ███████████░░░░░░░░░░░░░░  45%  Streaming frame 1564/4320
  ███████████░░░░░░░░░░░░░░  45%  Streaming frame 1565/4320
  ███████████░░░░░░░░░░░░░░  45%  Streaming frame 1566/4320
  ███████████░░░░░░░░░░░░░░  45%  Streaming frame 1567/4320
  ███████████░░░░░░░░░░░░░░  45%  Streaming frame 1568/4320
  ███████████░░░░░░░░░░░░░░  45%  Streaming frame 1569/4320
  ███████████░░░░░░░░░░░░░░  45%  Streaming frame 1570/4320
  ███████████░░░░░░░░░░░░░░  45%  Streaming frame 1571/4320
  ███████████░░░░░░░░░░░░░░  45%  Streaming frame 1572/4320
  ███████████░░░░░░░░░░░░░░  45%  Streaming frame 1573/4320
  ███████████░░░░░░░░░░░░░░  45%  Streaming frame 1574/4320
  ███████████░░░░░░░░░░░░░░  45%  Streaming frame 1575/4320
  ███████████░░░░░░░░░░░░░░  45%  Streaming frame 1576/4320
  ███████████░░░░░░░░░░░░░░  45%  Streaming frame 1577/4320
  ███████████░░░░░░░░░░░░░░  45%  Streaming frame 1578/4320
  ███████████░░░░░░░░░░░░░░  45%  Streaming frame 1579/4320
  ███████████░░░░░░░░░░░░░░  45%  Streaming frame 1580/4320
  ███████████░░░░░░░░░░░░░░  45%  Streaming frame 1581/4320
  ███████████░░░░░░░░░░░░░░  45%  Streaming frame 1582/4320
  ███████████░░░░░░░░░░░░░░  45%  Streaming frame 1583/4320
  ███████████░░░░░░░░░░░░░░  45%  Streaming frame 1584/4320
  ███████████░░░░░░░░░░░░░░  45%  Streaming frame 1585/4320
  ███████████░░░░░░░░░░░░░░  45%  Streaming frame 1586/4320
  ███████████░░░░░░░░░░░░░░  45%  Streaming frame 1587/4320
  ███████████░░░░░░░░░░░░░░  45%  Streaming frame 1588/4320
  ███████████░░░░░░░░░░░░░░  45%  Streaming frame 1589/4320
  ███████████░░░░░░░░░░░░░░  45%  Streaming frame 1590/4320
  ███████████░░░░░░░░░░░░░░  45%  Streaming frame 1591/4320
  ███████████░░░░░░░░░░░░░░  45%  Streaming frame 1592/4320
  ███████████░░░░░░░░░░░░░░  45%  Streaming frame 1593/4320
  ███████████░░░░░░░░░░░░░░  45%  Streaming frame 1594/4320
  ███████████░░░░░░░░░░░░░░  45%  Streaming frame 1595/4320
  ███████████░░░░░░░░░░░░░░  45%  Streaming frame 1596/4320
  ███████████░░░░░░░░░░░░░░  45%  Streaming frame 1597/4320
  ███████████░░░░░░░░░░░░░░  45%  Streaming frame 1598/4320
  ███████████░░░░░░░░░░░░░░  45%  Streaming frame 1599/4320
  ███████████░░░░░░░░░░░░░░  45%  Streaming frame 1600/4320
  ███████████░░░░░░░░░░░░░░  45%  Streaming frame 1601/4320
  ███████████░░░░░░░░░░░░░░  45%  Streaming frame 1602/4320
  ███████████░░░░░░░░░░░░░░  45%  Streaming frame 1603/4320
  ███████████░░░░░░░░░░░░░░  45%  Streaming frame 1604/4320
  ███████████░░░░░░░░░░░░░░  45%  Streaming frame 1605/4320
  ███████████░░░░░░░░░░░░░░  45%  Streaming frame 1606/4320
  ███████████░░░░░░░░░░░░░░  45%  Streaming frame 1607/4320
  ███████████░░░░░░░░░░░░░░  45%  Streaming frame 1608/4320
  ███████████░░░░░░░░░░░░░░  45%  Streaming frame 1609/4320
  ███████████░░░░░░░░░░░░░░  45%  Streaming frame 1610/4320
  ███████████░░░░░░░░░░░░░░  46%  Streaming frame 1611/4320
  ███████████░░░░░░░░░░░░░░  46%  Streaming frame 1612/4320
  ███████████░░░░░░░░░░░░░░  46%  Streaming frame 1613/4320
  ███████████░░░░░░░░░░░░░░  46%  Streaming frame 1614/4320
  ███████████░░░░░░░░░░░░░░  46%  Streaming frame 1615/4320
  ███████████░░░░░░░░░░░░░░  46%  Streaming frame 1616/4320
  ███████████░░░░░░░░░░░░░░  46%  Streaming frame 1617/4320
  ███████████░░░░░░░░░░░░░░  46%  Streaming frame 1618/4320
  ███████████░░░░░░░░░░░░░░  46%  Streaming frame 1619/4320
  ███████████░░░░░░░░░░░░░░  46%  Streaming frame 1620/4320
  ███████████░░░░░░░░░░░░░░  46%  Streaming frame 1621/4320
  ███████████░░░░░░░░░░░░░░  46%  Streaming frame 1622/4320
  ███████████░░░░░░░░░░░░░░  46%  Streaming frame 1623/4320
  ███████████░░░░░░░░░░░░░░  46%  Streaming frame 1624/4320
  ███████████░░░░░░░░░░░░░░  46%  Streaming frame 1625/4320
  ███████████░░░░░░░░░░░░░░  46%  Streaming frame 1626/4320
  ███████████░░░░░░░░░░░░░░  46%  Streaming frame 1627/4320
  ███████████░░░░░░░░░░░░░░  46%  Streaming frame 1628/4320
  ███████████░░░░░░░░░░░░░░  46%  Streaming frame 1629/4320
  ███████████░░░░░░░░░░░░░░  46%  Streaming frame 1630/4320
  ███████████░░░░░░░░░░░░░░  46%  Streaming frame 1631/4320
  ███████████░░░░░░░░░░░░░░  46%  Streaming frame 1632/4320
  ███████████░░░░░░░░░░░░░░  46%  Streaming frame 1633/4320
  ███████████░░░░░░░░░░░░░░  46%  Streaming frame 1634/4320
  ███████████░░░░░░░░░░░░░░  46%  Streaming frame 1635/4320
  ███████████░░░░░░░░░░░░░░  46%  Streaming frame 1636/4320
  ███████████░░░░░░░░░░░░░░  46%  Streaming frame 1637/4320
  ███████████░░░░░░░░░░░░░░  46%  Streaming frame 1638/4320
  ███████████░░░░░░░░░░░░░░  46%  Streaming frame 1639/4320
  ███████████░░░░░░░░░░░░░░  46%  Streaming frame 1640/4320
  ███████████░░░░░░░░░░░░░░  46%  Streaming frame 1641/4320
  ███████████░░░░░░░░░░░░░░  46%  Streaming frame 1642/4320
  ███████████░░░░░░░░░░░░░░  46%  Streaming frame 1643/4320
  ███████████░░░░░░░░░░░░░░  46%  Streaming frame 1644/4320
  ███████████░░░░░░░░░░░░░░  46%  Streaming frame 1645/4320
  ███████████░░░░░░░░░░░░░░  46%  Streaming frame 1646/4320
  ███████████░░░░░░░░░░░░░░  46%  Streaming frame 1647/4320
  ███████████░░░░░░░░░░░░░░  46%  Streaming frame 1648/4320
  ███████████░░░░░░░░░░░░░░  46%  Streaming frame 1649/4320
  ███████████░░░░░░░░░░░░░░  46%  Streaming frame 1650/4320
  ███████████░░░░░░░░░░░░░░  46%  Streaming frame 1651/4320
  ███████████░░░░░░░░░░░░░░  46%  Streaming frame 1652/4320
  ███████████░░░░░░░░░░░░░░  46%  Streaming frame 1653/4320
  ███████████░░░░░░░░░░░░░░  46%  Streaming frame 1654/4320
  ███████████░░░░░░░░░░░░░░  46%  Streaming frame 1655/4320
  ███████████░░░░░░░░░░░░░░  46%  Streaming frame 1656/4320
  ███████████░░░░░░░░░░░░░░  46%  Streaming frame 1657/4320
  ███████████░░░░░░░░░░░░░░  46%  Streaming frame 1658/4320
  ███████████░░░░░░░░░░░░░░  46%  Streaming frame 1659/4320
  ███████████░░░░░░░░░░░░░░  46%  Streaming frame 1660/4320
  ███████████░░░░░░░░░░░░░░  46%  Streaming frame 1661/4320
  ███████████░░░░░░░░░░░░░░  46%  Streaming frame 1662/4320
  ███████████░░░░░░░░░░░░░░  46%  Streaming frame 1663/4320
  ███████████░░░░░░░░░░░░░░  46%  Streaming frame 1664/4320
  ███████████░░░░░░░░░░░░░░  46%  Streaming frame 1665/4320
  ███████████░░░░░░░░░░░░░░  46%  Streaming frame 1666/4320
  ███████████░░░░░░░░░░░░░░  46%  Streaming frame 1667/4320
  ███████████░░░░░░░░░░░░░░  46%  Streaming frame 1668/4320
  ███████████░░░░░░░░░░░░░░  46%  Streaming frame 1669/4320
  ███████████░░░░░░░░░░░░░░  46%  Streaming frame 1670/4320
  ███████████░░░░░░░░░░░░░░  46%  Streaming frame 1671/4320
  ███████████░░░░░░░░░░░░░░  46%  Streaming frame 1672/4320
  ███████████░░░░░░░░░░░░░░  46%  Streaming frame 1673/4320
  ███████████░░░░░░░░░░░░░░  46%  Streaming frame 1674/4320
  ███████████░░░░░░░░░░░░░░  46%  Streaming frame 1675/4320
  ███████████░░░░░░░░░░░░░░  46%  Streaming frame 1676/4320
  ███████████░░░░░░░░░░░░░░  46%  Streaming frame 1677/4320
  ███████████░░░░░░░░░░░░░░  46%  Streaming frame 1678/4320
  ███████████░░░░░░░░░░░░░░  46%  Streaming frame 1679/4320
  ███████████░░░░░░░░░░░░░░  46%  Streaming frame 1680/4320
  ███████████░░░░░░░░░░░░░░  46%  Streaming frame 1681/4320
  ███████████░░░░░░░░░░░░░░  46%  Streaming frame 1682/4320
  ███████████░░░░░░░░░░░░░░  46%  Streaming frame 1683/4320
  ███████████░░░░░░░░░░░░░░  46%  Streaming frame 1684/4320
  ███████████░░░░░░░░░░░░░░  46%  Streaming frame 1685/4320
  ███████████░░░░░░░░░░░░░░  46%  Streaming frame 1686/4320
  ███████████░░░░░░░░░░░░░░  46%  Streaming frame 1687/4320
  ███████████░░░░░░░░░░░░░░  46%  Streaming frame 1688/4320
  ███████████░░░░░░░░░░░░░░  47%  Streaming frame 1689/4320
  ███████████░░░░░░░░░░░░░░  47%  Streaming frame 1690/4320
  ███████████░░░░░░░░░░░░░░  47%  Streaming frame 1691/4320
  ███████████░░░░░░░░░░░░░░  47%  Streaming frame 1692/4320
  ███████████░░░░░░░░░░░░░░  47%  Streaming frame 1693/4320
  ███████████░░░░░░░░░░░░░░  47%  Streaming frame 1694/4320
  ███████████░░░░░░░░░░░░░░  47%  Streaming frame 1695/4320
  ███████████░░░░░░░░░░░░░░  47%  Streaming frame 1696/4320
  ███████████░░░░░░░░░░░░░░  47%  Streaming frame 1697/4320
  ███████████░░░░░░░░░░░░░░  47%  Streaming frame 1698/4320
  ███████████░░░░░░░░░░░░░░  47%  Streaming frame 1699/4320
  ███████████░░░░░░░░░░░░░░  47%  Streaming frame 1700/4320
  ███████████░░░░░░░░░░░░░░  47%  Streaming frame 1701/4320
  ███████████░░░░░░░░░░░░░░  47%  Streaming frame 1702/4320
  ███████████░░░░░░░░░░░░░░  47%  Streaming frame 1703/4320
  ███████████░░░░░░░░░░░░░░  47%  Streaming frame 1704/4320
  ███████████░░░░░░░░░░░░░░  47%  Streaming frame 1705/4320
  ███████████░░░░░░░░░░░░░░  47%  Streaming frame 1706/4320
  ███████████░░░░░░░░░░░░░░  47%  Streaming frame 1707/4320
  ███████████░░░░░░░░░░░░░░  47%  Streaming frame 1708/4320
  ███████████░░░░░░░░░░░░░░  47%  Streaming frame 1709/4320
  ███████████░░░░░░░░░░░░░░  47%  Streaming frame 1710/4320
  ███████████░░░░░░░░░░░░░░  47%  Streaming frame 1711/4320
  ███████████░░░░░░░░░░░░░░  47%  Streaming frame 1712/4320
  ███████████░░░░░░░░░░░░░░  47%  Streaming frame 1713/4320
  ███████████░░░░░░░░░░░░░░  47%  Streaming frame 1714/4320
  ███████████░░░░░░░░░░░░░░  47%  Streaming frame 1715/4320
  ███████████░░░░░░░░░░░░░░  47%  Streaming frame 1716/4320
  ███████████░░░░░░░░░░░░░░  47%  Streaming frame 1717/4320
  ███████████░░░░░░░░░░░░░░  47%  Streaming frame 1718/4320
  ███████████░░░░░░░░░░░░░░  47%  Streaming frame 1719/4320
  ███████████░░░░░░░░░░░░░░  47%  Streaming frame 1720/4320
  ███████████░░░░░░░░░░░░░░  47%  Streaming frame 1721/4320
  ███████████░░░░░░░░░░░░░░  47%  Streaming frame 1722/4320
  ███████████░░░░░░░░░░░░░░  47%  Streaming frame 1723/4320
  ███████████░░░░░░░░░░░░░░  47%  Streaming frame 1724/4320
  ███████████░░░░░░░░░░░░░░  47%  Streaming frame 1725/4320
  ███████████░░░░░░░░░░░░░░  47%  Streaming frame 1726/4320
  ███████████░░░░░░░░░░░░░░  47%  Streaming frame 1727/4320
  ███████████░░░░░░░░░░░░░░  47%  Streaming frame 1728/4320
  ███████████░░░░░░░░░░░░░░  47%  Streaming frame 1729/4320
  ███████████░░░░░░░░░░░░░░  47%  Streaming frame 1730/4320
  ███████████░░░░░░░░░░░░░░  47%  Streaming frame 1731/4320
  ███████████░░░░░░░░░░░░░░  47%  Streaming frame 1732/4320
  ███████████░░░░░░░░░░░░░░  47%  Streaming frame 1733/4320
  ███████████░░░░░░░░░░░░░░  47%  Streaming frame 1734/4320
  ███████████░░░░░░░░░░░░░░  47%  Streaming frame 1735/4320
  ███████████░░░░░░░░░░░░░░  47%  Streaming frame 1736/4320
  ███████████░░░░░░░░░░░░░░  47%  Streaming frame 1737/4320
  ███████████░░░░░░░░░░░░░░  47%  Streaming frame 1738/4320
  ███████████░░░░░░░░░░░░░░  47%  Streaming frame 1739/4320
  ███████████░░░░░░░░░░░░░░  47%  Streaming frame 1740/4320
  ███████████░░░░░░░░░░░░░░  47%  Streaming frame 1741/4320
  ███████████░░░░░░░░░░░░░░  47%  Streaming frame 1742/4320
  ███████████░░░░░░░░░░░░░░  47%  Streaming frame 1743/4320
  ███████████░░░░░░░░░░░░░░  47%  Streaming frame 1744/4320
  ███████████░░░░░░░░░░░░░░  47%  Streaming frame 1745/4320
  ███████████░░░░░░░░░░░░░░  47%  Streaming frame 1746/4320
  ███████████░░░░░░░░░░░░░░  47%  Streaming frame 1747/4320
  ███████████░░░░░░░░░░░░░░  47%  Streaming frame 1748/4320
  ███████████░░░░░░░░░░░░░░  47%  Streaming frame 1749/4320
  ███████████░░░░░░░░░░░░░░  47%  Streaming frame 1750/4320
  ███████████░░░░░░░░░░░░░░  47%  Streaming frame 1751/4320
  ███████████░░░░░░░░░░░░░░  47%  Streaming frame 1752/4320
  ███████████░░░░░░░░░░░░░░  47%  Streaming frame 1753/4320
  ███████████░░░░░░░░░░░░░░  47%  Streaming frame 1754/4320
  ███████████░░░░░░░░░░░░░░  47%  Streaming frame 1755/4320
  ███████████░░░░░░░░░░░░░░  47%  Streaming frame 1756/4320
  ███████████░░░░░░░░░░░░░░  47%  Streaming frame 1757/4320
  ███████████░░░░░░░░░░░░░░  47%  Streaming frame 1758/4320
  ███████████░░░░░░░░░░░░░░  47%  Streaming frame 1759/4320
  ███████████░░░░░░░░░░░░░░  47%  Streaming frame 1760/4320
  ███████████░░░░░░░░░░░░░░  47%  Streaming frame 1761/4320
  ███████████░░░░░░░░░░░░░░  47%  Streaming frame 1762/4320
  ███████████░░░░░░░░░░░░░░  47%  Streaming frame 1763/4320
  ███████████░░░░░░░░░░░░░░  47%  Streaming frame 1764/4320
  ███████████░░░░░░░░░░░░░░  47%  Streaming frame 1765/4320
  ███████████░░░░░░░░░░░░░░  47%  Streaming frame 1766/4320
  ███████████░░░░░░░░░░░░░░  47%  Streaming frame 1767/4320
  ████████████░░░░░░░░░░░░░  48%  Streaming frame 1768/4320
  ████████████░░░░░░░░░░░░░  48%  Streaming frame 1769/4320
  ████████████░░░░░░░░░░░░░  48%  Streaming frame 1770/4320
  ████████████░░░░░░░░░░░░░  48%  Streaming frame 1771/4320
  ████████████░░░░░░░░░░░░░  48%  Streaming frame 1772/4320
  ████████████░░░░░░░░░░░░░  48%  Streaming frame 1773/4320
  ████████████░░░░░░░░░░░░░  48%  Streaming frame 1774/4320
  ████████████░░░░░░░░░░░░░  48%  Streaming frame 1775/4320
  ████████████░░░░░░░░░░░░░  48%  Streaming frame 1776/4320
  ████████████░░░░░░░░░░░░░  48%  Streaming frame 1777/4320
  ████████████░░░░░░░░░░░░░  48%  Streaming frame 1778/4320
  ████████████░░░░░░░░░░░░░  48%  Streaming frame 1779/4320
  ████████████░░░░░░░░░░░░░  48%  Streaming frame 1780/4320
  ████████████░░░░░░░░░░░░░  48%  Streaming frame 1781/4320
  ████████████░░░░░░░░░░░░░  48%  Streaming frame 1782/4320
  ████████████░░░░░░░░░░░░░  48%  Streaming frame 1783/4320
  ████████████░░░░░░░░░░░░░  48%  Streaming frame 1784/4320
  ████████████░░░░░░░░░░░░░  48%  Streaming frame 1785/4320
  ████████████░░░░░░░░░░░░░  48%  Streaming frame 1786/4320
  ████████████░░░░░░░░░░░░░  48%  Streaming frame 1787/4320
  ████████████░░░░░░░░░░░░░  48%  Streaming frame 1788/4320
  ████████████░░░░░░░░░░░░░  48%  Streaming frame 1789/4320
  ████████████░░░░░░░░░░░░░  48%  Streaming frame 1790/4320
  ████████████░░░░░░░░░░░░░  48%  Streaming frame 1791/4320
[NativeFrameTransport] {"event":"progress","atUnixMs":1788976379427,"registrations":1792,"requests":1791,"completed":1791,"head":0,"rejected":0,"errors":0,"aborted":0,"peakStreams":1,"peakSourceDescriptors":1,"bytes":4424159283,"base64Fallbacks":0,"entries":1792,"activeStreams":0,"activeSourceDescriptors":0,"closed":false,"failed":false,"mode":"same-origin-url"}
  ████████████░░░░░░░░░░░░░  48%  Streaming frame 1792/4320
  ████████████░░░░░░░░░░░░░  48%  Streaming frame 1793/4320
  ████████████░░░░░░░░░░░░░  48%  Streaming frame 1794/4320
  ████████████░░░░░░░░░░░░░  48%  Streaming frame 1795/4320
  ████████████░░░░░░░░░░░░░  48%  Streaming frame 1796/4320
  ████████████░░░░░░░░░░░░░  48%  Streaming frame 1797/4320
  ████████████░░░░░░░░░░░░░  48%  Streaming frame 1798/4320
  ████████████░░░░░░░░░░░░░  48%  Streaming frame 1799/4320
  ████████████░░░░░░░░░░░░░  48%  Streaming frame 1800/4320
  ████████████░░░░░░░░░░░░░  48%  Streaming frame 1801/4320
  ████████████░░░░░░░░░░░░░  48%  Streaming frame 1802/4320
  ████████████░░░░░░░░░░░░░  48%  Streaming frame 1803/4320
  ████████████░░░░░░░░░░░░░  48%  Streaming frame 1804/4320
  ████████████░░░░░░░░░░░░░  48%  Streaming frame 1805/4320
  ████████████░░░░░░░░░░░░░  48%  Streaming frame 1806/4320
  ████████████░░░░░░░░░░░░░  48%  Streaming frame 1807/4320
  ████████████░░░░░░░░░░░░░  48%  Streaming frame 1808/4320
  ████████████░░░░░░░░░░░░░  48%  Streaming frame 1809/4320
  ████████████░░░░░░░░░░░░░  48%  Streaming frame 1810/4320
  ████████████░░░░░░░░░░░░░  48%  Streaming frame 1811/4320
  ████████████░░░░░░░░░░░░░  48%  Streaming frame 1812/4320
  ████████████░░░░░░░░░░░░░  48%  Streaming frame 1813/4320
  ████████████░░░░░░░░░░░░░  48%  Streaming frame 1814/4320
  ████████████░░░░░░░░░░░░░  48%  Streaming frame 1815/4320
  ████████████░░░░░░░░░░░░░  48%  Streaming frame 1816/4320
  ████████████░░░░░░░░░░░░░  48%  Streaming frame 1817/4320
  ████████████░░░░░░░░░░░░░  48%  Streaming frame 1818/4320
  ████████████░░░░░░░░░░░░░  48%  Streaming frame 1819/4320
  ████████████░░░░░░░░░░░░░  48%  Streaming frame 1820/4320
  ████████████░░░░░░░░░░░░░  48%  Streaming frame 1821/4320
  ████████████░░░░░░░░░░░░░  48%  Streaming frame 1822/4320
  ████████████░░░░░░░░░░░░░  48%  Streaming frame 1823/4320
  ████████████░░░░░░░░░░░░░  48%  Streaming frame 1824/4320
  ████████████░░░░░░░░░░░░░  48%  Streaming frame 1825/4320
  ████████████░░░░░░░░░░░░░  48%  Streaming frame 1826/4320
  ████████████░░░░░░░░░░░░░  48%  Streaming frame 1827/4320
  ████████████░░░░░░░░░░░░░  48%  Streaming frame 1828/4320
  ████████████░░░░░░░░░░░░░  48%  Streaming frame 1829/4320
  ████████████░░░░░░░░░░░░░  48%  Streaming frame 1830/4320
  ████████████░░░░░░░░░░░░░  48%  Streaming frame 1831/4320
  ████████████░░░░░░░░░░░░░  48%  Streaming frame 1832/4320
  ████████████░░░░░░░░░░░░░  48%  Streaming frame 1833/4320
  ████████████░░░░░░░░░░░░░  48%  Streaming frame 1834/4320
  ████████████░░░░░░░░░░░░░  48%  Streaming frame 1835/4320
  ████████████░░░░░░░░░░░░░  48%  Streaming frame 1836/4320
  ████████████░░░░░░░░░░░░░  48%  Streaming frame 1837/4320
  ████████████░░░░░░░░░░░░░  48%  Streaming frame 1838/4320
  ████████████░░░░░░░░░░░░░  48%  Streaming frame 1839/4320
  ████████████░░░░░░░░░░░░░  48%  Streaming frame 1840/4320
  ████████████░░░░░░░░░░░░░  48%  Streaming frame 1841/4320
  ████████████░░░░░░░░░░░░░  48%  Streaming frame 1842/4320
  ████████████░░░░░░░░░░░░░  48%  Streaming frame 1843/4320
  ████████████░░░░░░░░░░░░░  48%  Streaming frame 1844/4320
  ████████████░░░░░░░░░░░░░  48%  Streaming frame 1845/4320
  ████████████░░░░░░░░░░░░░  49%  Streaming frame 1846/4320
  ████████████░░░░░░░░░░░░░  49%  Streaming frame 1847/4320
  ████████████░░░░░░░░░░░░░  49%  Streaming frame 1848/4320
  ████████████░░░░░░░░░░░░░  49%  Streaming frame 1849/4320
  ████████████░░░░░░░░░░░░░  49%  Streaming frame 1850/4320
  ████████████░░░░░░░░░░░░░  49%  Streaming frame 1851/4320
  ████████████░░░░░░░░░░░░░  49%  Streaming frame 1852/4320
  ████████████░░░░░░░░░░░░░  49%  Streaming frame 1853/4320
  ████████████░░░░░░░░░░░░░  49%  Streaming frame 1854/4320
  ████████████░░░░░░░░░░░░░  49%  Streaming frame 1855/4320
  ████████████░░░░░░░░░░░░░  49%  Streaming frame 1856/4320
  ████████████░░░░░░░░░░░░░  49%  Streaming frame 1857/4320
  ████████████░░░░░░░░░░░░░  49%  Streaming frame 1858/4320
  ████████████░░░░░░░░░░░░░  49%  Streaming frame 1859/4320
  ████████████░░░░░░░░░░░░░  49%  Streaming frame 1860/4320
  ████████████░░░░░░░░░░░░░  49%  Streaming frame 1861/4320
  ████████████░░░░░░░░░░░░░  49%  Streaming frame 1862/4320
  ████████████░░░░░░░░░░░░░  49%  Streaming frame 1863/4320
  ████████████░░░░░░░░░░░░░  49%  Streaming frame 1864/4320
  ████████████░░░░░░░░░░░░░  49%  Streaming frame 1865/4320
  ████████████░░░░░░░░░░░░░  49%  Streaming frame 1866/4320
  ████████████░░░░░░░░░░░░░  49%  Streaming frame 1867/4320
  ████████████░░░░░░░░░░░░░  49%  Streaming frame 1868/4320
  ████████████░░░░░░░░░░░░░  49%  Streaming frame 1869/4320
  ████████████░░░░░░░░░░░░░  49%  Streaming frame 1870/4320
  ████████████░░░░░░░░░░░░░  49%  Streaming frame 1871/4320
  ████████████░░░░░░░░░░░░░  49%  Streaming frame 1872/4320
  ████████████░░░░░░░░░░░░░  49%  Streaming frame 1873/4320
  ████████████░░░░░░░░░░░░░  49%  Streaming frame 1874/4320
  ████████████░░░░░░░░░░░░░  49%  Streaming frame 1875/4320
  ████████████░░░░░░░░░░░░░  49%  Streaming frame 1876/4320
  ████████████░░░░░░░░░░░░░  49%  Streaming frame 1877/4320
  ████████████░░░░░░░░░░░░░  49%  Streaming frame 1878/4320
  ████████████░░░░░░░░░░░░░  49%  Streaming frame 1879/4320
  ████████████░░░░░░░░░░░░░  49%  Streaming frame 1880/4320
  ████████████░░░░░░░░░░░░░  49%  Streaming frame 1881/4320
  ████████████░░░░░░░░░░░░░  49%  Streaming frame 1882/4320
  ████████████░░░░░░░░░░░░░  49%  Streaming frame 1883/4320
  ████████████░░░░░░░░░░░░░  49%  Streaming frame 1884/4320
  ████████████░░░░░░░░░░░░░  49%  Streaming frame 1885/4320
  ████████████░░░░░░░░░░░░░  49%  Streaming frame 1886/4320
  ████████████░░░░░░░░░░░░░  49%  Streaming frame 1887/4320
  ████████████░░░░░░░░░░░░░  49%  Streaming frame 1888/4320
  ████████████░░░░░░░░░░░░░  49%  Streaming frame 1889/4320
  ████████████░░░░░░░░░░░░░  49%  Streaming frame 1890/4320
  ████████████░░░░░░░░░░░░░  49%  Streaming frame 1891/4320
  ████████████░░░░░░░░░░░░░  49%  Streaming frame 1892/4320
  ████████████░░░░░░░░░░░░░  49%  Streaming frame 1893/4320
  ████████████░░░░░░░░░░░░░  49%  Streaming frame 1894/4320
  ████████████░░░░░░░░░░░░░  49%  Streaming frame 1895/4320
  ████████████░░░░░░░░░░░░░  49%  Streaming frame 1896/4320
  ████████████░░░░░░░░░░░░░  49%  Streaming frame 1897/4320
  ████████████░░░░░░░░░░░░░  49%  Streaming frame 1898/4320
  ████████████░░░░░░░░░░░░░  49%  Streaming frame 1899/4320
  ████████████░░░░░░░░░░░░░  49%  Streaming frame 1900/4320
  ████████████░░░░░░░░░░░░░  49%  Streaming frame 1901/4320
  ████████████░░░░░░░░░░░░░  49%  Streaming frame 1902/4320
  ████████████░░░░░░░░░░░░░  49%  Streaming frame 1903/4320
  ████████████░░░░░░░░░░░░░  49%  Streaming frame 1904/4320
  ████████████░░░░░░░░░░░░░  49%  Streaming frame 1905/4320
  ████████████░░░░░░░░░░░░░  49%  Streaming frame 1906/4320
  ████████████░░░░░░░░░░░░░  49%  Streaming frame 1907/4320
  ████████████░░░░░░░░░░░░░  49%  Streaming frame 1908/4320
  ████████████░░░░░░░░░░░░░  49%  Streaming frame 1909/4320
  ████████████░░░░░░░░░░░░░  49%  Streaming frame 1910/4320
  ████████████░░░░░░░░░░░░░  49%  Streaming frame 1911/4320
  ████████████░░░░░░░░░░░░░  49%  Streaming frame 1912/4320
  ████████████░░░░░░░░░░░░░  49%  Streaming frame 1913/4320
  ████████████░░░░░░░░░░░░░  49%  Streaming frame 1914/4320
  ████████████░░░░░░░░░░░░░  49%  Streaming frame 1915/4320
  ████████████░░░░░░░░░░░░░  49%  Streaming frame 1916/4320
  ████████████░░░░░░░░░░░░░  49%  Streaming frame 1917/4320
  ████████████░░░░░░░░░░░░░  49%  Streaming frame 1918/4320
  ████████████░░░░░░░░░░░░░  49%  Streaming frame 1919/4320
  ████████████░░░░░░░░░░░░░  49%  Streaming frame 1920/4320
  ████████████░░░░░░░░░░░░░  49%  Streaming frame 1921/4320
  ████████████░░░░░░░░░░░░░  49%  Streaming frame 1922/4320
  ████████████░░░░░░░░░░░░░  49%  Streaming frame 1923/4320
  ████████████░░░░░░░░░░░░░  49%  Streaming frame 1924/4320
  ████████████░░░░░░░░░░░░░  50%  Streaming frame 1925/4320
  ████████████░░░░░░░░░░░░░  50%  Streaming frame 1926/4320
  ████████████░░░░░░░░░░░░░  50%  Streaming frame 1927/4320
  ████████████░░░░░░░░░░░░░  50%  Streaming frame 1928/4320
  ████████████░░░░░░░░░░░░░  50%  Streaming frame 1929/4320
  ████████████░░░░░░░░░░░░░  50%  Streaming frame 1930/4320
  ████████████░░░░░░░░░░░░░  50%  Streaming frame 1931/4320
  ████████████░░░░░░░░░░░░░  50%  Streaming frame 1932/4320
  ████████████░░░░░░░░░░░░░  50%  Streaming frame 1933/4320
  ████████████░░░░░░░░░░░░░  50%  Streaming frame 1934/4320
  ████████████░░░░░░░░░░░░░  50%  Streaming frame 1935/4320
  ████████████░░░░░░░░░░░░░  50%  Streaming frame 1936/4320
  ████████████░░░░░░░░░░░░░  50%  Streaming frame 1937/4320
  ████████████░░░░░░░░░░░░░  50%  Streaming frame 1938/4320
  ████████████░░░░░░░░░░░░░  50%  Streaming frame 1939/4320
  ████████████░░░░░░░░░░░░░  50%  Streaming frame 1940/4320
  ████████████░░░░░░░░░░░░░  50%  Streaming frame 1941/4320
  ████████████░░░░░░░░░░░░░  50%  Streaming frame 1942/4320
  ████████████░░░░░░░░░░░░░  50%  Streaming frame 1943/4320
  ████████████░░░░░░░░░░░░░  50%  Streaming frame 1944/4320
  ████████████░░░░░░░░░░░░░  50%  Streaming frame 1945/4320
  ████████████░░░░░░░░░░░░░  50%  Streaming frame 1946/4320
  ████████████░░░░░░░░░░░░░  50%  Streaming frame 1947/4320
  ████████████░░░░░░░░░░░░░  50%  Streaming frame 1948/4320
  ████████████░░░░░░░░░░░░░  50%  Streaming frame 1949/4320
  ████████████░░░░░░░░░░░░░  50%  Streaming frame 1950/4320
  ████████████░░░░░░░░░░░░░  50%  Streaming frame 1951/4320
  ████████████░░░░░░░░░░░░░  50%  Streaming frame 1952/4320
  ████████████░░░░░░░░░░░░░  50%  Streaming frame 1953/4320
  ████████████░░░░░░░░░░░░░  50%  Streaming frame 1954/4320
  ████████████░░░░░░░░░░░░░  50%  Streaming frame 1955/4320
  ████████████░░░░░░░░░░░░░  50%  Streaming frame 1956/4320
  ████████████░░░░░░░░░░░░░  50%  Streaming frame 1957/4320
  ████████████░░░░░░░░░░░░░  50%  Streaming frame 1958/4320
  ████████████░░░░░░░░░░░░░  50%  Streaming frame 1959/4320
  ████████████░░░░░░░░░░░░░  50%  Streaming frame 1960/4320
  ████████████░░░░░░░░░░░░░  50%  Streaming frame 1961/4320
  ████████████░░░░░░░░░░░░░  50%  Streaming frame 1962/4320
  ████████████░░░░░░░░░░░░░  50%  Streaming frame 1963/4320
  ████████████░░░░░░░░░░░░░  50%  Streaming frame 1964/4320
  ████████████░░░░░░░░░░░░░  50%  Streaming frame 1965/4320
  ████████████░░░░░░░░░░░░░  50%  Streaming frame 1966/4320
  ████████████░░░░░░░░░░░░░  50%  Streaming frame 1967/4320
  ████████████░░░░░░░░░░░░░  50%  Streaming frame 1968/4320
  ████████████░░░░░░░░░░░░░  50%  Streaming frame 1969/4320
  ████████████░░░░░░░░░░░░░  50%  Streaming frame 1970/4320
  ████████████░░░░░░░░░░░░░  50%  Streaming frame 1971/4320
  ████████████░░░░░░░░░░░░░  50%  Streaming frame 1972/4320
  ████████████░░░░░░░░░░░░░  50%  Streaming frame 1973/4320
  ████████████░░░░░░░░░░░░░  50%  Streaming frame 1974/4320
  ████████████░░░░░░░░░░░░░  50%  Streaming frame 1975/4320
  ████████████░░░░░░░░░░░░░  50%  Streaming frame 1976/4320
  ████████████░░░░░░░░░░░░░  50%  Streaming frame 1977/4320
  ████████████░░░░░░░░░░░░░  50%  Streaming frame 1978/4320
  ████████████░░░░░░░░░░░░░  50%  Streaming frame 1979/4320
  ████████████░░░░░░░░░░░░░  50%  Streaming frame 1980/4320
  ████████████░░░░░░░░░░░░░  50%  Streaming frame 1981/4320
  ████████████░░░░░░░░░░░░░  50%  Streaming frame 1982/4320
  ████████████░░░░░░░░░░░░░  50%  Streaming frame 1983/4320
  ████████████░░░░░░░░░░░░░  50%  Streaming frame 1984/4320
  ████████████░░░░░░░░░░░░░  50%  Streaming frame 1985/4320
  ████████████░░░░░░░░░░░░░  50%  Streaming frame 1986/4320
  ████████████░░░░░░░░░░░░░  50%  Streaming frame 1987/4320
  ████████████░░░░░░░░░░░░░  50%  Streaming frame 1988/4320
  ████████████░░░░░░░░░░░░░  50%  Streaming frame 1989/4320
  ████████████░░░░░░░░░░░░░  50%  Streaming frame 1990/4320
  ████████████░░░░░░░░░░░░░  50%  Streaming frame 1991/4320
  ████████████░░░░░░░░░░░░░  50%  Streaming frame 1992/4320
  ████████████░░░░░░░░░░░░░  50%  Streaming frame 1993/4320
  ████████████░░░░░░░░░░░░░  50%  Streaming frame 1994/4320
  ████████████░░░░░░░░░░░░░  50%  Streaming frame 1995/4320
  ████████████░░░░░░░░░░░░░  50%  Streaming frame 1996/4320
  ████████████░░░░░░░░░░░░░  50%  Streaming frame 1997/4320
  ████████████░░░░░░░░░░░░░  50%  Streaming frame 1998/4320
  ████████████░░░░░░░░░░░░░  50%  Streaming frame 1999/4320
  ████████████░░░░░░░░░░░░░  50%  Streaming frame 2000/4320
  ████████████░░░░░░░░░░░░░  50%  Streaming frame 2001/4320
  ████████████░░░░░░░░░░░░░  50%  Streaming frame 2002/4320
  ████████████░░░░░░░░░░░░░  51%  Streaming frame 2003/4320
  ████████████░░░░░░░░░░░░░  51%  Streaming frame 2004/4320
  ████████████░░░░░░░░░░░░░  51%  Streaming frame 2005/4320
  ████████████░░░░░░░░░░░░░  51%  Streaming frame 2006/4320
  ████████████░░░░░░░░░░░░░  51%  Streaming frame 2007/4320
  ████████████░░░░░░░░░░░░░  51%  Streaming frame 2008/4320
  ████████████░░░░░░░░░░░░░  51%  Streaming frame 2009/4320
  ████████████░░░░░░░░░░░░░  51%  Streaming frame 2010/4320
  ████████████░░░░░░░░░░░░░  51%  Streaming frame 2011/4320
  ████████████░░░░░░░░░░░░░  51%  Streaming frame 2012/4320
  ████████████░░░░░░░░░░░░░  51%  Streaming frame 2013/4320
  ████████████░░░░░░░░░░░░░  51%  Streaming frame 2014/4320
  ████████████░░░░░░░░░░░░░  51%  Streaming frame 2015/4320
  ████████████░░░░░░░░░░░░░  51%  Streaming frame 2016/4320
  ████████████░░░░░░░░░░░░░  51%  Streaming frame 2017/4320
  ████████████░░░░░░░░░░░░░  51%  Streaming frame 2018/4320
  ████████████░░░░░░░░░░░░░  51%  Streaming frame 2019/4320
  ████████████░░░░░░░░░░░░░  51%  Streaming frame 2020/4320
  ████████████░░░░░░░░░░░░░  51%  Streaming frame 2021/4320
  ████████████░░░░░░░░░░░░░  51%  Streaming frame 2022/4320
  ████████████░░░░░░░░░░░░░  51%  Streaming frame 2023/4320
  ████████████░░░░░░░░░░░░░  51%  Streaming frame 2024/4320
  ████████████░░░░░░░░░░░░░  51%  Streaming frame 2025/4320
  ████████████░░░░░░░░░░░░░  51%  Streaming frame 2026/4320
  ████████████░░░░░░░░░░░░░  51%  Streaming frame 2027/4320
  ████████████░░░░░░░░░░░░░  51%  Streaming frame 2028/4320
  ████████████░░░░░░░░░░░░░  51%  Streaming frame 2029/4320
  ████████████░░░░░░░░░░░░░  51%  Streaming frame 2030/4320
  ████████████░░░░░░░░░░░░░  51%  Streaming frame 2031/4320
  ████████████░░░░░░░░░░░░░  51%  Streaming frame 2032/4320
  ████████████░░░░░░░░░░░░░  51%  Streaming frame 2033/4320
  ████████████░░░░░░░░░░░░░  51%  Streaming frame 2034/4320
  ████████████░░░░░░░░░░░░░  51%  Streaming frame 2035/4320
  ████████████░░░░░░░░░░░░░  51%  Streaming frame 2036/4320
  ████████████░░░░░░░░░░░░░  51%  Streaming frame 2037/4320
  ████████████░░░░░░░░░░░░░  51%  Streaming frame 2038/4320
  ████████████░░░░░░░░░░░░░  51%  Streaming frame 2039/4320
  ████████████░░░░░░░░░░░░░  51%  Streaming frame 2040/4320
  ████████████░░░░░░░░░░░░░  51%  Streaming frame 2041/4320
  ████████████░░░░░░░░░░░░░  51%  Streaming frame 2042/4320
  ████████████░░░░░░░░░░░░░  51%  Streaming frame 2043/4320
  ████████████░░░░░░░░░░░░░  51%  Streaming frame 2044/4320
  ████████████░░░░░░░░░░░░░  51%  Streaming frame 2045/4320
  ████████████░░░░░░░░░░░░░  51%  Streaming frame 2046/4320
  ████████████░░░░░░░░░░░░░  51%  Streaming frame 2047/4320
[NativeFrameTransport] {"event":"progress","atUnixMs":1788976401086,"registrations":2048,"requests":2047,"completed":2047,"head":0,"rejected":0,"errors":0,"aborted":0,"peakStreams":1,"peakSourceDescriptors":1,"bytes":5043417043,"base64Fallbacks":0,"entries":2048,"activeStreams":0,"activeSourceDescriptors":0,"closed":false,"failed":false,"mode":"same-origin-url"}
  ████████████░░░░░░░░░░░░░  51%  Streaming frame 2048/4320
  ████████████░░░░░░░░░░░░░  51%  Streaming frame 2049/4320
  ████████████░░░░░░░░░░░░░  51%  Streaming frame 2050/4320
  ████████████░░░░░░░░░░░░░  51%  Streaming frame 2051/4320
  ████████████░░░░░░░░░░░░░  51%  Streaming frame 2052/4320
  ████████████░░░░░░░░░░░░░  51%  Streaming frame 2053/4320
  ████████████░░░░░░░░░░░░░  51%  Streaming frame 2054/4320
  ████████████░░░░░░░░░░░░░  51%  Streaming frame 2055/4320
  ████████████░░░░░░░░░░░░░  51%  Streaming frame 2056/4320
  ████████████░░░░░░░░░░░░░  51%  Streaming frame 2057/4320
  ████████████░░░░░░░░░░░░░  51%  Streaming frame 2058/4320
  ████████████░░░░░░░░░░░░░  51%  Streaming frame 2059/4320
  ████████████░░░░░░░░░░░░░  51%  Streaming frame 2060/4320
  ████████████░░░░░░░░░░░░░  51%  Streaming frame 2061/4320
  ████████████░░░░░░░░░░░░░  51%  Streaming frame 2062/4320
  ████████████░░░░░░░░░░░░░  51%  Streaming frame 2063/4320
  ████████████░░░░░░░░░░░░░  51%  Streaming frame 2064/4320
  ████████████░░░░░░░░░░░░░  51%  Streaming frame 2065/4320
  ████████████░░░░░░░░░░░░░  51%  Streaming frame 2066/4320
  ████████████░░░░░░░░░░░░░  51%  Streaming frame 2067/4320
  ████████████░░░░░░░░░░░░░  51%  Streaming frame 2068/4320
  ████████████░░░░░░░░░░░░░  51%  Streaming frame 2069/4320
  ████████████░░░░░░░░░░░░░  51%  Streaming frame 2070/4320
  ████████████░░░░░░░░░░░░░  51%  Streaming frame 2071/4320
  ████████████░░░░░░░░░░░░░  51%  Streaming frame 2072/4320
  ████████████░░░░░░░░░░░░░  51%  Streaming frame 2073/4320
  ████████████░░░░░░░░░░░░░  51%  Streaming frame 2074/4320
  ████████████░░░░░░░░░░░░░  51%  Streaming frame 2075/4320
  ████████████░░░░░░░░░░░░░  51%  Streaming frame 2076/4320
  ████████████░░░░░░░░░░░░░  51%  Streaming frame 2077/4320
  ████████████░░░░░░░░░░░░░  51%  Streaming frame 2078/4320
  ████████████░░░░░░░░░░░░░  51%  Streaming frame 2079/4320
  ████████████░░░░░░░░░░░░░  51%  Streaming frame 2080/4320
  ████████████░░░░░░░░░░░░░  51%  Streaming frame 2081/4320
  █████████████░░░░░░░░░░░░  52%  Streaming frame 2082/4320
  █████████████░░░░░░░░░░░░  52%  Streaming frame 2083/4320
  █████████████░░░░░░░░░░░░  52%  Streaming frame 2084/4320
  █████████████░░░░░░░░░░░░  52%  Streaming frame 2085/4320
  █████████████░░░░░░░░░░░░  52%  Streaming frame 2086/4320
  █████████████░░░░░░░░░░░░  52%  Streaming frame 2087/4320
  █████████████░░░░░░░░░░░░  52%  Streaming frame 2088/4320
  █████████████░░░░░░░░░░░░  52%  Streaming frame 2089/4320
  █████████████░░░░░░░░░░░░  52%  Streaming frame 2090/4320
  █████████████░░░░░░░░░░░░  52%  Streaming frame 2091/4320
  █████████████░░░░░░░░░░░░  52%  Streaming frame 2092/4320
  █████████████░░░░░░░░░░░░  52%  Streaming frame 2093/4320
  █████████████░░░░░░░░░░░░  52%  Streaming frame 2094/4320
  █████████████░░░░░░░░░░░░  52%  Streaming frame 2095/4320
  █████████████░░░░░░░░░░░░  52%  Streaming frame 2096/4320
  █████████████░░░░░░░░░░░░  52%  Streaming frame 2097/4320
  █████████████░░░░░░░░░░░░  52%  Streaming frame 2098/4320
  █████████████░░░░░░░░░░░░  52%  Streaming frame 2099/4320
  █████████████░░░░░░░░░░░░  52%  Streaming frame 2100/4320
  █████████████░░░░░░░░░░░░  52%  Streaming frame 2101/4320
  █████████████░░░░░░░░░░░░  52%  Streaming frame 2102/4320
  █████████████░░░░░░░░░░░░  52%  Streaming frame 2103/4320
  █████████████░░░░░░░░░░░░  52%  Streaming frame 2104/4320
  █████████████░░░░░░░░░░░░  52%  Streaming frame 2105/4320
  █████████████░░░░░░░░░░░░  52%  Streaming frame 2106/4320
  █████████████░░░░░░░░░░░░  52%  Streaming frame 2107/4320
  █████████████░░░░░░░░░░░░  52%  Streaming frame 2108/4320
  █████████████░░░░░░░░░░░░  52%  Streaming frame 2109/4320
  █████████████░░░░░░░░░░░░  52%  Streaming frame 2110/4320
  █████████████░░░░░░░░░░░░  52%  Streaming frame 2111/4320
  █████████████░░░░░░░░░░░░  52%  Streaming frame 2112/4320
  █████████████░░░░░░░░░░░░  52%  Streaming frame 2113/4320
  █████████████░░░░░░░░░░░░  52%  Streaming frame 2114/4320
  █████████████░░░░░░░░░░░░  52%  Streaming frame 2115/4320
  █████████████░░░░░░░░░░░░  52%  Streaming frame 2116/4320
  █████████████░░░░░░░░░░░░  52%  Streaming frame 2117/4320
  █████████████░░░░░░░░░░░░  52%  Streaming frame 2118/4320
  █████████████░░░░░░░░░░░░  52%  Streaming frame 2119/4320
  █████████████░░░░░░░░░░░░  52%  Streaming frame 2120/4320
  █████████████░░░░░░░░░░░░  52%  Streaming frame 2121/4320
  █████████████░░░░░░░░░░░░  52%  Streaming frame 2122/4320
  █████████████░░░░░░░░░░░░  52%  Streaming frame 2123/4320
  █████████████░░░░░░░░░░░░  52%  Streaming frame 2124/4320
  █████████████░░░░░░░░░░░░  52%  Streaming frame 2125/4320
  █████████████░░░░░░░░░░░░  52%  Streaming frame 2126/4320
  █████████████░░░░░░░░░░░░  52%  Streaming frame 2127/4320
  █████████████░░░░░░░░░░░░  52%  Streaming frame 2128/4320
  █████████████░░░░░░░░░░░░  52%  Streaming frame 2129/4320
  █████████████░░░░░░░░░░░░  52%  Streaming frame 2130/4320
  █████████████░░░░░░░░░░░░  52%  Streaming frame 2131/4320
  █████████████░░░░░░░░░░░░  52%  Streaming frame 2132/4320
  █████████████░░░░░░░░░░░░  52%  Streaming frame 2133/4320
  █████████████░░░░░░░░░░░░  52%  Streaming frame 2134/4320
  █████████████░░░░░░░░░░░░  52%  Streaming frame 2135/4320
  █████████████░░░░░░░░░░░░  52%  Streaming frame 2136/4320
  █████████████░░░░░░░░░░░░  52%  Streaming frame 2137/4320
  █████████████░░░░░░░░░░░░  52%  Streaming frame 2138/4320
  █████████████░░░░░░░░░░░░  52%  Streaming frame 2139/4320
  █████████████░░░░░░░░░░░░  52%  Streaming frame 2140/4320
  █████████████░░░░░░░░░░░░  52%  Streaming frame 2141/4320
  █████████████░░░░░░░░░░░░  52%  Streaming frame 2142/4320
  █████████████░░░░░░░░░░░░  52%  Streaming frame 2143/4320
  █████████████░░░░░░░░░░░░  52%  Streaming frame 2144/4320
  █████████████░░░░░░░░░░░░  52%  Streaming frame 2145/4320
  █████████████░░░░░░░░░░░░  52%  Streaming frame 2146/4320
  █████████████░░░░░░░░░░░░  52%  Streaming frame 2147/4320
  █████████████░░░░░░░░░░░░  52%  Streaming frame 2148/4320
  █████████████░░░░░░░░░░░░  52%  Streaming frame 2149/4320
  █████████████░░░░░░░░░░░░  52%  Streaming frame 2150/4320
  █████████████░░░░░░░░░░░░  52%  Streaming frame 2151/4320
  █████████████░░░░░░░░░░░░  52%  Streaming frame 2152/4320
  █████████████░░░░░░░░░░░░  52%  Streaming frame 2153/4320
  █████████████░░░░░░░░░░░░  52%  Streaming frame 2154/4320
  █████████████░░░░░░░░░░░░  52%  Streaming frame 2155/4320
  █████████████░░░░░░░░░░░░  52%  Streaming frame 2156/4320
  █████████████░░░░░░░░░░░░  52%  Streaming frame 2157/4320
  █████████████░░░░░░░░░░░░  52%  Streaming frame 2158/4320
  █████████████░░░░░░░░░░░░  52%  Streaming frame 2159/4320
  █████████████░░░░░░░░░░░░  53%  Streaming frame 2160/4320
  █████████████░░░░░░░░░░░░  53%  Streaming frame 2161/4320
  █████████████░░░░░░░░░░░░  53%  Streaming frame 2162/4320
  █████████████░░░░░░░░░░░░  53%  Streaming frame 2163/4320
  █████████████░░░░░░░░░░░░  53%  Streaming frame 2164/4320
  █████████████░░░░░░░░░░░░  53%  Streaming frame 2165/4320
  █████████████░░░░░░░░░░░░  53%  Streaming frame 2166/4320
  █████████████░░░░░░░░░░░░  53%  Streaming frame 2167/4320
  █████████████░░░░░░░░░░░░  53%  Streaming frame 2168/4320
  █████████████░░░░░░░░░░░░  53%  Streaming frame 2169/4320
  █████████████░░░░░░░░░░░░  53%  Streaming frame 2170/4320
  █████████████░░░░░░░░░░░░  53%  Streaming frame 2171/4320
  █████████████░░░░░░░░░░░░  53%  Streaming frame 2172/4320
  █████████████░░░░░░░░░░░░  53%  Streaming frame 2173/4320
  █████████████░░░░░░░░░░░░  53%  Streaming frame 2174/4320
  █████████████░░░░░░░░░░░░  53%  Streaming frame 2175/4320
  █████████████░░░░░░░░░░░░  53%  Streaming frame 2176/4320
  █████████████░░░░░░░░░░░░  53%  Streaming frame 2177/4320
  █████████████░░░░░░░░░░░░  53%  Streaming frame 2178/4320
  █████████████░░░░░░░░░░░░  53%  Streaming frame 2179/4320
  █████████████░░░░░░░░░░░░  53%  Streaming frame 2180/4320
  █████████████░░░░░░░░░░░░  53%  Streaming frame 2181/4320
  █████████████░░░░░░░░░░░░  53%  Streaming frame 2182/4320
  █████████████░░░░░░░░░░░░  53%  Streaming frame 2183/4320
  █████████████░░░░░░░░░░░░  53%  Streaming frame 2184/4320
  █████████████░░░░░░░░░░░░  53%  Streaming frame 2185/4320
  █████████████░░░░░░░░░░░░  53%  Streaming frame 2186/4320
  █████████████░░░░░░░░░░░░  53%  Streaming frame 2187/4320
  █████████████░░░░░░░░░░░░  53%  Streaming frame 2188/4320
  █████████████░░░░░░░░░░░░  53%  Streaming frame 2189/4320
  █████████████░░░░░░░░░░░░  53%  Streaming frame 2190/4320
  █████████████░░░░░░░░░░░░  53%  Streaming frame 2191/4320
  █████████████░░░░░░░░░░░░  53%  Streaming frame 2192/4320
  █████████████░░░░░░░░░░░░  53%  Streaming frame 2193/4320
  █████████████░░░░░░░░░░░░  53%  Streaming frame 2194/4320
  █████████████░░░░░░░░░░░░  53%  Streaming frame 2195/4320
  █████████████░░░░░░░░░░░░  53%  Streaming frame 2196/4320
  █████████████░░░░░░░░░░░░  53%  Streaming frame 2197/4320
  █████████████░░░░░░░░░░░░  53%  Streaming frame 2198/4320
  █████████████░░░░░░░░░░░░  53%  Streaming frame 2199/4320
  █████████████░░░░░░░░░░░░  53%  Streaming frame 2200/4320
  █████████████░░░░░░░░░░░░  53%  Streaming frame 2201/4320
  █████████████░░░░░░░░░░░░  53%  Streaming frame 2202/4320
  █████████████░░░░░░░░░░░░  53%  Streaming frame 2203/4320
  █████████████░░░░░░░░░░░░  53%  Streaming frame 2204/4320
  █████████████░░░░░░░░░░░░  53%  Streaming frame 2205/4320
  █████████████░░░░░░░░░░░░  53%  Streaming frame 2206/4320
  █████████████░░░░░░░░░░░░  53%  Streaming frame 2207/4320
  █████████████░░░░░░░░░░░░  53%  Streaming frame 2208/4320
  █████████████░░░░░░░░░░░░  53%  Streaming frame 2209/4320
  █████████████░░░░░░░░░░░░  53%  Streaming frame 2210/4320
  █████████████░░░░░░░░░░░░  53%  Streaming frame 2211/4320
  █████████████░░░░░░░░░░░░  53%  Streaming frame 2212/4320
  █████████████░░░░░░░░░░░░  53%  Streaming frame 2213/4320
  █████████████░░░░░░░░░░░░  53%  Streaming frame 2214/4320
  █████████████░░░░░░░░░░░░  53%  Streaming frame 2215/4320
  █████████████░░░░░░░░░░░░  53%  Streaming frame 2216/4320
  █████████████░░░░░░░░░░░░  53%  Streaming frame 2217/4320
  █████████████░░░░░░░░░░░░  53%  Streaming frame 2218/4320
  █████████████░░░░░░░░░░░░  53%  Streaming frame 2219/4320
  █████████████░░░░░░░░░░░░  53%  Streaming frame 2220/4320
  █████████████░░░░░░░░░░░░  53%  Streaming frame 2221/4320
  █████████████░░░░░░░░░░░░  53%  Streaming frame 2222/4320
  █████████████░░░░░░░░░░░░  53%  Streaming frame 2223/4320
  █████████████░░░░░░░░░░░░  53%  Streaming frame 2224/4320
  █████████████░░░░░░░░░░░░  53%  Streaming frame 2225/4320
  █████████████░░░░░░░░░░░░  53%  Streaming frame 2226/4320
  █████████████░░░░░░░░░░░░  53%  Streaming frame 2227/4320
  █████████████░░░░░░░░░░░░  53%  Streaming frame 2228/4320
  █████████████░░░░░░░░░░░░  53%  Streaming frame 2229/4320
  █████████████░░░░░░░░░░░░  53%  Streaming frame 2230/4320
  █████████████░░░░░░░░░░░░  53%  Streaming frame 2231/4320
  █████████████░░░░░░░░░░░░  53%  Streaming frame 2232/4320
  █████████████░░░░░░░░░░░░  53%  Streaming frame 2233/4320
  █████████████░░░░░░░░░░░░  53%  Streaming frame 2234/4320
  █████████████░░░░░░░░░░░░  53%  Streaming frame 2235/4320
  █████████████░░░░░░░░░░░░  53%  Streaming frame 2236/4320
  █████████████░░░░░░░░░░░░  53%  Streaming frame 2237/4320
  █████████████░░░░░░░░░░░░  53%  Streaming frame 2238/4320
  █████████████░░░░░░░░░░░░  54%  Streaming frame 2239/4320
  █████████████░░░░░░░░░░░░  54%  Streaming frame 2240/4320
  █████████████░░░░░░░░░░░░  54%  Streaming frame 2241/4320
  █████████████░░░░░░░░░░░░  54%  Streaming frame 2242/4320
  █████████████░░░░░░░░░░░░  54%  Streaming frame 2243/4320
  █████████████░░░░░░░░░░░░  54%  Streaming frame 2244/4320
  █████████████░░░░░░░░░░░░  54%  Streaming frame 2245/4320
  █████████████░░░░░░░░░░░░  54%  Streaming frame 2246/4320
  █████████████░░░░░░░░░░░░  54%  Streaming frame 2247/4320
  █████████████░░░░░░░░░░░░  54%  Streaming frame 2248/4320
  █████████████░░░░░░░░░░░░  54%  Streaming frame 2249/4320
  █████████████░░░░░░░░░░░░  54%  Streaming frame 2250/4320
  █████████████░░░░░░░░░░░░  54%  Streaming frame 2251/4320
  █████████████░░░░░░░░░░░░  54%  Streaming frame 2252/4320
  █████████████░░░░░░░░░░░░  54%  Streaming frame 2253/4320
  █████████████░░░░░░░░░░░░  54%  Streaming frame 2254/4320
  █████████████░░░░░░░░░░░░  54%  Streaming frame 2255/4320
  █████████████░░░░░░░░░░░░  54%  Streaming frame 2256/4320
  █████████████░░░░░░░░░░░░  54%  Streaming frame 2257/4320
  █████████████░░░░░░░░░░░░  54%  Streaming frame 2258/4320
  █████████████░░░░░░░░░░░░  54%  Streaming frame 2259/4320
  █████████████░░░░░░░░░░░░  54%  Streaming frame 2260/4320
  █████████████░░░░░░░░░░░░  54%  Streaming frame 2261/4320
  █████████████░░░░░░░░░░░░  54%  Streaming frame 2262/4320
  █████████████░░░░░░░░░░░░  54%  Streaming frame 2263/4320
  █████████████░░░░░░░░░░░░  54%  Streaming frame 2264/4320
  █████████████░░░░░░░░░░░░  54%  Streaming frame 2265/4320
  █████████████░░░░░░░░░░░░  54%  Streaming frame 2266/4320
  █████████████░░░░░░░░░░░░  54%  Streaming frame 2267/4320
  █████████████░░░░░░░░░░░░  54%  Streaming frame 2268/4320
  █████████████░░░░░░░░░░░░  54%  Streaming frame 2269/4320
  █████████████░░░░░░░░░░░░  54%  Streaming frame 2270/4320
  █████████████░░░░░░░░░░░░  54%  Streaming frame 2271/4320
  █████████████░░░░░░░░░░░░  54%  Streaming frame 2272/4320
  █████████████░░░░░░░░░░░░  54%  Streaming frame 2273/4320
  █████████████░░░░░░░░░░░░  54%  Streaming frame 2274/4320
  █████████████░░░░░░░░░░░░  54%  Streaming frame 2275/4320
  █████████████░░░░░░░░░░░░  54%  Streaming frame 2276/4320
  █████████████░░░░░░░░░░░░  54%  Streaming frame 2277/4320
  █████████████░░░░░░░░░░░░  54%  Streaming frame 2278/4320
  █████████████░░░░░░░░░░░░  54%  Streaming frame 2279/4320
  █████████████░░░░░░░░░░░░  54%  Streaming frame 2280/4320
  █████████████░░░░░░░░░░░░  54%  Streaming frame 2281/4320
  █████████████░░░░░░░░░░░░  54%  Streaming frame 2282/4320
  █████████████░░░░░░░░░░░░  54%  Streaming frame 2283/4320
  █████████████░░░░░░░░░░░░  54%  Streaming frame 2284/4320
  █████████████░░░░░░░░░░░░  54%  Streaming frame 2285/4320
  █████████████░░░░░░░░░░░░  54%  Streaming frame 2286/4320
  █████████████░░░░░░░░░░░░  54%  Streaming frame 2287/4320
  █████████████░░░░░░░░░░░░  54%  Streaming frame 2288/4320
  █████████████░░░░░░░░░░░░  54%  Streaming frame 2289/4320
  █████████████░░░░░░░░░░░░  54%  Streaming frame 2290/4320
  █████████████░░░░░░░░░░░░  54%  Streaming frame 2291/4320
  █████████████░░░░░░░░░░░░  54%  Streaming frame 2292/4320
  █████████████░░░░░░░░░░░░  54%  Streaming frame 2293/4320
  █████████████░░░░░░░░░░░░  54%  Streaming frame 2294/4320
  █████████████░░░░░░░░░░░░  54%  Streaming frame 2295/4320
  █████████████░░░░░░░░░░░░  54%  Streaming frame 2296/4320
  █████████████░░░░░░░░░░░░  54%  Streaming frame 2297/4320
  █████████████░░░░░░░░░░░░  54%  Streaming frame 2298/4320
  █████████████░░░░░░░░░░░░  54%  Streaming frame 2299/4320
  █████████████░░░░░░░░░░░░  54%  Streaming frame 2300/4320
  █████████████░░░░░░░░░░░░  54%  Streaming frame 2301/4320
  █████████████░░░░░░░░░░░░  54%  Streaming frame 2302/4320
  █████████████░░░░░░░░░░░░  54%  Streaming frame 2303/4320
[NativeFrameTransport] {"event":"progress","atUnixMs":1788976424648,"registrations":2304,"requests":2303,"completed":2303,"head":0,"rejected":0,"errors":0,"aborted":0,"peakStreams":1,"peakSourceDescriptors":1,"bytes":5662733709,"base64Fallbacks":0,"entries":2304,"activeStreams":0,"activeSourceDescriptors":0,"closed":false,"failed":false,"mode":"same-origin-url"}
  █████████████░░░░░░░░░░░░  54%  Streaming frame 2304/4320
  █████████████░░░░░░░░░░░░  54%  Streaming frame 2305/4320
  █████████████░░░░░░░░░░░░  54%  Streaming frame 2306/4320
  █████████████░░░░░░░░░░░░  54%  Streaming frame 2307/4320
  █████████████░░░░░░░░░░░░  54%  Streaming frame 2308/4320
  █████████████░░░░░░░░░░░░  54%  Streaming frame 2309/4320
  █████████████░░░░░░░░░░░░  54%  Streaming frame 2310/4320
  █████████████░░░░░░░░░░░░  54%  Streaming frame 2311/4320
  █████████████░░░░░░░░░░░░  54%  Streaming frame 2312/4320
  █████████████░░░░░░░░░░░░  54%  Streaming frame 2313/4320
  █████████████░░░░░░░░░░░░  54%  Streaming frame 2314/4320
  █████████████░░░░░░░░░░░░  54%  Streaming frame 2315/4320
  █████████████░░░░░░░░░░░░  54%  Streaming frame 2316/4320
  █████████████░░░░░░░░░░░░  54%  Streaming frame 2317/4320
  █████████████░░░░░░░░░░░░  55%  Streaming frame 2318/4320
  █████████████░░░░░░░░░░░░  55%  Streaming frame 2319/4320
  █████████████░░░░░░░░░░░░  55%  Streaming frame 2320/4320
  █████████████░░░░░░░░░░░░  55%  Streaming frame 2321/4320
  █████████████░░░░░░░░░░░░  55%  Streaming frame 2322/4320
  █████████████░░░░░░░░░░░░  55%  Streaming frame 2323/4320
  █████████████░░░░░░░░░░░░  55%  Streaming frame 2324/4320
  █████████████░░░░░░░░░░░░  55%  Streaming frame 2325/4320
  █████████████░░░░░░░░░░░░  55%  Streaming frame 2326/4320
  █████████████░░░░░░░░░░░░  55%  Streaming frame 2327/4320
  █████████████░░░░░░░░░░░░  55%  Streaming frame 2328/4320
  █████████████░░░░░░░░░░░░  55%  Streaming frame 2329/4320
  █████████████░░░░░░░░░░░░  55%  Streaming frame 2330/4320
  █████████████░░░░░░░░░░░░  55%  Streaming frame 2331/4320
  █████████████░░░░░░░░░░░░  55%  Streaming frame 2332/4320
  █████████████░░░░░░░░░░░░  55%  Streaming frame 2333/4320
  █████████████░░░░░░░░░░░░  55%  Streaming frame 2334/4320
  █████████████░░░░░░░░░░░░  55%  Streaming frame 2335/4320
  █████████████░░░░░░░░░░░░  55%  Streaming frame 2336/4320
  █████████████░░░░░░░░░░░░  55%  Streaming frame 2337/4320
  █████████████░░░░░░░░░░░░  55%  Streaming frame 2338/4320
  █████████████░░░░░░░░░░░░  55%  Streaming frame 2339/4320
  █████████████░░░░░░░░░░░░  55%  Streaming frame 2340/4320
  █████████████░░░░░░░░░░░░  55%  Streaming frame 2341/4320
  █████████████░░░░░░░░░░░░  55%  Streaming frame 2342/4320
  █████████████░░░░░░░░░░░░  55%  Streaming frame 2343/4320
  █████████████░░░░░░░░░░░░  55%  Streaming frame 2344/4320
  █████████████░░░░░░░░░░░░  55%  Streaming frame 2345/4320
  █████████████░░░░░░░░░░░░  55%  Streaming frame 2346/4320
  █████████████░░░░░░░░░░░░  55%  Streaming frame 2347/4320
  █████████████░░░░░░░░░░░░  55%  Streaming frame 2348/4320
  █████████████░░░░░░░░░░░░  55%  Streaming frame 2349/4320
  █████████████░░░░░░░░░░░░  55%  Streaming frame 2350/4320
  █████████████░░░░░░░░░░░░  55%  Streaming frame 2351/4320
  █████████████░░░░░░░░░░░░  55%  Streaming frame 2352/4320
  █████████████░░░░░░░░░░░░  55%  Streaming frame 2353/4320
  █████████████░░░░░░░░░░░░  55%  Streaming frame 2354/4320
  █████████████░░░░░░░░░░░░  55%  Streaming frame 2355/4320
  █████████████░░░░░░░░░░░░  55%  Streaming frame 2356/4320
  █████████████░░░░░░░░░░░░  55%  Streaming frame 2357/4320
  █████████████░░░░░░░░░░░░  55%  Streaming frame 2358/4320
  █████████████░░░░░░░░░░░░  55%  Streaming frame 2359/4320
  █████████████░░░░░░░░░░░░  55%  Streaming frame 2360/4320
  █████████████░░░░░░░░░░░░  55%  Streaming frame 2361/4320
  █████████████░░░░░░░░░░░░  55%  Streaming frame 2362/4320
  █████████████░░░░░░░░░░░░  55%  Streaming frame 2363/4320
  █████████████░░░░░░░░░░░░  55%  Streaming frame 2364/4320
  █████████████░░░░░░░░░░░░  55%  Streaming frame 2365/4320
  █████████████░░░░░░░░░░░░  55%  Streaming frame 2366/4320
  █████████████░░░░░░░░░░░░  55%  Streaming frame 2367/4320
  █████████████░░░░░░░░░░░░  55%  Streaming frame 2368/4320
  █████████████░░░░░░░░░░░░  55%  Streaming frame 2369/4320
  █████████████░░░░░░░░░░░░  55%  Streaming frame 2370/4320
  █████████████░░░░░░░░░░░░  55%  Streaming frame 2371/4320
  █████████████░░░░░░░░░░░░  55%  Streaming frame 2372/4320
  █████████████░░░░░░░░░░░░  55%  Streaming frame 2373/4320
  █████████████░░░░░░░░░░░░  55%  Streaming frame 2374/4320
  █████████████░░░░░░░░░░░░  55%  Streaming frame 2375/4320
  █████████████░░░░░░░░░░░░  55%  Streaming frame 2376/4320
  █████████████░░░░░░░░░░░░  55%  Streaming frame 2377/4320
  █████████████░░░░░░░░░░░░  55%  Streaming frame 2378/4320
  █████████████░░░░░░░░░░░░  55%  Streaming frame 2379/4320
  █████████████░░░░░░░░░░░░  55%  Streaming frame 2380/4320
  █████████████░░░░░░░░░░░░  55%  Streaming frame 2381/4320
  █████████████░░░░░░░░░░░░  55%  Streaming frame 2382/4320
  █████████████░░░░░░░░░░░░  55%  Streaming frame 2383/4320
  █████████████░░░░░░░░░░░░  55%  Streaming frame 2384/4320
  █████████████░░░░░░░░░░░░  55%  Streaming frame 2385/4320
  █████████████░░░░░░░░░░░░  55%  Streaming frame 2386/4320
  █████████████░░░░░░░░░░░░  55%  Streaming frame 2387/4320
  █████████████░░░░░░░░░░░░  55%  Streaming frame 2388/4320
  █████████████░░░░░░░░░░░░  55%  Streaming frame 2389/4320
  █████████████░░░░░░░░░░░░  55%  Streaming frame 2390/4320
  █████████████░░░░░░░░░░░░  55%  Streaming frame 2391/4320
  █████████████░░░░░░░░░░░░  55%  Streaming frame 2392/4320
  █████████████░░░░░░░░░░░░  55%  Streaming frame 2393/4320
  █████████████░░░░░░░░░░░░  55%  Streaming frame 2394/4320
  █████████████░░░░░░░░░░░░  55%  Streaming frame 2395/4320
  ██████████████░░░░░░░░░░░  56%  Streaming frame 2396/4320
  ██████████████░░░░░░░░░░░  56%  Streaming frame 2397/4320
  ██████████████░░░░░░░░░░░  56%  Streaming frame 2398/4320
  ██████████████░░░░░░░░░░░  56%  Streaming frame 2399/4320
  ██████████████░░░░░░░░░░░  56%  Streaming frame 2400/4320
  ██████████████░░░░░░░░░░░  56%  Streaming frame 2401/4320
  ██████████████░░░░░░░░░░░  56%  Streaming frame 2402/4320
  ██████████████░░░░░░░░░░░  56%  Streaming frame 2403/4320
  ██████████████░░░░░░░░░░░  56%  Streaming frame 2404/4320
  ██████████████░░░░░░░░░░░  56%  Streaming frame 2405/4320
  ██████████████░░░░░░░░░░░  56%  Streaming frame 2406/4320
  ██████████████░░░░░░░░░░░  56%  Streaming frame 2407/4320
  ██████████████░░░░░░░░░░░  56%  Streaming frame 2408/4320
  ██████████████░░░░░░░░░░░  56%  Streaming frame 2409/4320
  ██████████████░░░░░░░░░░░  56%  Streaming frame 2410/4320
  ██████████████░░░░░░░░░░░  56%  Streaming frame 2411/4320
  ██████████████░░░░░░░░░░░  56%  Streaming frame 2412/4320
  ██████████████░░░░░░░░░░░  56%  Streaming frame 2413/4320
  ██████████████░░░░░░░░░░░  56%  Streaming frame 2414/4320
  ██████████████░░░░░░░░░░░  56%  Streaming frame 2415/4320
  ██████████████░░░░░░░░░░░  56%  Streaming frame 2416/4320
  ██████████████░░░░░░░░░░░  56%  Streaming frame 2417/4320
  ██████████████░░░░░░░░░░░  56%  Streaming frame 2418/4320
  ██████████████░░░░░░░░░░░  56%  Streaming frame 2419/4320
  ██████████████░░░░░░░░░░░  56%  Streaming frame 2420/4320
  ██████████████░░░░░░░░░░░  56%  Streaming frame 2421/4320
  ██████████████░░░░░░░░░░░  56%  Streaming frame 2422/4320
  ██████████████░░░░░░░░░░░  56%  Streaming frame 2423/4320
  ██████████████░░░░░░░░░░░  56%  Streaming frame 2424/4320
  ██████████████░░░░░░░░░░░  56%  Streaming frame 2425/4320
  ██████████████░░░░░░░░░░░  56%  Streaming frame 2426/4320
  ██████████████░░░░░░░░░░░  56%  Streaming frame 2427/4320
  ██████████████░░░░░░░░░░░  56%  Streaming frame 2428/4320
  ██████████████░░░░░░░░░░░  56%  Streaming frame 2429/4320
  ██████████████░░░░░░░░░░░  56%  Streaming frame 2430/4320
  ██████████████░░░░░░░░░░░  56%  Streaming frame 2431/4320
  ██████████████░░░░░░░░░░░  56%  Streaming frame 2432/4320
  ██████████████░░░░░░░░░░░  56%  Streaming frame 2433/4320
  ██████████████░░░░░░░░░░░  56%  Streaming frame 2434/4320
  ██████████████░░░░░░░░░░░  56%  Streaming frame 2435/4320
  ██████████████░░░░░░░░░░░  56%  Streaming frame 2436/4320
  ██████████████░░░░░░░░░░░  56%  Streaming frame 2437/4320
  ██████████████░░░░░░░░░░░  56%  Streaming frame 2438/4320
  ██████████████░░░░░░░░░░░  56%  Streaming frame 2439/4320
  ██████████████░░░░░░░░░░░  56%  Streaming frame 2440/4320
  ██████████████░░░░░░░░░░░  56%  Streaming frame 2441/4320
  ██████████████░░░░░░░░░░░  56%  Streaming frame 2442/4320
  ██████████████░░░░░░░░░░░  56%  Streaming frame 2443/4320
  ██████████████░░░░░░░░░░░  56%  Streaming frame 2444/4320
  ██████████████░░░░░░░░░░░  56%  Streaming frame 2445/4320
  ██████████████░░░░░░░░░░░  56%  Streaming frame 2446/4320
  ██████████████░░░░░░░░░░░  56%  Streaming frame 2447/4320
  ██████████████░░░░░░░░░░░  56%  Streaming frame 2448/4320
  ██████████████░░░░░░░░░░░  56%  Streaming frame 2449/4320
  ██████████████░░░░░░░░░░░  56%  Streaming frame 2450/4320
  ██████████████░░░░░░░░░░░  56%  Streaming frame 2451/4320
  ██████████████░░░░░░░░░░░  56%  Streaming frame 2452/4320
  ██████████████░░░░░░░░░░░  56%  Streaming frame 2453/4320
  ██████████████░░░░░░░░░░░  56%  Streaming frame 2454/4320
  ██████████████░░░░░░░░░░░  56%  Streaming frame 2455/4320
  ██████████████░░░░░░░░░░░  56%  Streaming frame 2456/4320
  ██████████████░░░░░░░░░░░  56%  Streaming frame 2457/4320
  ██████████████░░░░░░░░░░░  56%  Streaming frame 2458/4320
  ██████████████░░░░░░░░░░░  56%  Streaming frame 2459/4320
  ██████████████░░░░░░░░░░░  56%  Streaming frame 2460/4320
  ██████████████░░░░░░░░░░░  56%  Streaming frame 2461/4320
  ██████████████░░░░░░░░░░░  56%  Streaming frame 2462/4320
  ██████████████░░░░░░░░░░░  56%  Streaming frame 2463/4320
  ██████████████░░░░░░░░░░░  56%  Streaming frame 2464/4320
  ██████████████░░░░░░░░░░░  56%  Streaming frame 2465/4320
  ██████████████░░░░░░░░░░░  56%  Streaming frame 2466/4320
  ██████████████░░░░░░░░░░░  56%  Streaming frame 2467/4320
  ██████████████░░░░░░░░░░░  56%  Streaming frame 2468/4320
  ██████████████░░░░░░░░░░░  56%  Streaming frame 2469/4320
  ██████████████░░░░░░░░░░░  56%  Streaming frame 2470/4320
  ██████████████░░░░░░░░░░░  56%  Streaming frame 2471/4320
  ██████████████░░░░░░░░░░░  56%  Streaming frame 2472/4320
  ██████████████░░░░░░░░░░░  56%  Streaming frame 2473/4320
  ██████████████░░░░░░░░░░░  56%  Streaming frame 2474/4320
  ██████████████░░░░░░░░░░░  57%  Streaming frame 2475/4320
  ██████████████░░░░░░░░░░░  57%  Streaming frame 2476/4320
  ██████████████░░░░░░░░░░░  57%  Streaming frame 2477/4320
  ██████████████░░░░░░░░░░░  57%  Streaming frame 2478/4320
  ██████████████░░░░░░░░░░░  57%  Streaming frame 2479/4320
  ██████████████░░░░░░░░░░░  57%  Streaming frame 2480/4320
  ██████████████░░░░░░░░░░░  57%  Streaming frame 2481/4320
  ██████████████░░░░░░░░░░░  57%  Streaming frame 2482/4320
  ██████████████░░░░░░░░░░░  57%  Streaming frame 2483/4320
  ██████████████░░░░░░░░░░░  57%  Streaming frame 2484/4320
  ██████████████░░░░░░░░░░░  57%  Streaming frame 2485/4320
  ██████████████░░░░░░░░░░░  57%  Streaming frame 2486/4320
  ██████████████░░░░░░░░░░░  57%  Streaming frame 2487/4320
  ██████████████░░░░░░░░░░░  57%  Streaming frame 2488/4320
  ██████████████░░░░░░░░░░░  57%  Streaming frame 2489/4320
  ██████████████░░░░░░░░░░░  57%  Streaming frame 2490/4320
  ██████████████░░░░░░░░░░░  57%  Streaming frame 2491/4320
  ██████████████░░░░░░░░░░░  57%  Streaming frame 2492/4320
  ██████████████░░░░░░░░░░░  57%  Streaming frame 2493/4320
  ██████████████░░░░░░░░░░░  57%  Streaming frame 2494/4320
  ██████████████░░░░░░░░░░░  57%  Streaming frame 2495/4320
  ██████████████░░░░░░░░░░░  57%  Streaming frame 2496/4320
  ██████████████░░░░░░░░░░░  57%  Streaming frame 2497/4320
  ██████████████░░░░░░░░░░░  57%  Streaming frame 2498/4320
  ██████████████░░░░░░░░░░░  57%  Streaming frame 2499/4320
  ██████████████░░░░░░░░░░░  57%  Streaming frame 2500/4320
  ██████████████░░░░░░░░░░░  57%  Streaming frame 2501/4320
  ██████████████░░░░░░░░░░░  57%  Streaming frame 2502/4320
  ██████████████░░░░░░░░░░░  57%  Streaming frame 2503/4320
  ██████████████░░░░░░░░░░░  57%  Streaming frame 2504/4320
  ██████████████░░░░░░░░░░░  57%  Streaming frame 2505/4320
  ██████████████░░░░░░░░░░░  57%  Streaming frame 2506/4320
  ██████████████░░░░░░░░░░░  57%  Streaming frame 2507/4320
  ██████████████░░░░░░░░░░░  57%  Streaming frame 2508/4320
  ██████████████░░░░░░░░░░░  57%  Streaming frame 2509/4320
  ██████████████░░░░░░░░░░░  57%  Streaming frame 2510/4320
  ██████████████░░░░░░░░░░░  57%  Streaming frame 2511/4320
  ██████████████░░░░░░░░░░░  57%  Streaming frame 2512/4320
  ██████████████░░░░░░░░░░░  57%  Streaming frame 2513/4320
  ██████████████░░░░░░░░░░░  57%  Streaming frame 2514/4320
  ██████████████░░░░░░░░░░░  57%  Streaming frame 2515/4320
  ██████████████░░░░░░░░░░░  57%  Streaming frame 2516/4320
  ██████████████░░░░░░░░░░░  57%  Streaming frame 2517/4320
  ██████████████░░░░░░░░░░░  57%  Streaming frame 2518/4320
  ██████████████░░░░░░░░░░░  57%  Streaming frame 2519/4320
  ██████████████░░░░░░░░░░░  57%  Streaming frame 2520/4320
  ██████████████░░░░░░░░░░░  57%  Streaming frame 2521/4320
  ██████████████░░░░░░░░░░░  57%  Streaming frame 2522/4320
  ██████████████░░░░░░░░░░░  57%  Streaming frame 2523/4320
  ██████████████░░░░░░░░░░░  57%  Streaming frame 2524/4320
  ██████████████░░░░░░░░░░░  57%  Streaming frame 2525/4320
  ██████████████░░░░░░░░░░░  57%  Streaming frame 2526/4320
  ██████████████░░░░░░░░░░░  57%  Streaming frame 2527/4320
  ██████████████░░░░░░░░░░░  57%  Streaming frame 2528/4320
  ██████████████░░░░░░░░░░░  57%  Streaming frame 2529/4320
  ██████████████░░░░░░░░░░░  57%  Streaming frame 2530/4320
  ██████████████░░░░░░░░░░░  57%  Streaming frame 2531/4320
  ██████████████░░░░░░░░░░░  57%  Streaming frame 2532/4320
  ██████████████░░░░░░░░░░░  57%  Streaming frame 2533/4320
  ██████████████░░░░░░░░░░░  57%  Streaming frame 2534/4320
  ██████████████░░░░░░░░░░░  57%  Streaming frame 2535/4320
  ██████████████░░░░░░░░░░░  57%  Streaming frame 2536/4320
  ██████████████░░░░░░░░░░░  57%  Streaming frame 2537/4320
  ██████████████░░░░░░░░░░░  57%  Streaming frame 2538/4320
  ██████████████░░░░░░░░░░░  57%  Streaming frame 2539/4320
  ██████████████░░░░░░░░░░░  57%  Streaming frame 2540/4320
  ██████████████░░░░░░░░░░░  57%  Streaming frame 2541/4320
  ██████████████░░░░░░░░░░░  57%  Streaming frame 2542/4320
  ██████████████░░░░░░░░░░░  57%  Streaming frame 2543/4320
  ██████████████░░░░░░░░░░░  57%  Streaming frame 2544/4320
  ██████████████░░░░░░░░░░░  57%  Streaming frame 2545/4320
  ██████████████░░░░░░░░░░░  57%  Streaming frame 2546/4320
  ██████████████░░░░░░░░░░░  57%  Streaming frame 2547/4320
  ██████████████░░░░░░░░░░░  57%  Streaming frame 2548/4320
  ██████████████░░░░░░░░░░░  57%  Streaming frame 2549/4320
  ██████████████░░░░░░░░░░░  57%  Streaming frame 2550/4320
  ██████████████░░░░░░░░░░░  57%  Streaming frame 2551/4320
  ██████████████░░░░░░░░░░░  57%  Streaming frame 2552/4320
  ██████████████░░░░░░░░░░░  58%  Streaming frame 2553/4320
  ██████████████░░░░░░░░░░░  58%  Streaming frame 2554/4320
  ██████████████░░░░░░░░░░░  58%  Streaming frame 2555/4320
  ██████████████░░░░░░░░░░░  58%  Streaming frame 2556/4320
  ██████████████░░░░░░░░░░░  58%  Streaming frame 2557/4320
  ██████████████░░░░░░░░░░░  58%  Streaming frame 2558/4320
  ██████████████░░░░░░░░░░░  58%  Streaming frame 2559/4320
[NativeFrameTransport] {"event":"progress","atUnixMs":1788976447594,"registrations":2560,"requests":2559,"completed":2559,"head":0,"rejected":0,"errors":0,"aborted":0,"peakStreams":1,"peakSourceDescriptors":1,"bytes":6280792911,"base64Fallbacks":0,"entries":2560,"activeStreams":0,"activeSourceDescriptors":0,"closed":false,"failed":false,"mode":"same-origin-url"}
  ██████████████░░░░░░░░░░░  58%  Streaming frame 2560/4320
  ██████████████░░░░░░░░░░░  58%  Streaming frame 2561/4320
  ██████████████░░░░░░░░░░░  58%  Streaming frame 2562/4320
  ██████████████░░░░░░░░░░░  58%  Streaming frame 2563/4320
  ██████████████░░░░░░░░░░░  58%  Streaming frame 2564/4320
  ██████████████░░░░░░░░░░░  58%  Streaming frame 2565/4320
  ██████████████░░░░░░░░░░░  58%  Streaming frame 2566/4320
  ██████████████░░░░░░░░░░░  58%  Streaming frame 2567/4320
  ██████████████░░░░░░░░░░░  58%  Streaming frame 2568/4320
  ██████████████░░░░░░░░░░░  58%  Streaming frame 2569/4320
  ██████████████░░░░░░░░░░░  58%  Streaming frame 2570/4320
  ██████████████░░░░░░░░░░░  58%  Streaming frame 2571/4320
  ██████████████░░░░░░░░░░░  58%  Streaming frame 2572/4320
  ██████████████░░░░░░░░░░░  58%  Streaming frame 2573/4320
  ██████████████░░░░░░░░░░░  58%  Streaming frame 2574/4320
  ██████████████░░░░░░░░░░░  58%  Streaming frame 2575/4320
  ██████████████░░░░░░░░░░░  58%  Streaming frame 2576/4320
  ██████████████░░░░░░░░░░░  58%  Streaming frame 2577/4320
  ██████████████░░░░░░░░░░░  58%  Streaming frame 2578/4320
  ██████████████░░░░░░░░░░░  58%  Streaming frame 2579/4320
  ██████████████░░░░░░░░░░░  58%  Streaming frame 2580/4320
  ██████████████░░░░░░░░░░░  58%  Streaming frame 2581/4320
  ██████████████░░░░░░░░░░░  58%  Streaming frame 2582/4320
  ██████████████░░░░░░░░░░░  58%  Streaming frame 2583/4320
  ██████████████░░░░░░░░░░░  58%  Streaming frame 2584/4320
  ██████████████░░░░░░░░░░░  58%  Streaming frame 2585/4320
  ██████████████░░░░░░░░░░░  58%  Streaming frame 2586/4320
  ██████████████░░░░░░░░░░░  58%  Streaming frame 2587/4320
  ██████████████░░░░░░░░░░░  58%  Streaming frame 2588/4320
  ██████████████░░░░░░░░░░░  58%  Streaming frame 2589/4320
  ██████████████░░░░░░░░░░░  58%  Streaming frame 2590/4320
  ██████████████░░░░░░░░░░░  58%  Streaming frame 2591/4320
  ██████████████░░░░░░░░░░░  58%  Streaming frame 2592/4320
  ██████████████░░░░░░░░░░░  58%  Streaming frame 2593/4320
  ██████████████░░░░░░░░░░░  58%  Streaming frame 2594/4320
  ██████████████░░░░░░░░░░░  58%  Streaming frame 2595/4320
  ██████████████░░░░░░░░░░░  58%  Streaming frame 2596/4320
  ██████████████░░░░░░░░░░░  58%  Streaming frame 2597/4320
  ██████████████░░░░░░░░░░░  58%  Streaming frame 2598/4320
  ██████████████░░░░░░░░░░░  58%  Streaming frame 2599/4320
  ██████████████░░░░░░░░░░░  58%  Streaming frame 2600/4320
  ██████████████░░░░░░░░░░░  58%  Streaming frame 2601/4320
  ██████████████░░░░░░░░░░░  58%  Streaming frame 2602/4320
  ██████████████░░░░░░░░░░░  58%  Streaming frame 2603/4320
  ██████████████░░░░░░░░░░░  58%  Streaming frame 2604/4320
  ██████████████░░░░░░░░░░░  58%  Streaming frame 2605/4320
  ██████████████░░░░░░░░░░░  58%  Streaming frame 2606/4320
  ██████████████░░░░░░░░░░░  58%  Streaming frame 2607/4320
  ██████████████░░░░░░░░░░░  58%  Streaming frame 2608/4320
  ██████████████░░░░░░░░░░░  58%  Streaming frame 2609/4320
  ██████████████░░░░░░░░░░░  58%  Streaming frame 2610/4320
  ██████████████░░░░░░░░░░░  58%  Streaming frame 2611/4320
  ██████████████░░░░░░░░░░░  58%  Streaming frame 2612/4320
  ██████████████░░░░░░░░░░░  58%  Streaming frame 2613/4320
  ██████████████░░░░░░░░░░░  58%  Streaming frame 2614/4320
  ██████████████░░░░░░░░░░░  58%  Streaming frame 2615/4320
  ██████████████░░░░░░░░░░░  58%  Streaming frame 2616/4320
  ██████████████░░░░░░░░░░░  58%  Streaming frame 2617/4320
  ██████████████░░░░░░░░░░░  58%  Streaming frame 2618/4320
  ██████████████░░░░░░░░░░░  58%  Streaming frame 2619/4320
  ██████████████░░░░░░░░░░░  58%  Streaming frame 2620/4320
  ██████████████░░░░░░░░░░░  58%  Streaming frame 2621/4320
  ██████████████░░░░░░░░░░░  58%  Streaming frame 2622/4320
  ██████████████░░░░░░░░░░░  58%  Streaming frame 2623/4320
  ██████████████░░░░░░░░░░░  58%  Streaming frame 2624/4320
  ██████████████░░░░░░░░░░░  58%  Streaming frame 2625/4320
  ██████████████░░░░░░░░░░░  58%  Streaming frame 2626/4320
  ██████████████░░░░░░░░░░░  58%  Streaming frame 2627/4320
  ██████████████░░░░░░░░░░░  58%  Streaming frame 2628/4320
  ██████████████░░░░░░░░░░░  58%  Streaming frame 2629/4320
  ██████████████░░░░░░░░░░░  58%  Streaming frame 2630/4320
  ██████████████░░░░░░░░░░░  58%  Streaming frame 2631/4320
  ██████████████░░░░░░░░░░░  59%  Streaming frame 2632/4320
  ██████████████░░░░░░░░░░░  59%  Streaming frame 2633/4320
  ██████████████░░░░░░░░░░░  59%  Streaming frame 2634/4320
  ██████████████░░░░░░░░░░░  59%  Streaming frame 2635/4320
  ██████████████░░░░░░░░░░░  59%  Streaming frame 2636/4320
  ██████████████░░░░░░░░░░░  59%  Streaming frame 2637/4320
  ██████████████░░░░░░░░░░░  59%  Streaming frame 2638/4320
  ██████████████░░░░░░░░░░░  59%  Streaming frame 2639/4320
  ██████████████░░░░░░░░░░░  59%  Streaming frame 2640/4320
  ██████████████░░░░░░░░░░░  59%  Streaming frame 2641/4320
  ██████████████░░░░░░░░░░░  59%  Streaming frame 2642/4320
  ██████████████░░░░░░░░░░░  59%  Streaming frame 2643/4320
  ██████████████░░░░░░░░░░░  59%  Streaming frame 2644/4320
  ██████████████░░░░░░░░░░░  59%  Streaming frame 2645/4320
  ██████████████░░░░░░░░░░░  59%  Streaming frame 2646/4320
  ██████████████░░░░░░░░░░░  59%  Streaming frame 2647/4320
  ██████████████░░░░░░░░░░░  59%  Streaming frame 2648/4320
  ██████████████░░░░░░░░░░░  59%  Streaming frame 2649/4320
  ██████████████░░░░░░░░░░░  59%  Streaming frame 2650/4320
  ██████████████░░░░░░░░░░░  59%  Streaming frame 2651/4320
  ██████████████░░░░░░░░░░░  59%  Streaming frame 2652/4320
  ██████████████░░░░░░░░░░░  59%  Streaming frame 2653/4320
  ██████████████░░░░░░░░░░░  59%  Streaming frame 2654/4320
  ██████████████░░░░░░░░░░░  59%  Streaming frame 2655/4320
  ██████████████░░░░░░░░░░░  59%  Streaming frame 2656/4320
  ██████████████░░░░░░░░░░░  59%  Streaming frame 2657/4320
  ██████████████░░░░░░░░░░░  59%  Streaming frame 2658/4320
  ██████████████░░░░░░░░░░░  59%  Streaming frame 2659/4320
  ██████████████░░░░░░░░░░░  59%  Streaming frame 2660/4320
  ██████████████░░░░░░░░░░░  59%  Streaming frame 2661/4320
  ██████████████░░░░░░░░░░░  59%  Streaming frame 2662/4320
  ██████████████░░░░░░░░░░░  59%  Streaming frame 2663/4320
  ██████████████░░░░░░░░░░░  59%  Streaming frame 2664/4320
  ██████████████░░░░░░░░░░░  59%  Streaming frame 2665/4320
  ██████████████░░░░░░░░░░░  59%  Streaming frame 2666/4320
  ██████████████░░░░░░░░░░░  59%  Streaming frame 2667/4320
  ██████████████░░░░░░░░░░░  59%  Streaming frame 2668/4320
  ██████████████░░░░░░░░░░░  59%  Streaming frame 2669/4320
  ██████████████░░░░░░░░░░░  59%  Streaming frame 2670/4320
  ██████████████░░░░░░░░░░░  59%  Streaming frame 2671/4320
  ██████████████░░░░░░░░░░░  59%  Streaming frame 2672/4320
  ██████████████░░░░░░░░░░░  59%  Streaming frame 2673/4320
  ██████████████░░░░░░░░░░░  59%  Streaming frame 2674/4320
  ██████████████░░░░░░░░░░░  59%  Streaming frame 2675/4320
  ██████████████░░░░░░░░░░░  59%  Streaming frame 2676/4320
  ██████████████░░░░░░░░░░░  59%  Streaming frame 2677/4320
  ██████████████░░░░░░░░░░░  59%  Streaming frame 2678/4320
  ██████████████░░░░░░░░░░░  59%  Streaming frame 2679/4320
  ██████████████░░░░░░░░░░░  59%  Streaming frame 2680/4320
  ██████████████░░░░░░░░░░░  59%  Streaming frame 2681/4320
  ██████████████░░░░░░░░░░░  59%  Streaming frame 2682/4320
[INFO] [Render:trace] {"renderJobId":"5a7093f0-e08a-4e3a-b497-59831d057bf9","phase":"capture_streaming","status":"checkpoint","elapsedMs":274441,"message":"stage still running","stagePhase":"capturing","workerCount":1,"forceScreenshot":true,"totalFrames":4320,"framesCompleted":2682,"captureMode":"screenshot","captureOperation":"captureScreenshot","heartbeatIndex":4,"stageElapsedMs":240006}
  ██████████████░░░░░░░░░░░  59%  Streaming frame 2683/4320
  ██████████████░░░░░░░░░░░  59%  Streaming frame 2684/4320
  ██████████████░░░░░░░░░░░  59%  Streaming frame 2685/4320
  ██████████████░░░░░░░░░░░  59%  Streaming frame 2686/4320
  ██████████████░░░░░░░░░░░  59%  Streaming frame 2687/4320
  ██████████████░░░░░░░░░░░  59%  Streaming frame 2688/4320
  ██████████████░░░░░░░░░░░  59%  Streaming frame 2689/4320
  ██████████████░░░░░░░░░░░  59%  Streaming frame 2690/4320
  ██████████████░░░░░░░░░░░  59%  Streaming frame 2691/4320
  ██████████████░░░░░░░░░░░  59%  Streaming frame 2692/4320
  ██████████████░░░░░░░░░░░  59%  Streaming frame 2693/4320
  ██████████████░░░░░░░░░░░  59%  Streaming frame 2694/4320
  ██████████████░░░░░░░░░░░  59%  Streaming frame 2695/4320
  ██████████████░░░░░░░░░░░  59%  Streaming frame 2696/4320
  ██████████████░░░░░░░░░░░  59%  Streaming frame 2697/4320
  ██████████████░░░░░░░░░░░  59%  Streaming frame 2698/4320
  ██████████████░░░░░░░░░░░  59%  Streaming frame 2699/4320
  ██████████████░░░░░░░░░░░  59%  Streaming frame 2700/4320
  ██████████████░░░░░░░░░░░  59%  Streaming frame 2701/4320
  ██████████████░░░░░░░░░░░  59%  Streaming frame 2702/4320
  ██████████████░░░░░░░░░░░  59%  Streaming frame 2703/4320
  ██████████████░░░░░░░░░░░  59%  Streaming frame 2704/4320
  ██████████████░░░░░░░░░░░  59%  Streaming frame 2705/4320
  ██████████████░░░░░░░░░░░  59%  Streaming frame 2706/4320
  ██████████████░░░░░░░░░░░  59%  Streaming frame 2707/4320
  ██████████████░░░░░░░░░░░  59%  Streaming frame 2708/4320
  ██████████████░░░░░░░░░░░  59%  Streaming frame 2709/4320
  ███████████████░░░░░░░░░░  60%  Streaming frame 2710/4320
  ███████████████░░░░░░░░░░  60%  Streaming frame 2711/4320
  ███████████████░░░░░░░░░░  60%  Streaming frame 2712/4320
  ███████████████░░░░░░░░░░  60%  Streaming frame 2713/4320
  ███████████████░░░░░░░░░░  60%  Streaming frame 2714/4320
  ███████████████░░░░░░░░░░  60%  Streaming frame 2715/4320
  ███████████████░░░░░░░░░░  60%  Streaming frame 2716/4320
  ███████████████░░░░░░░░░░  60%  Streaming frame 2717/4320
  ███████████████░░░░░░░░░░  60%  Streaming frame 2718/4320
  ███████████████░░░░░░░░░░  60%  Streaming frame 2719/4320
  ███████████████░░░░░░░░░░  60%  Streaming frame 2720/4320
  ███████████████░░░░░░░░░░  60%  Streaming frame 2721/4320
  ███████████████░░░░░░░░░░  60%  Streaming frame 2722/4320
  ███████████████░░░░░░░░░░  60%  Streaming frame 2723/4320
  ███████████████░░░░░░░░░░  60%  Streaming frame 2724/4320
  ███████████████░░░░░░░░░░  60%  Streaming frame 2725/4320
  ███████████████░░░░░░░░░░  60%  Streaming frame 2726/4320
  ███████████████░░░░░░░░░░  60%  Streaming frame 2727/4320
  ███████████████░░░░░░░░░░  60%  Streaming frame 2728/4320
  ███████████████░░░░░░░░░░  60%  Streaming frame 2729/4320
  ███████████████░░░░░░░░░░  60%  Streaming frame 2730/4320
  ███████████████░░░░░░░░░░  60%  Streaming frame 2731/4320
  ███████████████░░░░░░░░░░  60%  Streaming frame 2732/4320
  ███████████████░░░░░░░░░░  60%  Streaming frame 2733/4320
  ███████████████░░░░░░░░░░  60%  Streaming frame 2734/4320
  ███████████████░░░░░░░░░░  60%  Streaming frame 2735/4320
  ███████████████░░░░░░░░░░  60%  Streaming frame 2736/4320
  ███████████████░░░░░░░░░░  60%  Streaming frame 2737/4320
  ███████████████░░░░░░░░░░  60%  Streaming frame 2738/4320
  ███████████████░░░░░░░░░░  60%  Streaming frame 2739/4320
  ███████████████░░░░░░░░░░  60%  Streaming frame 2740/4320
  ███████████████░░░░░░░░░░  60%  Streaming frame 2741/4320
  ███████████████░░░░░░░░░░  60%  Streaming frame 2742/4320
  ███████████████░░░░░░░░░░  60%  Streaming frame 2743/4320
  ███████████████░░░░░░░░░░  60%  Streaming frame 2744/4320
  ███████████████░░░░░░░░░░  60%  Streaming frame 2745/4320
  ███████████████░░░░░░░░░░  60%  Streaming frame 2746/4320
  ███████████████░░░░░░░░░░  60%  Streaming frame 2747/4320
  ███████████████░░░░░░░░░░  60%  Streaming frame 2748/4320
  ███████████████░░░░░░░░░░  60%  Streaming frame 2749/4320
  ███████████████░░░░░░░░░░  60%  Streaming frame 2750/4320
  ███████████████░░░░░░░░░░  60%  Streaming frame 2751/4320
  ███████████████░░░░░░░░░░  60%  Streaming frame 2752/4320
  ███████████████░░░░░░░░░░  60%  Streaming frame 2753/4320
  ███████████████░░░░░░░░░░  60%  Streaming frame 2754/4320
  ███████████████░░░░░░░░░░  60%  Streaming frame 2755/4320
  ███████████████░░░░░░░░░░  60%  Streaming frame 2756/4320
  ███████████████░░░░░░░░░░  60%  Streaming frame 2757/4320
  ███████████████░░░░░░░░░░  60%  Streaming frame 2758/4320
  ███████████████░░░░░░░░░░  60%  Streaming frame 2759/4320
  ███████████████░░░░░░░░░░  60%  Streaming frame 2760/4320
  ███████████████░░░░░░░░░░  60%  Streaming frame 2761/4320
  ███████████████░░░░░░░░░░  60%  Streaming frame 2762/4320
  ███████████████░░░░░░░░░░  60%  Streaming frame 2763/4320
  ███████████████░░░░░░░░░░  60%  Streaming frame 2764/4320
  ███████████████░░░░░░░░░░  60%  Streaming frame 2765/4320
  ███████████████░░░░░░░░░░  60%  Streaming frame 2766/4320
  ███████████████░░░░░░░░░░  60%  Streaming frame 2767/4320
  ███████████████░░░░░░░░░░  60%  Streaming frame 2768/4320
  ███████████████░░░░░░░░░░  60%  Streaming frame 2769/4320
  ███████████████░░░░░░░░░░  60%  Streaming frame 2770/4320
  ███████████████░░░░░░░░░░  60%  Streaming frame 2771/4320
  ███████████████░░░░░░░░░░  60%  Streaming frame 2772/4320
  ███████████████░░░░░░░░░░  60%  Streaming frame 2773/4320
  ███████████████░░░░░░░░░░  60%  Streaming frame 2774/4320
  ███████████████░░░░░░░░░░  60%  Streaming frame 2775/4320
  ███████████████░░░░░░░░░░  60%  Streaming frame 2776/4320
  ███████████████░░░░░░░░░░  60%  Streaming frame 2777/4320
  ███████████████░░░░░░░░░░  60%  Streaming frame 2778/4320
  ███████████████░░░░░░░░░░  60%  Streaming frame 2779/4320
  ███████████████░░░░░░░░░░  60%  Streaming frame 2780/4320
  ███████████████░░░░░░░░░░  60%  Streaming frame 2781/4320
  ███████████████░░░░░░░░░░  60%  Streaming frame 2782/4320
  ███████████████░░░░░░░░░░  60%  Streaming frame 2783/4320
  ███████████████░░░░░░░░░░  60%  Streaming frame 2784/4320
  ███████████████░░░░░░░░░░  60%  Streaming frame 2785/4320
  ███████████████░░░░░░░░░░  60%  Streaming frame 2786/4320
  ███████████████░░░░░░░░░░  60%  Streaming frame 2787/4320
  ███████████████░░░░░░░░░░  60%  Streaming frame 2788/4320
  ███████████████░░░░░░░░░░  61%  Streaming frame 2789/4320
  ███████████████░░░░░░░░░░  61%  Streaming frame 2790/4320
  ███████████████░░░░░░░░░░  61%  Streaming frame 2791/4320
  ███████████████░░░░░░░░░░  61%  Streaming frame 2792/4320
  ███████████████░░░░░░░░░░  61%  Streaming frame 2793/4320
  ███████████████░░░░░░░░░░  61%  Streaming frame 2794/4320
  ███████████████░░░░░░░░░░  61%  Streaming frame 2795/4320
  ███████████████░░░░░░░░░░  61%  Streaming frame 2796/4320
  ███████████████░░░░░░░░░░  61%  Streaming frame 2797/4320
  ███████████████░░░░░░░░░░  61%  Streaming frame 2798/4320
  ███████████████░░░░░░░░░░  61%  Streaming frame 2799/4320
  ███████████████░░░░░░░░░░  61%  Streaming frame 2800/4320
  ███████████████░░░░░░░░░░  61%  Streaming frame 2801/4320
  ███████████████░░░░░░░░░░  61%  Streaming frame 2802/4320
  ███████████████░░░░░░░░░░  61%  Streaming frame 2803/4320
  ███████████████░░░░░░░░░░  61%  Streaming frame 2804/4320
  ███████████████░░░░░░░░░░  61%  Streaming frame 2805/4320
  ███████████████░░░░░░░░░░  61%  Streaming frame 2806/4320
  ███████████████░░░░░░░░░░  61%  Streaming frame 2807/4320
  ███████████████░░░░░░░░░░  61%  Streaming frame 2808/4320
  ███████████████░░░░░░░░░░  61%  Streaming frame 2809/4320
  ███████████████░░░░░░░░░░  61%  Streaming frame 2810/4320
  ███████████████░░░░░░░░░░  61%  Streaming frame 2811/4320
  ███████████████░░░░░░░░░░  61%  Streaming frame 2812/4320
  ███████████████░░░░░░░░░░  61%  Streaming frame 2813/4320
  ███████████████░░░░░░░░░░  61%  Streaming frame 2814/4320
  ███████████████░░░░░░░░░░  61%  Streaming frame 2815/4320
[NativeFrameTransport] {"event":"progress","atUnixMs":1788976470980,"registrations":2816,"requests":2815,"completed":2815,"head":0,"rejected":0,"errors":0,"aborted":0,"peakStreams":1,"peakSourceDescriptors":1,"bytes":6898742249,"base64Fallbacks":0,"entries":2816,"activeStreams":0,"activeSourceDescriptors":0,"closed":false,"failed":false,"mode":"same-origin-url"}
  ███████████████░░░░░░░░░░  61%  Streaming frame 2816/4320
  ███████████████░░░░░░░░░░  61%  Streaming frame 2817/4320
  ███████████████░░░░░░░░░░  61%  Streaming frame 2818/4320
  ███████████████░░░░░░░░░░  61%  Streaming frame 2819/4320
  ███████████████░░░░░░░░░░  61%  Streaming frame 2820/4320
  ███████████████░░░░░░░░░░  61%  Streaming frame 2821/4320
  ███████████████░░░░░░░░░░  61%  Streaming frame 2822/4320
  ███████████████░░░░░░░░░░  61%  Streaming frame 2823/4320
  ███████████████░░░░░░░░░░  61%  Streaming frame 2824/4320
  ███████████████░░░░░░░░░░  61%  Streaming frame 2825/4320
  ███████████████░░░░░░░░░░  61%  Streaming frame 2826/4320
  ███████████████░░░░░░░░░░  61%  Streaming frame 2827/4320
  ███████████████░░░░░░░░░░  61%  Streaming frame 2828/4320
  ███████████████░░░░░░░░░░  61%  Streaming frame 2829/4320
  ███████████████░░░░░░░░░░  61%  Streaming frame 2830/4320
  ███████████████░░░░░░░░░░  61%  Streaming frame 2831/4320
  ███████████████░░░░░░░░░░  61%  Streaming frame 2832/4320
  ███████████████░░░░░░░░░░  61%  Streaming frame 2833/4320
  ███████████████░░░░░░░░░░  61%  Streaming frame 2834/4320
  ███████████████░░░░░░░░░░  61%  Streaming frame 2835/4320
  ███████████████░░░░░░░░░░  61%  Streaming frame 2836/4320
  ███████████████░░░░░░░░░░  61%  Streaming frame 2837/4320
  ███████████████░░░░░░░░░░  61%  Streaming frame 2838/4320
  ███████████████░░░░░░░░░░  61%  Streaming frame 2839/4320
  ███████████████░░░░░░░░░░  61%  Streaming frame 2840/4320
  ███████████████░░░░░░░░░░  61%  Streaming frame 2841/4320
  ███████████████░░░░░░░░░░  61%  Streaming frame 2842/4320
  ███████████████░░░░░░░░░░  61%  Streaming frame 2843/4320
  ███████████████░░░░░░░░░░  61%  Streaming frame 2844/4320
  ███████████████░░░░░░░░░░  61%  Streaming frame 2845/4320
  ███████████████░░░░░░░░░░  61%  Streaming frame 2846/4320
  ███████████████░░░░░░░░░░  61%  Streaming frame 2847/4320
  ███████████████░░░░░░░░░░  61%  Streaming frame 2848/4320
  ███████████████░░░░░░░░░░  61%  Streaming frame 2849/4320
  ███████████████░░░░░░░░░░  61%  Streaming frame 2850/4320
  ███████████████░░░░░░░░░░  61%  Streaming frame 2851/4320
  ███████████████░░░░░░░░░░  61%  Streaming frame 2852/4320
  ███████████████░░░░░░░░░░  61%  Streaming frame 2853/4320
  ███████████████░░░░░░░░░░  61%  Streaming frame 2854/4320
  ███████████████░░░░░░░░░░  61%  Streaming frame 2855/4320
  ███████████████░░░░░░░░░░  61%  Streaming frame 2856/4320
  ███████████████░░░░░░░░░░  61%  Streaming frame 2857/4320
  ███████████████░░░░░░░░░░  61%  Streaming frame 2858/4320
  ███████████████░░░░░░░░░░  61%  Streaming frame 2859/4320
  ███████████████░░░░░░░░░░  61%  Streaming frame 2860/4320
  ███████████████░░░░░░░░░░  61%  Streaming frame 2861/4320
  ███████████████░░░░░░░░░░  61%  Streaming frame 2862/4320
  ███████████████░░░░░░░░░░  61%  Streaming frame 2863/4320
  ███████████████░░░░░░░░░░  61%  Streaming frame 2864/4320
  ███████████████░░░░░░░░░░  61%  Streaming frame 2865/4320
  ███████████████░░░░░░░░░░  61%  Streaming frame 2866/4320
  ███████████████░░░░░░░░░░  62%  Streaming frame 2867/4320
  ███████████████░░░░░░░░░░  62%  Streaming frame 2868/4320
  ███████████████░░░░░░░░░░  62%  Streaming frame 2869/4320
  ███████████████░░░░░░░░░░  62%  Streaming frame 2870/4320
  ███████████████░░░░░░░░░░  62%  Streaming frame 2871/4320
  ███████████████░░░░░░░░░░  62%  Streaming frame 2872/4320
  ███████████████░░░░░░░░░░  62%  Streaming frame 2873/4320
  ███████████████░░░░░░░░░░  62%  Streaming frame 2874/4320
  ███████████████░░░░░░░░░░  62%  Streaming frame 2875/4320
  ███████████████░░░░░░░░░░  62%  Streaming frame 2876/4320
  ███████████████░░░░░░░░░░  62%  Streaming frame 2877/4320
  ███████████████░░░░░░░░░░  62%  Streaming frame 2878/4320
  ███████████████░░░░░░░░░░  62%  Streaming frame 2879/4320
  ███████████████░░░░░░░░░░  62%  Streaming frame 2880/4320
  ███████████████░░░░░░░░░░  62%  Streaming frame 2881/4320
  ███████████████░░░░░░░░░░  62%  Streaming frame 2882/4320
  ███████████████░░░░░░░░░░  62%  Streaming frame 2883/4320
  ███████████████░░░░░░░░░░  62%  Streaming frame 2884/4320
  ███████████████░░░░░░░░░░  62%  Streaming frame 2885/4320
  ███████████████░░░░░░░░░░  62%  Streaming frame 2886/4320
  ███████████████░░░░░░░░░░  62%  Streaming frame 2887/4320
  ███████████████░░░░░░░░░░  62%  Streaming frame 2888/4320
  ███████████████░░░░░░░░░░  62%  Streaming frame 2889/4320
  ███████████████░░░░░░░░░░  62%  Streaming frame 2890/4320
  ███████████████░░░░░░░░░░  62%  Streaming frame 2891/4320
  ███████████████░░░░░░░░░░  62%  Streaming frame 2892/4320
  ███████████████░░░░░░░░░░  62%  Streaming frame 2893/4320
  ███████████████░░░░░░░░░░  62%  Streaming frame 2894/4320
  ███████████████░░░░░░░░░░  62%  Streaming frame 2895/4320
  ███████████████░░░░░░░░░░  62%  Streaming frame 2896/4320
  ███████████████░░░░░░░░░░  62%  Streaming frame 2897/4320
  ███████████████░░░░░░░░░░  62%  Streaming frame 2898/4320
  ███████████████░░░░░░░░░░  62%  Streaming frame 2899/4320
  ███████████████░░░░░░░░░░  62%  Streaming frame 2900/4320
  ███████████████░░░░░░░░░░  62%  Streaming frame 2901/4320
  ███████████████░░░░░░░░░░  62%  Streaming frame 2902/4320
  ███████████████░░░░░░░░░░  62%  Streaming frame 2903/4320
  ███████████████░░░░░░░░░░  62%  Streaming frame 2904/4320
  ███████████████░░░░░░░░░░  62%  Streaming frame 2905/4320
  ███████████████░░░░░░░░░░  62%  Streaming frame 2906/4320
  ███████████████░░░░░░░░░░  62%  Streaming frame 2907/4320
  ███████████████░░░░░░░░░░  62%  Streaming frame 2908/4320
  ███████████████░░░░░░░░░░  62%  Streaming frame 2909/4320
  ███████████████░░░░░░░░░░  62%  Streaming frame 2910/4320
  ███████████████░░░░░░░░░░  62%  Streaming frame 2911/4320
  ███████████████░░░░░░░░░░  62%  Streaming frame 2912/4320
  ███████████████░░░░░░░░░░  62%  Streaming frame 2913/4320
  ███████████████░░░░░░░░░░  62%  Streaming frame 2914/4320
  ███████████████░░░░░░░░░░  62%  Streaming frame 2915/4320
  ███████████████░░░░░░░░░░  62%  Streaming frame 2916/4320
  ███████████████░░░░░░░░░░  62%  Streaming frame 2917/4320
  ███████████████░░░░░░░░░░  62%  Streaming frame 2918/4320
  ███████████████░░░░░░░░░░  62%  Streaming frame 2919/4320
  ███████████████░░░░░░░░░░  62%  Streaming frame 2920/4320
  ███████████████░░░░░░░░░░  62%  Streaming frame 2921/4320
  ███████████████░░░░░░░░░░  62%  Streaming frame 2922/4320
  ███████████████░░░░░░░░░░  62%  Streaming frame 2923/4320
  ███████████████░░░░░░░░░░  62%  Streaming frame 2924/4320
  ███████████████░░░░░░░░░░  62%  Streaming frame 2925/4320
  ███████████████░░░░░░░░░░  62%  Streaming frame 2926/4320
  ███████████████░░░░░░░░░░  62%  Streaming frame 2927/4320
  ███████████████░░░░░░░░░░  62%  Streaming frame 2928/4320
  ███████████████░░░░░░░░░░  62%  Streaming frame 2929/4320
  ███████████████░░░░░░░░░░  62%  Streaming frame 2930/4320
  ███████████████░░░░░░░░░░  62%  Streaming frame 2931/4320
  ███████████████░░░░░░░░░░  62%  Streaming frame 2932/4320
  ███████████████░░░░░░░░░░  62%  Streaming frame 2933/4320
  ███████████████░░░░░░░░░░  62%  Streaming frame 2934/4320
  ███████████████░░░░░░░░░░  62%  Streaming frame 2935/4320
  ███████████████░░░░░░░░░░  62%  Streaming frame 2936/4320
  ███████████████░░░░░░░░░░  62%  Streaming frame 2937/4320
  ███████████████░░░░░░░░░░  62%  Streaming frame 2938/4320
  ███████████████░░░░░░░░░░  62%  Streaming frame 2939/4320
  ███████████████░░░░░░░░░░  62%  Streaming frame 2940/4320
  ███████████████░░░░░░░░░░  62%  Streaming frame 2941/4320
  ███████████████░░░░░░░░░░  62%  Streaming frame 2942/4320
  ███████████████░░░░░░░░░░  62%  Streaming frame 2943/4320
  ███████████████░░░░░░░░░░  62%  Streaming frame 2944/4320
  ███████████████░░░░░░░░░░  62%  Streaming frame 2945/4320
  ███████████████░░░░░░░░░░  63%  Streaming frame 2946/4320
  ███████████████░░░░░░░░░░  63%  Streaming frame 2947/4320
  ███████████████░░░░░░░░░░  63%  Streaming frame 2948/4320
  ███████████████░░░░░░░░░░  63%  Streaming frame 2949/4320
  ███████████████░░░░░░░░░░  63%  Streaming frame 2950/4320
  ███████████████░░░░░░░░░░  63%  Streaming frame 2951/4320
  ███████████████░░░░░░░░░░  63%  Streaming frame 2952/4320
  ███████████████░░░░░░░░░░  63%  Streaming frame 2953/4320
  ███████████████░░░░░░░░░░  63%  Streaming frame 2954/4320
  ███████████████░░░░░░░░░░  63%  Streaming frame 2955/4320
  ███████████████░░░░░░░░░░  63%  Streaming frame 2956/4320
  ███████████████░░░░░░░░░░  63%  Streaming frame 2957/4320
  ███████████████░░░░░░░░░░  63%  Streaming frame 2958/4320
  ███████████████░░░░░░░░░░  63%  Streaming frame 2959/4320
  ███████████████░░░░░░░░░░  63%  Streaming frame 2960/4320
  ███████████████░░░░░░░░░░  63%  Streaming frame 2961/4320
  ███████████████░░░░░░░░░░  63%  Streaming frame 2962/4320
  ███████████████░░░░░░░░░░  63%  Streaming frame 2963/4320
  ███████████████░░░░░░░░░░  63%  Streaming frame 2964/4320
  ███████████████░░░░░░░░░░  63%  Streaming frame 2965/4320
  ███████████████░░░░░░░░░░  63%  Streaming frame 2966/4320
  ███████████████░░░░░░░░░░  63%  Streaming frame 2967/4320
  ███████████████░░░░░░░░░░  63%  Streaming frame 2968/4320
  ███████████████░░░░░░░░░░  63%  Streaming frame 2969/4320
  ███████████████░░░░░░░░░░  63%  Streaming frame 2970/4320
  ███████████████░░░░░░░░░░  63%  Streaming frame 2971/4320
  ███████████████░░░░░░░░░░  63%  Streaming frame 2972/4320
  ███████████████░░░░░░░░░░  63%  Streaming frame 2973/4320
  ███████████████░░░░░░░░░░  63%  Streaming frame 2974/4320
  ███████████████░░░░░░░░░░  63%  Streaming frame 2975/4320
  ███████████████░░░░░░░░░░  63%  Streaming frame 2976/4320
  ███████████████░░░░░░░░░░  63%  Streaming frame 2977/4320
  ███████████████░░░░░░░░░░  63%  Streaming frame 2978/4320
  ███████████████░░░░░░░░░░  63%  Streaming frame 2979/4320
  ███████████████░░░░░░░░░░  63%  Streaming frame 2980/4320
  ███████████████░░░░░░░░░░  63%  Streaming frame 2981/4320
  ███████████████░░░░░░░░░░  63%  Streaming frame 2982/4320
  ███████████████░░░░░░░░░░  63%  Streaming frame 2983/4320
  ███████████████░░░░░░░░░░  63%  Streaming frame 2984/4320
  ███████████████░░░░░░░░░░  63%  Streaming frame 2985/4320
  ███████████████░░░░░░░░░░  63%  Streaming frame 2986/4320
  ███████████████░░░░░░░░░░  63%  Streaming frame 2987/4320
  ███████████████░░░░░░░░░░  63%  Streaming frame 2988/4320
  ███████████████░░░░░░░░░░  63%  Streaming frame 2989/4320
  ███████████████░░░░░░░░░░  63%  Streaming frame 2990/4320
  ███████████████░░░░░░░░░░  63%  Streaming frame 2991/4320
  ███████████████░░░░░░░░░░  63%  Streaming frame 2992/4320
  ███████████████░░░░░░░░░░  63%  Streaming frame 2993/4320
  ███████████████░░░░░░░░░░  63%  Streaming frame 2994/4320
  ███████████████░░░░░░░░░░  63%  Streaming frame 2995/4320
  ███████████████░░░░░░░░░░  63%  Streaming frame 2996/4320
  ███████████████░░░░░░░░░░  63%  Streaming frame 2997/4320
  ███████████████░░░░░░░░░░  63%  Streaming frame 2998/4320
  ███████████████░░░░░░░░░░  63%  Streaming frame 2999/4320
  ███████████████░░░░░░░░░░  63%  Streaming frame 3000/4320
  ███████████████░░░░░░░░░░  63%  Streaming frame 3001/4320
  ███████████████░░░░░░░░░░  63%  Streaming frame 3002/4320
  ███████████████░░░░░░░░░░  63%  Streaming frame 3003/4320
  ███████████████░░░░░░░░░░  63%  Streaming frame 3004/4320
  ███████████████░░░░░░░░░░  63%  Streaming frame 3005/4320
  ███████████████░░░░░░░░░░  63%  Streaming frame 3006/4320
  ███████████████░░░░░░░░░░  63%  Streaming frame 3007/4320
  ███████████████░░░░░░░░░░  63%  Streaming frame 3008/4320
  ███████████████░░░░░░░░░░  63%  Streaming frame 3009/4320
  ███████████████░░░░░░░░░░  63%  Streaming frame 3010/4320
  ███████████████░░░░░░░░░░  63%  Streaming frame 3011/4320
  ███████████████░░░░░░░░░░  63%  Streaming frame 3012/4320
  ███████████████░░░░░░░░░░  63%  Streaming frame 3013/4320
  ███████████████░░░░░░░░░░  63%  Streaming frame 3014/4320
  ███████████████░░░░░░░░░░  63%  Streaming frame 3015/4320
  ███████████████░░░░░░░░░░  63%  Streaming frame 3016/4320
  ███████████████░░░░░░░░░░  63%  Streaming frame 3017/4320
  ███████████████░░░░░░░░░░  63%  Streaming frame 3018/4320
  ███████████████░░░░░░░░░░  63%  Streaming frame 3019/4320
  ███████████████░░░░░░░░░░  63%  Streaming frame 3020/4320
  ███████████████░░░░░░░░░░  63%  Streaming frame 3021/4320
  ███████████████░░░░░░░░░░  63%  Streaming frame 3022/4320
  ███████████████░░░░░░░░░░  63%  Streaming frame 3023/4320
  ████████████████░░░░░░░░░  64%  Streaming frame 3024/4320
  ████████████████░░░░░░░░░  64%  Streaming frame 3025/4320
  ████████████████░░░░░░░░░  64%  Streaming frame 3026/4320
  ████████████████░░░░░░░░░  64%  Streaming frame 3027/4320
  ████████████████░░░░░░░░░  64%  Streaming frame 3028/4320
  ████████████████░░░░░░░░░  64%  Streaming frame 3029/4320
  ████████████████░░░░░░░░░  64%  Streaming frame 3030/4320
  ████████████████░░░░░░░░░  64%  Streaming frame 3031/4320
  ████████████████░░░░░░░░░  64%  Streaming frame 3032/4320
  ████████████████░░░░░░░░░  64%  Streaming frame 3033/4320
  ████████████████░░░░░░░░░  64%  Streaming frame 3034/4320
  ████████████████░░░░░░░░░  64%  Streaming frame 3035/4320
  ████████████████░░░░░░░░░  64%  Streaming frame 3036/4320
  ████████████████░░░░░░░░░  64%  Streaming frame 3037/4320
  ████████████████░░░░░░░░░  64%  Streaming frame 3038/4320
  ████████████████░░░░░░░░░  64%  Streaming frame 3039/4320
  ████████████████░░░░░░░░░  64%  Streaming frame 3040/4320
  ████████████████░░░░░░░░░  64%  Streaming frame 3041/4320
  ████████████████░░░░░░░░░  64%  Streaming frame 3042/4320
  ████████████████░░░░░░░░░  64%  Streaming frame 3043/4320
  ████████████████░░░░░░░░░  64%  Streaming frame 3044/4320
  ████████████████░░░░░░░░░  64%  Streaming frame 3045/4320
  ████████████████░░░░░░░░░  64%  Streaming frame 3046/4320
  ████████████████░░░░░░░░░  64%  Streaming frame 3047/4320
  ████████████████░░░░░░░░░  64%  Streaming frame 3048/4320
  ████████████████░░░░░░░░░  64%  Streaming frame 3049/4320
  ████████████████░░░░░░░░░  64%  Streaming frame 3050/4320
  ████████████████░░░░░░░░░  64%  Streaming frame 3051/4320
  ████████████████░░░░░░░░░  64%  Streaming frame 3052/4320
  ████████████████░░░░░░░░░  64%  Streaming frame 3053/4320
  ████████████████░░░░░░░░░  64%  Streaming frame 3054/4320
  ████████████████░░░░░░░░░  64%  Streaming frame 3055/4320
  ████████████████░░░░░░░░░  64%  Streaming frame 3056/4320
  ████████████████░░░░░░░░░  64%  Streaming frame 3057/4320
  ████████████████░░░░░░░░░  64%  Streaming frame 3058/4320
  ████████████████░░░░░░░░░  64%  Streaming frame 3059/4320
  ████████████████░░░░░░░░░  64%  Streaming frame 3060/4320
  ████████████████░░░░░░░░░  64%  Streaming frame 3061/4320
  ████████████████░░░░░░░░░  64%  Streaming frame 3062/4320
  ████████████████░░░░░░░░░  64%  Streaming frame 3063/4320
  ████████████████░░░░░░░░░  64%  Streaming frame 3064/4320
  ████████████████░░░░░░░░░  64%  Streaming frame 3065/4320
  ████████████████░░░░░░░░░  64%  Streaming frame 3066/4320
  ████████████████░░░░░░░░░  64%  Streaming frame 3067/4320
  ████████████████░░░░░░░░░  64%  Streaming frame 3068/4320
  ████████████████░░░░░░░░░  64%  Streaming frame 3069/4320
  ████████████████░░░░░░░░░  64%  Streaming frame 3070/4320
  ████████████████░░░░░░░░░  64%  Streaming frame 3071/4320
[NativeFrameTransport] {"event":"progress","atUnixMs":1788976494243,"registrations":3072,"requests":3071,"completed":3071,"head":0,"rejected":0,"errors":0,"aborted":0,"peakStreams":1,"peakSourceDescriptors":1,"bytes":7513602631,"base64Fallbacks":0,"entries":3072,"activeStreams":0,"activeSourceDescriptors":0,"closed":false,"failed":false,"mode":"same-origin-url"}
  ████████████████░░░░░░░░░  64%  Streaming frame 3072/4320
  ████████████████░░░░░░░░░  64%  Streaming frame 3073/4320
  ████████████████░░░░░░░░░  64%  Streaming frame 3074/4320
  ████████████████░░░░░░░░░  64%  Streaming frame 3075/4320
  ████████████████░░░░░░░░░  64%  Streaming frame 3076/4320
  ████████████████░░░░░░░░░  64%  Streaming frame 3077/4320
  ████████████████░░░░░░░░░  64%  Streaming frame 3078/4320
  ████████████████░░░░░░░░░  64%  Streaming frame 3079/4320
  ████████████████░░░░░░░░░  64%  Streaming frame 3080/4320
  ████████████████░░░░░░░░░  64%  Streaming frame 3081/4320
  ████████████████░░░░░░░░░  64%  Streaming frame 3082/4320
  ████████████████░░░░░░░░░  64%  Streaming frame 3083/4320
  ████████████████░░░░░░░░░  64%  Streaming frame 3084/4320
  ████████████████░░░░░░░░░  64%  Streaming frame 3085/4320
  ████████████████░░░░░░░░░  64%  Streaming frame 3086/4320
  ████████████████░░░░░░░░░  64%  Streaming frame 3087/4320
  ████████████████░░░░░░░░░  64%  Streaming frame 3088/4320
  ████████████████░░░░░░░░░  64%  Streaming frame 3089/4320
  ████████████████░░░░░░░░░  64%  Streaming frame 3090/4320
  ████████████████░░░░░░░░░  64%  Streaming frame 3091/4320
  ████████████████░░░░░░░░░  64%  Streaming frame 3092/4320
  ████████████████░░░░░░░░░  64%  Streaming frame 3093/4320
  ████████████████░░░░░░░░░  64%  Streaming frame 3094/4320
  ████████████████░░░░░░░░░  64%  Streaming frame 3095/4320
  ████████████████░░░░░░░░░  64%  Streaming frame 3096/4320
  ████████████████░░░░░░░░░  64%  Streaming frame 3097/4320
  ████████████████░░░░░░░░░  64%  Streaming frame 3098/4320
  ████████████████░░░░░░░░░  64%  Streaming frame 3099/4320
  ████████████████░░░░░░░░░  64%  Streaming frame 3100/4320
  ████████████████░░░░░░░░░  64%  Streaming frame 3101/4320
  ████████████████░░░░░░░░░  64%  Streaming frame 3102/4320
  ████████████████░░░░░░░░░  65%  Streaming frame 3103/4320
  ████████████████░░░░░░░░░  65%  Streaming frame 3104/4320
  ████████████████░░░░░░░░░  65%  Streaming frame 3105/4320
  ████████████████░░░░░░░░░  65%  Streaming frame 3106/4320
  ████████████████░░░░░░░░░  65%  Streaming frame 3107/4320
  ████████████████░░░░░░░░░  65%  Streaming frame 3108/4320
  ████████████████░░░░░░░░░  65%  Streaming frame 3109/4320
  ████████████████░░░░░░░░░  65%  Streaming frame 3110/4320
  ████████████████░░░░░░░░░  65%  Streaming frame 3111/4320
  ████████████████░░░░░░░░░  65%  Streaming frame 3112/4320
  ████████████████░░░░░░░░░  65%  Streaming frame 3113/4320
  ████████████████░░░░░░░░░  65%  Streaming frame 3114/4320
  ████████████████░░░░░░░░░  65%  Streaming frame 3115/4320
  ████████████████░░░░░░░░░  65%  Streaming frame 3116/4320
  ████████████████░░░░░░░░░  65%  Streaming frame 3117/4320
  ████████████████░░░░░░░░░  65%  Streaming frame 3118/4320
  ████████████████░░░░░░░░░  65%  Streaming frame 3119/4320
  ████████████████░░░░░░░░░  65%  Streaming frame 3120/4320
  ████████████████░░░░░░░░░  65%  Streaming frame 3121/4320
  ████████████████░░░░░░░░░  65%  Streaming frame 3122/4320
  ████████████████░░░░░░░░░  65%  Streaming frame 3123/4320
  ████████████████░░░░░░░░░  65%  Streaming frame 3124/4320
  ████████████████░░░░░░░░░  65%  Streaming frame 3125/4320
  ████████████████░░░░░░░░░  65%  Streaming frame 3126/4320
  ████████████████░░░░░░░░░  65%  Streaming frame 3127/4320
  ████████████████░░░░░░░░░  65%  Streaming frame 3128/4320
  ████████████████░░░░░░░░░  65%  Streaming frame 3129/4320
  ████████████████░░░░░░░░░  65%  Streaming frame 3130/4320
  ████████████████░░░░░░░░░  65%  Streaming frame 3131/4320
  ████████████████░░░░░░░░░  65%  Streaming frame 3132/4320
  ████████████████░░░░░░░░░  65%  Streaming frame 3133/4320
  ████████████████░░░░░░░░░  65%  Streaming frame 3134/4320
  ████████████████░░░░░░░░░  65%  Streaming frame 3135/4320
  ████████████████░░░░░░░░░  65%  Streaming frame 3136/4320
  ████████████████░░░░░░░░░  65%  Streaming frame 3137/4320
  ████████████████░░░░░░░░░  65%  Streaming frame 3138/4320
  ████████████████░░░░░░░░░  65%  Streaming frame 3139/4320
  ████████████████░░░░░░░░░  65%  Streaming frame 3140/4320
  ████████████████░░░░░░░░░  65%  Streaming frame 3141/4320
  ████████████████░░░░░░░░░  65%  Streaming frame 3142/4320
  ████████████████░░░░░░░░░  65%  Streaming frame 3143/4320
  ████████████████░░░░░░░░░  65%  Streaming frame 3144/4320
  ████████████████░░░░░░░░░  65%  Streaming frame 3145/4320
  ████████████████░░░░░░░░░  65%  Streaming frame 3146/4320
  ████████████████░░░░░░░░░  65%  Streaming frame 3147/4320
  ████████████████░░░░░░░░░  65%  Streaming frame 3148/4320
  ████████████████░░░░░░░░░  65%  Streaming frame 3149/4320
  ████████████████░░░░░░░░░  65%  Streaming frame 3150/4320
  ████████████████░░░░░░░░░  65%  Streaming frame 3151/4320
  ████████████████░░░░░░░░░  65%  Streaming frame 3152/4320
  ████████████████░░░░░░░░░  65%  Streaming frame 3153/4320
  ████████████████░░░░░░░░░  65%  Streaming frame 3154/4320
  ████████████████░░░░░░░░░  65%  Streaming frame 3155/4320
  ████████████████░░░░░░░░░  65%  Streaming frame 3156/4320
  ████████████████░░░░░░░░░  65%  Streaming frame 3157/4320
  ████████████████░░░░░░░░░  65%  Streaming frame 3158/4320
  ████████████████░░░░░░░░░  65%  Streaming frame 3159/4320
  ████████████████░░░░░░░░░  65%  Streaming frame 3160/4320
  ████████████████░░░░░░░░░  65%  Streaming frame 3161/4320
  ████████████████░░░░░░░░░  65%  Streaming frame 3162/4320
  ████████████████░░░░░░░░░  65%  Streaming frame 3163/4320
  ████████████████░░░░░░░░░  65%  Streaming frame 3164/4320
  ████████████████░░░░░░░░░  65%  Streaming frame 3165/4320
  ████████████████░░░░░░░░░  65%  Streaming frame 3166/4320
  ████████████████░░░░░░░░░  65%  Streaming frame 3167/4320
  ████████████████░░░░░░░░░  65%  Streaming frame 3168/4320
  ████████████████░░░░░░░░░  65%  Streaming frame 3169/4320
  ████████████████░░░░░░░░░  65%  Streaming frame 3170/4320
  ████████████████░░░░░░░░░  65%  Streaming frame 3171/4320
  ████████████████░░░░░░░░░  65%  Streaming frame 3172/4320
  ████████████████░░░░░░░░░  65%  Streaming frame 3173/4320
  ████████████████░░░░░░░░░  65%  Streaming frame 3174/4320
  ████████████████░░░░░░░░░  65%  Streaming frame 3175/4320
  ████████████████░░░░░░░░░  65%  Streaming frame 3176/4320
  ████████████████░░░░░░░░░  65%  Streaming frame 3177/4320
  ████████████████░░░░░░░░░  65%  Streaming frame 3178/4320
  ████████████████░░░░░░░░░  65%  Streaming frame 3179/4320
  ████████████████░░░░░░░░░  65%  Streaming frame 3180/4320
  ████████████████░░░░░░░░░  65%  Streaming frame 3181/4320
  ████████████████░░░░░░░░░  66%  Streaming frame 3182/4320
  ████████████████░░░░░░░░░  66%  Streaming frame 3183/4320
  ████████████████░░░░░░░░░  66%  Streaming frame 3184/4320
  ████████████████░░░░░░░░░  66%  Streaming frame 3185/4320
  ████████████████░░░░░░░░░  66%  Streaming frame 3186/4320
  ████████████████░░░░░░░░░  66%  Streaming frame 3187/4320
  ████████████████░░░░░░░░░  66%  Streaming frame 3188/4320
  ████████████████░░░░░░░░░  66%  Streaming frame 3189/4320
  ████████████████░░░░░░░░░  66%  Streaming frame 3190/4320
  ████████████████░░░░░░░░░  66%  Streaming frame 3191/4320
  ████████████████░░░░░░░░░  66%  Streaming frame 3192/4320
  ████████████████░░░░░░░░░  66%  Streaming frame 3193/4320
  ████████████████░░░░░░░░░  66%  Streaming frame 3194/4320
  ████████████████░░░░░░░░░  66%  Streaming frame 3195/4320
  ████████████████░░░░░░░░░  66%  Streaming frame 3196/4320
  ████████████████░░░░░░░░░  66%  Streaming frame 3197/4320
  ████████████████░░░░░░░░░  66%  Streaming frame 3198/4320
  ████████████████░░░░░░░░░  66%  Streaming frame 3199/4320
  ████████████████░░░░░░░░░  66%  Streaming frame 3200/4320
  ████████████████░░░░░░░░░  66%  Streaming frame 3201/4320
  ████████████████░░░░░░░░░  66%  Streaming frame 3202/4320
  ████████████████░░░░░░░░░  66%  Streaming frame 3203/4320
  ████████████████░░░░░░░░░  66%  Streaming frame 3204/4320
  ████████████████░░░░░░░░░  66%  Streaming frame 3205/4320
  ████████████████░░░░░░░░░  66%  Streaming frame 3206/4320
  ████████████████░░░░░░░░░  66%  Streaming frame 3207/4320
  ████████████████░░░░░░░░░  66%  Streaming frame 3208/4320
  ████████████████░░░░░░░░░  66%  Streaming frame 3209/4320
  ████████████████░░░░░░░░░  66%  Streaming frame 3210/4320
  ████████████████░░░░░░░░░  66%  Streaming frame 3211/4320
  ████████████████░░░░░░░░░  66%  Streaming frame 3212/4320
  ████████████████░░░░░░░░░  66%  Streaming frame 3213/4320
  ████████████████░░░░░░░░░  66%  Streaming frame 3214/4320
  ████████████████░░░░░░░░░  66%  Streaming frame 3215/4320
  ████████████████░░░░░░░░░  66%  Streaming frame 3216/4320
  ████████████████░░░░░░░░░  66%  Streaming frame 3217/4320
  ████████████████░░░░░░░░░  66%  Streaming frame 3218/4320
  ████████████████░░░░░░░░░  66%  Streaming frame 3219/4320
  ████████████████░░░░░░░░░  66%  Streaming frame 3220/4320
  ████████████████░░░░░░░░░  66%  Streaming frame 3221/4320
  ████████████████░░░░░░░░░  66%  Streaming frame 3222/4320
  ████████████████░░░░░░░░░  66%  Streaming frame 3223/4320
  ████████████████░░░░░░░░░  66%  Streaming frame 3224/4320
  ████████████████░░░░░░░░░  66%  Streaming frame 3225/4320
  ████████████████░░░░░░░░░  66%  Streaming frame 3226/4320
  ████████████████░░░░░░░░░  66%  Streaming frame 3227/4320
  ████████████████░░░░░░░░░  66%  Streaming frame 3228/4320
  ████████████████░░░░░░░░░  66%  Streaming frame 3229/4320
  ████████████████░░░░░░░░░  66%  Streaming frame 3230/4320
  ████████████████░░░░░░░░░  66%  Streaming frame 3231/4320
  ████████████████░░░░░░░░░  66%  Streaming frame 3232/4320
  ████████████████░░░░░░░░░  66%  Streaming frame 3233/4320
  ████████████████░░░░░░░░░  66%  Streaming frame 3234/4320
  ████████████████░░░░░░░░░  66%  Streaming frame 3235/4320
  ████████████████░░░░░░░░░  66%  Streaming frame 3236/4320
  ████████████████░░░░░░░░░  66%  Streaming frame 3237/4320
  ████████████████░░░░░░░░░  66%  Streaming frame 3238/4320
  ████████████████░░░░░░░░░  66%  Streaming frame 3239/4320
  ████████████████░░░░░░░░░  66%  Streaming frame 3240/4320
  ████████████████░░░░░░░░░  66%  Streaming frame 3241/4320
  ████████████████░░░░░░░░░  66%  Streaming frame 3242/4320
  ████████████████░░░░░░░░░  66%  Streaming frame 3243/4320
  ████████████████░░░░░░░░░  66%  Streaming frame 3244/4320
  ████████████████░░░░░░░░░  66%  Streaming frame 3245/4320
  ████████████████░░░░░░░░░  66%  Streaming frame 3246/4320
  ████████████████░░░░░░░░░  66%  Streaming frame 3247/4320
  ████████████████░░░░░░░░░  66%  Streaming frame 3248/4320
  ████████████████░░░░░░░░░  66%  Streaming frame 3249/4320
  ████████████████░░░░░░░░░  66%  Streaming frame 3250/4320
  ████████████████░░░░░░░░░  66%  Streaming frame 3251/4320
  ████████████████░░░░░░░░░  66%  Streaming frame 3252/4320
  ████████████████░░░░░░░░░  66%  Streaming frame 3253/4320
  ████████████████░░░░░░░░░  66%  Streaming frame 3254/4320
  ████████████████░░░░░░░░░  66%  Streaming frame 3255/4320
  ████████████████░░░░░░░░░  66%  Streaming frame 3256/4320
  ████████████████░░░░░░░░░  66%  Streaming frame 3257/4320
  ████████████████░░░░░░░░░  66%  Streaming frame 3258/4320
  ████████████████░░░░░░░░░  66%  Streaming frame 3259/4320
  ████████████████░░░░░░░░░  67%  Streaming frame 3260/4320
  ████████████████░░░░░░░░░  67%  Streaming frame 3261/4320
  ████████████████░░░░░░░░░  67%  Streaming frame 3262/4320
  ████████████████░░░░░░░░░  67%  Streaming frame 3263/4320
  ████████████████░░░░░░░░░  67%  Streaming frame 3264/4320
  ████████████████░░░░░░░░░  67%  Streaming frame 3265/4320
  ████████████████░░░░░░░░░  67%  Streaming frame 3266/4320
  ████████████████░░░░░░░░░  67%  Streaming frame 3267/4320
  ████████████████░░░░░░░░░  67%  Streaming frame 3268/4320
  ████████████████░░░░░░░░░  67%  Streaming frame 3269/4320
  ████████████████░░░░░░░░░  67%  Streaming frame 3270/4320
  ████████████████░░░░░░░░░  67%  Streaming frame 3271/4320
  ████████████████░░░░░░░░░  67%  Streaming frame 3272/4320
  ████████████████░░░░░░░░░  67%  Streaming frame 3273/4320
  ████████████████░░░░░░░░░  67%  Streaming frame 3274/4320
  ████████████████░░░░░░░░░  67%  Streaming frame 3275/4320
  ████████████████░░░░░░░░░  67%  Streaming frame 3276/4320
  ████████████████░░░░░░░░░  67%  Streaming frame 3277/4320
  ████████████████░░░░░░░░░  67%  Streaming frame 3278/4320
  ████████████████░░░░░░░░░  67%  Streaming frame 3279/4320
  ████████████████░░░░░░░░░  67%  Streaming frame 3280/4320
  ████████████████░░░░░░░░░  67%  Streaming frame 3281/4320
  ████████████████░░░░░░░░░  67%  Streaming frame 3282/4320
  ████████████████░░░░░░░░░  67%  Streaming frame 3283/4320
  ████████████████░░░░░░░░░  67%  Streaming frame 3284/4320
  ████████████████░░░░░░░░░  67%  Streaming frame 3285/4320
  ████████████████░░░░░░░░░  67%  Streaming frame 3286/4320
  ████████████████░░░░░░░░░  67%  Streaming frame 3287/4320
  ████████████████░░░░░░░░░  67%  Streaming frame 3288/4320
  ████████████████░░░░░░░░░  67%  Streaming frame 3289/4320
  ████████████████░░░░░░░░░  67%  Streaming frame 3290/4320
  ████████████████░░░░░░░░░  67%  Streaming frame 3291/4320
  ████████████████░░░░░░░░░  67%  Streaming frame 3292/4320
  ████████████████░░░░░░░░░  67%  Streaming frame 3293/4320
  ████████████████░░░░░░░░░  67%  Streaming frame 3294/4320
  ████████████████░░░░░░░░░  67%  Streaming frame 3295/4320
  ████████████████░░░░░░░░░  67%  Streaming frame 3296/4320
  ████████████████░░░░░░░░░  67%  Streaming frame 3297/4320
  ████████████████░░░░░░░░░  67%  Streaming frame 3298/4320
  ████████████████░░░░░░░░░  67%  Streaming frame 3299/4320
  ████████████████░░░░░░░░░  67%  Streaming frame 3300/4320
  ████████████████░░░░░░░░░  67%  Streaming frame 3301/4320
  ████████████████░░░░░░░░░  67%  Streaming frame 3302/4320
  ████████████████░░░░░░░░░  67%  Streaming frame 3303/4320
  ████████████████░░░░░░░░░  67%  Streaming frame 3304/4320
  ████████████████░░░░░░░░░  67%  Streaming frame 3305/4320
  ████████████████░░░░░░░░░  67%  Streaming frame 3306/4320
  ████████████████░░░░░░░░░  67%  Streaming frame 3307/4320
  ████████████████░░░░░░░░░  67%  Streaming frame 3308/4320
  ████████████████░░░░░░░░░  67%  Streaming frame 3309/4320
  ████████████████░░░░░░░░░  67%  Streaming frame 3310/4320
  ████████████████░░░░░░░░░  67%  Streaming frame 3311/4320
  ████████████████░░░░░░░░░  67%  Streaming frame 3312/4320
  ████████████████░░░░░░░░░  67%  Streaming frame 3313/4320
  ████████████████░░░░░░░░░  67%  Streaming frame 3314/4320
  ████████████████░░░░░░░░░  67%  Streaming frame 3315/4320
  ████████████████░░░░░░░░░  67%  Streaming frame 3316/4320
  ████████████████░░░░░░░░░  67%  Streaming frame 3317/4320
  ████████████████░░░░░░░░░  67%  Streaming frame 3318/4320
  ████████████████░░░░░░░░░  67%  Streaming frame 3319/4320
  ████████████████░░░░░░░░░  67%  Streaming frame 3320/4320
  ████████████████░░░░░░░░░  67%  Streaming frame 3321/4320
  ████████████████░░░░░░░░░  67%  Streaming frame 3322/4320
  ████████████████░░░░░░░░░  67%  Streaming frame 3323/4320
  ████████████████░░░░░░░░░  67%  Streaming frame 3324/4320
  ████████████████░░░░░░░░░  67%  Streaming frame 3325/4320
  ████████████████░░░░░░░░░  67%  Streaming frame 3326/4320
  ████████████████░░░░░░░░░  67%  Streaming frame 3327/4320
[NativeFrameTransport] {"event":"progress","atUnixMs":1788976516704,"registrations":3328,"requests":3327,"completed":3327,"head":0,"rejected":0,"errors":0,"aborted":0,"peakStreams":1,"peakSourceDescriptors":1,"bytes":8131362681,"base64Fallbacks":0,"entries":3328,"activeStreams":0,"activeSourceDescriptors":0,"closed":false,"failed":false,"mode":"same-origin-url"}
  ████████████████░░░░░░░░░  67%  Streaming frame 3328/4320
  ████████████████░░░░░░░░░  67%  Streaming frame 3329/4320
  ████████████████░░░░░░░░░  67%  Streaming frame 3330/4320
  ████████████████░░░░░░░░░  67%  Streaming frame 3331/4320
  ████████████████░░░░░░░░░  67%  Streaming frame 3332/4320
  ████████████████░░░░░░░░░  67%  Streaming frame 3333/4320
  ████████████████░░░░░░░░░  67%  Streaming frame 3334/4320
  ████████████████░░░░░░░░░  67%  Streaming frame 3335/4320
  ████████████████░░░░░░░░░  67%  Streaming frame 3336/4320
  ████████████████░░░░░░░░░  67%  Streaming frame 3337/4320
  ████████████████░░░░░░░░░  67%  Streaming frame 3338/4320
  █████████████████░░░░░░░░  68%  Streaming frame 3339/4320
  █████████████████░░░░░░░░  68%  Streaming frame 3340/4320
  █████████████████░░░░░░░░  68%  Streaming frame 3341/4320
  █████████████████░░░░░░░░  68%  Streaming frame 3342/4320
  █████████████████░░░░░░░░  68%  Streaming frame 3343/4320
  █████████████████░░░░░░░░  68%  Streaming frame 3344/4320
  █████████████████░░░░░░░░  68%  Streaming frame 3345/4320
  █████████████████░░░░░░░░  68%  Streaming frame 3346/4320
  █████████████████░░░░░░░░  68%  Streaming frame 3347/4320
  █████████████████░░░░░░░░  68%  Streaming frame 3348/4320
  █████████████████░░░░░░░░  68%  Streaming frame 3349/4320
  █████████████████░░░░░░░░  68%  Streaming frame 3350/4320
  █████████████████░░░░░░░░  68%  Streaming frame 3351/4320
  █████████████████░░░░░░░░  68%  Streaming frame 3352/4320
  █████████████████░░░░░░░░  68%  Streaming frame 3353/4320
  █████████████████░░░░░░░░  68%  Streaming frame 3354/4320
  █████████████████░░░░░░░░  68%  Streaming frame 3355/4320
  █████████████████░░░░░░░░  68%  Streaming frame 3356/4320
  █████████████████░░░░░░░░  68%  Streaming frame 3357/4320
  █████████████████░░░░░░░░  68%  Streaming frame 3358/4320
  █████████████████░░░░░░░░  68%  Streaming frame 3359/4320
  █████████████████░░░░░░░░  68%  Streaming frame 3360/4320
  █████████████████░░░░░░░░  68%  Streaming frame 3361/4320
  █████████████████░░░░░░░░  68%  Streaming frame 3362/4320
  █████████████████░░░░░░░░  68%  Streaming frame 3363/4320
  █████████████████░░░░░░░░  68%  Streaming frame 3364/4320
  █████████████████░░░░░░░░  68%  Streaming frame 3365/4320
  █████████████████░░░░░░░░  68%  Streaming frame 3366/4320
  █████████████████░░░░░░░░  68%  Streaming frame 3367/4320
  █████████████████░░░░░░░░  68%  Streaming frame 3368/4320
  █████████████████░░░░░░░░  68%  Streaming frame 3369/4320
  █████████████████░░░░░░░░  68%  Streaming frame 3370/4320
  █████████████████░░░░░░░░  68%  Streaming frame 3371/4320
  █████████████████░░░░░░░░  68%  Streaming frame 3372/4320
  █████████████████░░░░░░░░  68%  Streaming frame 3373/4320
  █████████████████░░░░░░░░  68%  Streaming frame 3374/4320
  █████████████████░░░░░░░░  68%  Streaming frame 3375/4320
  █████████████████░░░░░░░░  68%  Streaming frame 3376/4320
  █████████████████░░░░░░░░  68%  Streaming frame 3377/4320
  █████████████████░░░░░░░░  68%  Streaming frame 3378/4320
  █████████████████░░░░░░░░  68%  Streaming frame 3379/4320
  █████████████████░░░░░░░░  68%  Streaming frame 3380/4320
  █████████████████░░░░░░░░  68%  Streaming frame 3381/4320
  █████████████████░░░░░░░░  68%  Streaming frame 3382/4320
  █████████████████░░░░░░░░  68%  Streaming frame 3383/4320
  █████████████████░░░░░░░░  68%  Streaming frame 3384/4320
  █████████████████░░░░░░░░  68%  Streaming frame 3385/4320
  █████████████████░░░░░░░░  68%  Streaming frame 3386/4320
  █████████████████░░░░░░░░  68%  Streaming frame 3387/4320
  █████████████████░░░░░░░░  68%  Streaming frame 3388/4320
  █████████████████░░░░░░░░  68%  Streaming frame 3389/4320
  █████████████████░░░░░░░░  68%  Streaming frame 3390/4320
  █████████████████░░░░░░░░  68%  Streaming frame 3391/4320
  █████████████████░░░░░░░░  68%  Streaming frame 3392/4320
  █████████████████░░░░░░░░  68%  Streaming frame 3393/4320
  █████████████████░░░░░░░░  68%  Streaming frame 3394/4320
  █████████████████░░░░░░░░  68%  Streaming frame 3395/4320
  █████████████████░░░░░░░░  68%  Streaming frame 3396/4320
  █████████████████░░░░░░░░  68%  Streaming frame 3397/4320
  █████████████████░░░░░░░░  68%  Streaming frame 3398/4320
  █████████████████░░░░░░░░  68%  Streaming frame 3399/4320
  █████████████████░░░░░░░░  68%  Streaming frame 3400/4320
  █████████████████░░░░░░░░  68%  Streaming frame 3401/4320
  █████████████████░░░░░░░░  68%  Streaming frame 3402/4320
  █████████████████░░░░░░░░  68%  Streaming frame 3403/4320
  █████████████████░░░░░░░░  68%  Streaming frame 3404/4320
  █████████████████░░░░░░░░  68%  Streaming frame 3405/4320
  █████████████████░░░░░░░░  68%  Streaming frame 3406/4320
  █████████████████░░░░░░░░  68%  Streaming frame 3407/4320
  █████████████████░░░░░░░░  68%  Streaming frame 3408/4320
  █████████████████░░░░░░░░  68%  Streaming frame 3409/4320
  █████████████████░░░░░░░░  68%  Streaming frame 3410/4320
  █████████████████░░░░░░░░  68%  Streaming frame 3411/4320
  █████████████████░░░░░░░░  68%  Streaming frame 3412/4320
  █████████████████░░░░░░░░  68%  Streaming frame 3413/4320
  █████████████████░░░░░░░░  68%  Streaming frame 3414/4320
  █████████████████░░░░░░░░  68%  Streaming frame 3415/4320
  █████████████████░░░░░░░░  68%  Streaming frame 3416/4320
  █████████████████░░░░░░░░  69%  Streaming frame 3417/4320
  █████████████████░░░░░░░░  69%  Streaming frame 3418/4320
  █████████████████░░░░░░░░  69%  Streaming frame 3419/4320
  █████████████████░░░░░░░░  69%  Streaming frame 3420/4320
  █████████████████░░░░░░░░  69%  Streaming frame 3421/4320
  █████████████████░░░░░░░░  69%  Streaming frame 3422/4320
  █████████████████░░░░░░░░  69%  Streaming frame 3423/4320
  █████████████████░░░░░░░░  69%  Streaming frame 3424/4320
  █████████████████░░░░░░░░  69%  Streaming frame 3425/4320
  █████████████████░░░░░░░░  69%  Streaming frame 3426/4320
  █████████████████░░░░░░░░  69%  Streaming frame 3427/4320
  █████████████████░░░░░░░░  69%  Streaming frame 3428/4320
  █████████████████░░░░░░░░  69%  Streaming frame 3429/4320
  █████████████████░░░░░░░░  69%  Streaming frame 3430/4320
  █████████████████░░░░░░░░  69%  Streaming frame 3431/4320
  █████████████████░░░░░░░░  69%  Streaming frame 3432/4320
  █████████████████░░░░░░░░  69%  Streaming frame 3433/4320
  █████████████████░░░░░░░░  69%  Streaming frame 3434/4320
  █████████████████░░░░░░░░  69%  Streaming frame 3435/4320
  █████████████████░░░░░░░░  69%  Streaming frame 3436/4320
  █████████████████░░░░░░░░  69%  Streaming frame 3437/4320
  █████████████████░░░░░░░░  69%  Streaming frame 3438/4320
  █████████████████░░░░░░░░  69%  Streaming frame 3439/4320
  █████████████████░░░░░░░░  69%  Streaming frame 3440/4320
  █████████████████░░░░░░░░  69%  Streaming frame 3441/4320
  █████████████████░░░░░░░░  69%  Streaming frame 3442/4320
  █████████████████░░░░░░░░  69%  Streaming frame 3443/4320
  █████████████████░░░░░░░░  69%  Streaming frame 3444/4320
  █████████████████░░░░░░░░  69%  Streaming frame 3445/4320
  █████████████████░░░░░░░░  69%  Streaming frame 3446/4320
  █████████████████░░░░░░░░  69%  Streaming frame 3447/4320
  █████████████████░░░░░░░░  69%  Streaming frame 3448/4320
  █████████████████░░░░░░░░  69%  Streaming frame 3449/4320
  █████████████████░░░░░░░░  69%  Streaming frame 3450/4320
  █████████████████░░░░░░░░  69%  Streaming frame 3451/4320
  █████████████████░░░░░░░░  69%  Streaming frame 3452/4320
  █████████████████░░░░░░░░  69%  Streaming frame 3453/4320
  █████████████████░░░░░░░░  69%  Streaming frame 3454/4320
  █████████████████░░░░░░░░  69%  Streaming frame 3455/4320
  █████████████████░░░░░░░░  69%  Streaming frame 3456/4320
  █████████████████░░░░░░░░  69%  Streaming frame 3457/4320
  █████████████████░░░░░░░░  69%  Streaming frame 3458/4320
  █████████████████░░░░░░░░  69%  Streaming frame 3459/4320
  █████████████████░░░░░░░░  69%  Streaming frame 3460/4320
  █████████████████░░░░░░░░  69%  Streaming frame 3461/4320
  █████████████████░░░░░░░░  69%  Streaming frame 3462/4320
  █████████████████░░░░░░░░  69%  Streaming frame 3463/4320
  █████████████████░░░░░░░░  69%  Streaming frame 3464/4320
  █████████████████░░░░░░░░  69%  Streaming frame 3465/4320
  █████████████████░░░░░░░░  69%  Streaming frame 3466/4320
  █████████████████░░░░░░░░  69%  Streaming frame 3467/4320
  █████████████████░░░░░░░░  69%  Streaming frame 3468/4320
  █████████████████░░░░░░░░  69%  Streaming frame 3469/4320
  █████████████████░░░░░░░░  69%  Streaming frame 3470/4320
  █████████████████░░░░░░░░  69%  Streaming frame 3471/4320
  █████████████████░░░░░░░░  69%  Streaming frame 3472/4320
  █████████████████░░░░░░░░  69%  Streaming frame 3473/4320
  █████████████████░░░░░░░░  69%  Streaming frame 3474/4320
  █████████████████░░░░░░░░  69%  Streaming frame 3475/4320
  █████████████████░░░░░░░░  69%  Streaming frame 3476/4320
  █████████████████░░░░░░░░  69%  Streaming frame 3477/4320
  █████████████████░░░░░░░░  69%  Streaming frame 3478/4320
  █████████████████░░░░░░░░  69%  Streaming frame 3479/4320
  █████████████████░░░░░░░░  69%  Streaming frame 3480/4320
  █████████████████░░░░░░░░  69%  Streaming frame 3481/4320
  █████████████████░░░░░░░░  69%  Streaming frame 3482/4320
  █████████████████░░░░░░░░  69%  Streaming frame 3483/4320
  █████████████████░░░░░░░░  69%  Streaming frame 3484/4320
  █████████████████░░░░░░░░  69%  Streaming frame 3485/4320
  █████████████████░░░░░░░░  69%  Streaming frame 3486/4320
  █████████████████░░░░░░░░  69%  Streaming frame 3487/4320
  █████████████████░░░░░░░░  69%  Streaming frame 3488/4320
  █████████████████░░░░░░░░  69%  Streaming frame 3489/4320
  █████████████████░░░░░░░░  69%  Streaming frame 3490/4320
  █████████████████░░░░░░░░  69%  Streaming frame 3491/4320
  █████████████████░░░░░░░░  69%  Streaming frame 3492/4320
  █████████████████░░░░░░░░  69%  Streaming frame 3493/4320
  █████████████████░░░░░░░░  69%  Streaming frame 3494/4320
  █████████████████░░░░░░░░  69%  Streaming frame 3495/4320
  █████████████████░░░░░░░░  70%  Streaming frame 3496/4320
  █████████████████░░░░░░░░  70%  Streaming frame 3497/4320
  █████████████████░░░░░░░░  70%  Streaming frame 3498/4320
  █████████████████░░░░░░░░  70%  Streaming frame 3499/4320
  █████████████████░░░░░░░░  70%  Streaming frame 3500/4320
  █████████████████░░░░░░░░  70%  Streaming frame 3501/4320
  █████████████████░░░░░░░░  70%  Streaming frame 3502/4320
  █████████████████░░░░░░░░  70%  Streaming frame 3503/4320
  █████████████████░░░░░░░░  70%  Streaming frame 3504/4320
  █████████████████░░░░░░░░  70%  Streaming frame 3505/4320
  █████████████████░░░░░░░░  70%  Streaming frame 3506/4320
  █████████████████░░░░░░░░  70%  Streaming frame 3507/4320
  █████████████████░░░░░░░░  70%  Streaming frame 3508/4320
  █████████████████░░░░░░░░  70%  Streaming frame 3509/4320
  █████████████████░░░░░░░░  70%  Streaming frame 3510/4320
  █████████████████░░░░░░░░  70%  Streaming frame 3511/4320
  █████████████████░░░░░░░░  70%  Streaming frame 3512/4320
  █████████████████░░░░░░░░  70%  Streaming frame 3513/4320
  █████████████████░░░░░░░░  70%  Streaming frame 3514/4320
  █████████████████░░░░░░░░  70%  Streaming frame 3515/4320
  █████████████████░░░░░░░░  70%  Streaming frame 3516/4320
  █████████████████░░░░░░░░  70%  Streaming frame 3517/4320
  █████████████████░░░░░░░░  70%  Streaming frame 3518/4320
  █████████████████░░░░░░░░  70%  Streaming frame 3519/4320
  █████████████████░░░░░░░░  70%  Streaming frame 3520/4320
  █████████████████░░░░░░░░  70%  Streaming frame 3521/4320
  █████████████████░░░░░░░░  70%  Streaming frame 3522/4320
  █████████████████░░░░░░░░  70%  Streaming frame 3523/4320
  █████████████████░░░░░░░░  70%  Streaming frame 3524/4320
  █████████████████░░░░░░░░  70%  Streaming frame 3525/4320
  █████████████████░░░░░░░░  70%  Streaming frame 3526/4320
  █████████████████░░░░░░░░  70%  Streaming frame 3527/4320
  █████████████████░░░░░░░░  70%  Streaming frame 3528/4320
  █████████████████░░░░░░░░  70%  Streaming frame 3529/4320
  █████████████████░░░░░░░░  70%  Streaming frame 3530/4320
  █████████████████░░░░░░░░  70%  Streaming frame 3531/4320
  █████████████████░░░░░░░░  70%  Streaming frame 3532/4320
  █████████████████░░░░░░░░  70%  Streaming frame 3533/4320
  █████████████████░░░░░░░░  70%  Streaming frame 3534/4320
  █████████████████░░░░░░░░  70%  Streaming frame 3535/4320
  █████████████████░░░░░░░░  70%  Streaming frame 3536/4320
  █████████████████░░░░░░░░  70%  Streaming frame 3537/4320
  █████████████████░░░░░░░░  70%  Streaming frame 3538/4320
  █████████████████░░░░░░░░  70%  Streaming frame 3539/4320
  █████████████████░░░░░░░░  70%  Streaming frame 3540/4320
  █████████████████░░░░░░░░  70%  Streaming frame 3541/4320
  █████████████████░░░░░░░░  70%  Streaming frame 3542/4320
  █████████████████░░░░░░░░  70%  Streaming frame 3543/4320
  █████████████████░░░░░░░░  70%  Streaming frame 3544/4320
  █████████████████░░░░░░░░  70%  Streaming frame 3545/4320
  █████████████████░░░░░░░░  70%  Streaming frame 3546/4320
  █████████████████░░░░░░░░  70%  Streaming frame 3547/4320
  █████████████████░░░░░░░░  70%  Streaming frame 3548/4320
  █████████████████░░░░░░░░  70%  Streaming frame 3549/4320
  █████████████████░░░░░░░░  70%  Streaming frame 3550/4320
  █████████████████░░░░░░░░  70%  Streaming frame 3551/4320
  █████████████████░░░░░░░░  70%  Streaming frame 3552/4320
  █████████████████░░░░░░░░  70%  Streaming frame 3553/4320
  █████████████████░░░░░░░░  70%  Streaming frame 3554/4320
  █████████████████░░░░░░░░  70%  Streaming frame 3555/4320
  █████████████████░░░░░░░░  70%  Streaming frame 3556/4320
  █████████████████░░░░░░░░  70%  Streaming frame 3557/4320
  █████████████████░░░░░░░░  70%  Streaming frame 3558/4320
  █████████████████░░░░░░░░  70%  Streaming frame 3559/4320
  █████████████████░░░░░░░░  70%  Streaming frame 3560/4320
  █████████████████░░░░░░░░  70%  Streaming frame 3561/4320
  █████████████████░░░░░░░░  70%  Streaming frame 3562/4320
  █████████████████░░░░░░░░  70%  Streaming frame 3563/4320
  █████████████████░░░░░░░░  70%  Streaming frame 3564/4320
  █████████████████░░░░░░░░  70%  Streaming frame 3565/4320
  █████████████████░░░░░░░░  70%  Streaming frame 3566/4320
  █████████████████░░░░░░░░  70%  Streaming frame 3567/4320
  █████████████████░░░░░░░░  70%  Streaming frame 3568/4320
  █████████████████░░░░░░░░  70%  Streaming frame 3569/4320
  █████████████████░░░░░░░░  70%  Streaming frame 3570/4320
  █████████████████░░░░░░░░  70%  Streaming frame 3571/4320
  █████████████████░░░░░░░░  70%  Streaming frame 3572/4320
  █████████████████░░░░░░░░  70%  Streaming frame 3573/4320
  █████████████████░░░░░░░░  71%  Streaming frame 3574/4320
  █████████████████░░░░░░░░  71%  Streaming frame 3575/4320
  █████████████████░░░░░░░░  71%  Streaming frame 3576/4320
  █████████████████░░░░░░░░  71%  Streaming frame 3577/4320
  █████████████████░░░░░░░░  71%  Streaming frame 3578/4320
  █████████████████░░░░░░░░  71%  Streaming frame 3579/4320
  █████████████████░░░░░░░░  71%  Streaming frame 3580/4320
  █████████████████░░░░░░░░  71%  Streaming frame 3581/4320
  █████████████████░░░░░░░░  71%  Streaming frame 3582/4320
  █████████████████░░░░░░░░  71%  Streaming frame 3583/4320
[NativeFrameTransport] {"event":"progress","atUnixMs":1788976540639,"registrations":3584,"requests":3583,"completed":3583,"head":0,"rejected":0,"errors":0,"aborted":0,"peakStreams":1,"peakSourceDescriptors":1,"bytes":8752828996,"base64Fallbacks":0,"entries":3584,"activeStreams":0,"activeSourceDescriptors":0,"closed":false,"failed":false,"mode":"same-origin-url"}
  █████████████████░░░░░░░░  71%  Streaming frame 3584/4320
  █████████████████░░░░░░░░  71%  Streaming frame 3585/4320
  █████████████████░░░░░░░░  71%  Streaming frame 3586/4320
  █████████████████░░░░░░░░  71%  Streaming frame 3587/4320
  █████████████████░░░░░░░░  71%  Streaming frame 3588/4320
  █████████████████░░░░░░░░  71%  Streaming frame 3589/4320
  █████████████████░░░░░░░░  71%  Streaming frame 3590/4320
  █████████████████░░░░░░░░  71%  Streaming frame 3591/4320
  █████████████████░░░░░░░░  71%  Streaming frame 3592/4320
  █████████████████░░░░░░░░  71%  Streaming frame 3593/4320
  █████████████████░░░░░░░░  71%  Streaming frame 3594/4320
  █████████████████░░░░░░░░  71%  Streaming frame 3595/4320
  █████████████████░░░░░░░░  71%  Streaming frame 3596/4320
  █████████████████░░░░░░░░  71%  Streaming frame 3597/4320
  █████████████████░░░░░░░░  71%  Streaming frame 3598/4320
  █████████████████░░░░░░░░  71%  Streaming frame 3599/4320
  █████████████████░░░░░░░░  71%  Streaming frame 3600/4320
  █████████████████░░░░░░░░  71%  Streaming frame 3601/4320
  █████████████████░░░░░░░░  71%  Streaming frame 3602/4320
  █████████████████░░░░░░░░  71%  Streaming frame 3603/4320
  █████████████████░░░░░░░░  71%  Streaming frame 3604/4320
  █████████████████░░░░░░░░  71%  Streaming frame 3605/4320
  █████████████████░░░░░░░░  71%  Streaming frame 3606/4320
  █████████████████░░░░░░░░  71%  Streaming frame 3607/4320
  █████████████████░░░░░░░░  71%  Streaming frame 3608/4320
  █████████████████░░░░░░░░  71%  Streaming frame 3609/4320
  █████████████████░░░░░░░░  71%  Streaming frame 3610/4320
  █████████████████░░░░░░░░  71%  Streaming frame 3611/4320
  █████████████████░░░░░░░░  71%  Streaming frame 3612/4320
  █████████████████░░░░░░░░  71%  Streaming frame 3613/4320
  █████████████████░░░░░░░░  71%  Streaming frame 3614/4320
  █████████████████░░░░░░░░  71%  Streaming frame 3615/4320
  █████████████████░░░░░░░░  71%  Streaming frame 3616/4320
  █████████████████░░░░░░░░  71%  Streaming frame 3617/4320
  █████████████████░░░░░░░░  71%  Streaming frame 3618/4320
  █████████████████░░░░░░░░  71%  Streaming frame 3619/4320
  █████████████████░░░░░░░░  71%  Streaming frame 3620/4320
  █████████████████░░░░░░░░  71%  Streaming frame 3621/4320
  █████████████████░░░░░░░░  71%  Streaming frame 3622/4320
  █████████████████░░░░░░░░  71%  Streaming frame 3623/4320
  █████████████████░░░░░░░░  71%  Streaming frame 3624/4320
  █████████████████░░░░░░░░  71%  Streaming frame 3625/4320
  █████████████████░░░░░░░░  71%  Streaming frame 3626/4320
  █████████████████░░░░░░░░  71%  Streaming frame 3627/4320
  █████████████████░░░░░░░░  71%  Streaming frame 3628/4320
  █████████████████░░░░░░░░  71%  Streaming frame 3629/4320
  █████████████████░░░░░░░░  71%  Streaming frame 3630/4320
  █████████████████░░░░░░░░  71%  Streaming frame 3631/4320
  █████████████████░░░░░░░░  71%  Streaming frame 3632/4320
  █████████████████░░░░░░░░  71%  Streaming frame 3633/4320
  █████████████████░░░░░░░░  71%  Streaming frame 3634/4320
  █████████████████░░░░░░░░  71%  Streaming frame 3635/4320
  █████████████████░░░░░░░░  71%  Streaming frame 3636/4320
  █████████████████░░░░░░░░  71%  Streaming frame 3637/4320
  █████████████████░░░░░░░░  71%  Streaming frame 3638/4320
  █████████████████░░░░░░░░  71%  Streaming frame 3639/4320
  █████████████████░░░░░░░░  71%  Streaming frame 3640/4320
  █████████████████░░░░░░░░  71%  Streaming frame 3641/4320
  █████████████████░░░░░░░░  71%  Streaming frame 3642/4320
  █████████████████░░░░░░░░  71%  Streaming frame 3643/4320
  █████████████████░░░░░░░░  71%  Streaming frame 3644/4320
  █████████████████░░░░░░░░  71%  Streaming frame 3645/4320
  █████████████████░░░░░░░░  71%  Streaming frame 3646/4320
  █████████████████░░░░░░░░  71%  Streaming frame 3647/4320
  █████████████████░░░░░░░░  71%  Streaming frame 3648/4320
  █████████████████░░░░░░░░  71%  Streaming frame 3649/4320
  █████████████████░░░░░░░░  71%  Streaming frame 3650/4320
  █████████████████░░░░░░░░  71%  Streaming frame 3651/4320
  █████████████████░░░░░░░░  71%  Streaming frame 3652/4320
  ██████████████████░░░░░░░  72%  Streaming frame 3653/4320
  ██████████████████░░░░░░░  72%  Streaming frame 3654/4320
  ██████████████████░░░░░░░  72%  Streaming frame 3655/4320
  ██████████████████░░░░░░░  72%  Streaming frame 3656/4320
  ██████████████████░░░░░░░  72%  Streaming frame 3657/4320
  ██████████████████░░░░░░░  72%  Streaming frame 3658/4320
  ██████████████████░░░░░░░  72%  Streaming frame 3659/4320
  ██████████████████░░░░░░░  72%  Streaming frame 3660/4320
  ██████████████████░░░░░░░  72%  Streaming frame 3661/4320
  ██████████████████░░░░░░░  72%  Streaming frame 3662/4320
  ██████████████████░░░░░░░  72%  Streaming frame 3663/4320
  ██████████████████░░░░░░░  72%  Streaming frame 3664/4320
  ██████████████████░░░░░░░  72%  Streaming frame 3665/4320
  ██████████████████░░░░░░░  72%  Streaming frame 3666/4320
  ██████████████████░░░░░░░  72%  Streaming frame 3667/4320
  ██████████████████░░░░░░░  72%  Streaming frame 3668/4320
  ██████████████████░░░░░░░  72%  Streaming frame 3669/4320
  ██████████████████░░░░░░░  72%  Streaming frame 3670/4320
  ██████████████████░░░░░░░  72%  Streaming frame 3671/4320
  ██████████████████░░░░░░░  72%  Streaming frame 3672/4320
  ██████████████████░░░░░░░  72%  Streaming frame 3673/4320
  ██████████████████░░░░░░░  72%  Streaming frame 3674/4320
  ██████████████████░░░░░░░  72%  Streaming frame 3675/4320
  ██████████████████░░░░░░░  72%  Streaming frame 3676/4320
  ██████████████████░░░░░░░  72%  Streaming frame 3677/4320
  ██████████████████░░░░░░░  72%  Streaming frame 3678/4320
  ██████████████████░░░░░░░  72%  Streaming frame 3679/4320
  ██████████████████░░░░░░░  72%  Streaming frame 3680/4320
  ██████████████████░░░░░░░  72%  Streaming frame 3681/4320
  ██████████████████░░░░░░░  72%  Streaming frame 3682/4320
  ██████████████████░░░░░░░  72%  Streaming frame 3683/4320
  ██████████████████░░░░░░░  72%  Streaming frame 3684/4320
  ██████████████████░░░░░░░  72%  Streaming frame 3685/4320
  ██████████████████░░░░░░░  72%  Streaming frame 3686/4320
  ██████████████████░░░░░░░  72%  Streaming frame 3687/4320
  ██████████████████░░░░░░░  72%  Streaming frame 3688/4320
  ██████████████████░░░░░░░  72%  Streaming frame 3689/4320
  ██████████████████░░░░░░░  72%  Streaming frame 3690/4320
  ██████████████████░░░░░░░  72%  Streaming frame 3691/4320
  ██████████████████░░░░░░░  72%  Streaming frame 3692/4320
  ██████████████████░░░░░░░  72%  Streaming frame 3693/4320
  ██████████████████░░░░░░░  72%  Streaming frame 3694/4320
  ██████████████████░░░░░░░  72%  Streaming frame 3695/4320
  ██████████████████░░░░░░░  72%  Streaming frame 3696/4320
  ██████████████████░░░░░░░  72%  Streaming frame 3697/4320
  ██████████████████░░░░░░░  72%  Streaming frame 3698/4320
  ██████████████████░░░░░░░  72%  Streaming frame 3699/4320
  ██████████████████░░░░░░░  72%  Streaming frame 3700/4320
  ██████████████████░░░░░░░  72%  Streaming frame 3701/4320
  ██████████████████░░░░░░░  72%  Streaming frame 3702/4320
  ██████████████████░░░░░░░  72%  Streaming frame 3703/4320
  ██████████████████░░░░░░░  72%  Streaming frame 3704/4320
  ██████████████████░░░░░░░  72%  Streaming frame 3705/4320
  ██████████████████░░░░░░░  72%  Streaming frame 3706/4320
  ██████████████████░░░░░░░  72%  Streaming frame 3707/4320
  ██████████████████░░░░░░░  72%  Streaming frame 3708/4320
  ██████████████████░░░░░░░  72%  Streaming frame 3709/4320
  ██████████████████░░░░░░░  72%  Streaming frame 3710/4320
  ██████████████████░░░░░░░  72%  Streaming frame 3711/4320
  ██████████████████░░░░░░░  72%  Streaming frame 3712/4320
  ██████████████████░░░░░░░  72%  Streaming frame 3713/4320
  ██████████████████░░░░░░░  72%  Streaming frame 3714/4320
  ██████████████████░░░░░░░  72%  Streaming frame 3715/4320
  ██████████████████░░░░░░░  72%  Streaming frame 3716/4320
  ██████████████████░░░░░░░  72%  Streaming frame 3717/4320
  ██████████████████░░░░░░░  72%  Streaming frame 3718/4320
  ██████████████████░░░░░░░  72%  Streaming frame 3719/4320
  ██████████████████░░░░░░░  72%  Streaming frame 3720/4320
  ██████████████████░░░░░░░  72%  Streaming frame 3721/4320
  ██████████████████░░░░░░░  72%  Streaming frame 3722/4320
  ██████████████████░░░░░░░  72%  Streaming frame 3723/4320
  ██████████████████░░░░░░░  72%  Streaming frame 3724/4320
  ██████████████████░░░░░░░  72%  Streaming frame 3725/4320
  ██████████████████░░░░░░░  72%  Streaming frame 3726/4320
  ██████████████████░░░░░░░  72%  Streaming frame 3727/4320
  ██████████████████░░░░░░░  72%  Streaming frame 3728/4320
  ██████████████████░░░░░░░  72%  Streaming frame 3729/4320
  ██████████████████░░░░░░░  72%  Streaming frame 3730/4320
  ██████████████████░░░░░░░  73%  Streaming frame 3731/4320
  ██████████████████░░░░░░░  73%  Streaming frame 3732/4320
  ██████████████████░░░░░░░  73%  Streaming frame 3733/4320
  ██████████████████░░░░░░░  73%  Streaming frame 3734/4320
  ██████████████████░░░░░░░  73%  Streaming frame 3735/4320
  ██████████████████░░░░░░░  73%  Streaming frame 3736/4320
  ██████████████████░░░░░░░  73%  Streaming frame 3737/4320
  ██████████████████░░░░░░░  73%  Streaming frame 3738/4320
  ██████████████████░░░░░░░  73%  Streaming frame 3739/4320
  ██████████████████░░░░░░░  73%  Streaming frame 3740/4320
  ██████████████████░░░░░░░  73%  Streaming frame 3741/4320
  ██████████████████░░░░░░░  73%  Streaming frame 3742/4320
  ██████████████████░░░░░░░  73%  Streaming frame 3743/4320
  ██████████████████░░░░░░░  73%  Streaming frame 3744/4320
  ██████████████████░░░░░░░  73%  Streaming frame 3745/4320
  ██████████████████░░░░░░░  73%  Streaming frame 3746/4320
  ██████████████████░░░░░░░  73%  Streaming frame 3747/4320
  ██████████████████░░░░░░░  73%  Streaming frame 3748/4320
  ██████████████████░░░░░░░  73%  Streaming frame 3749/4320
  ██████████████████░░░░░░░  73%  Streaming frame 3750/4320
  ██████████████████░░░░░░░  73%  Streaming frame 3751/4320
  ██████████████████░░░░░░░  73%  Streaming frame 3752/4320
  ██████████████████░░░░░░░  73%  Streaming frame 3753/4320
  ██████████████████░░░░░░░  73%  Streaming frame 3754/4320
  ██████████████████░░░░░░░  73%  Streaming frame 3755/4320
  ██████████████████░░░░░░░  73%  Streaming frame 3756/4320
  ██████████████████░░░░░░░  73%  Streaming frame 3757/4320
  ██████████████████░░░░░░░  73%  Streaming frame 3758/4320
  ██████████████████░░░░░░░  73%  Streaming frame 3759/4320
  ██████████████████░░░░░░░  73%  Streaming frame 3760/4320
  ██████████████████░░░░░░░  73%  Streaming frame 3761/4320
  ██████████████████░░░░░░░  73%  Streaming frame 3762/4320
  ██████████████████░░░░░░░  73%  Streaming frame 3763/4320
  ██████████████████░░░░░░░  73%  Streaming frame 3764/4320
  ██████████████████░░░░░░░  73%  Streaming frame 3765/4320
  ██████████████████░░░░░░░  73%  Streaming frame 3766/4320
  ██████████████████░░░░░░░  73%  Streaming frame 3767/4320
  ██████████████████░░░░░░░  73%  Streaming frame 3768/4320
  ██████████████████░░░░░░░  73%  Streaming frame 3769/4320
  ██████████████████░░░░░░░  73%  Streaming frame 3770/4320
  ██████████████████░░░░░░░  73%  Streaming frame 3771/4320
  ██████████████████░░░░░░░  73%  Streaming frame 3772/4320
  ██████████████████░░░░░░░  73%  Streaming frame 3773/4320
  ██████████████████░░░░░░░  73%  Streaming frame 3774/4320
  ██████████████████░░░░░░░  73%  Streaming frame 3775/4320
  ██████████████████░░░░░░░  73%  Streaming frame 3776/4320
  ██████████████████░░░░░░░  73%  Streaming frame 3777/4320
  ██████████████████░░░░░░░  73%  Streaming frame 3778/4320
  ██████████████████░░░░░░░  73%  Streaming frame 3779/4320
  ██████████████████░░░░░░░  73%  Streaming frame 3780/4320
  ██████████████████░░░░░░░  73%  Streaming frame 3781/4320
  ██████████████████░░░░░░░  73%  Streaming frame 3782/4320
  ██████████████████░░░░░░░  73%  Streaming frame 3783/4320
  ██████████████████░░░░░░░  73%  Streaming frame 3784/4320
  ██████████████████░░░░░░░  73%  Streaming frame 3785/4320
  ██████████████████░░░░░░░  73%  Streaming frame 3786/4320
  ██████████████████░░░░░░░  73%  Streaming frame 3787/4320
  ██████████████████░░░░░░░  73%  Streaming frame 3788/4320
  ██████████████████░░░░░░░  73%  Streaming frame 3789/4320
  ██████████████████░░░░░░░  73%  Streaming frame 3790/4320
  ██████████████████░░░░░░░  73%  Streaming frame 3791/4320
  ██████████████████░░░░░░░  73%  Streaming frame 3792/4320
  ██████████████████░░░░░░░  73%  Streaming frame 3793/4320
  ██████████████████░░░░░░░  73%  Streaming frame 3794/4320
  ██████████████████░░░░░░░  73%  Streaming frame 3795/4320
  ██████████████████░░░░░░░  73%  Streaming frame 3796/4320
  ██████████████████░░░░░░░  73%  Streaming frame 3797/4320
  ██████████████████░░░░░░░  73%  Streaming frame 3798/4320
  ██████████████████░░░░░░░  73%  Streaming frame 3799/4320
  ██████████████████░░░░░░░  73%  Streaming frame 3800/4320
  ██████████████████░░░░░░░  73%  Streaming frame 3801/4320
  ██████████████████░░░░░░░  73%  Streaming frame 3802/4320
  ██████████████████░░░░░░░  73%  Streaming frame 3803/4320
  ██████████████████░░░░░░░  73%  Streaming frame 3804/4320
  ██████████████████░░░░░░░  73%  Streaming frame 3805/4320
  ██████████████████░░░░░░░  73%  Streaming frame 3806/4320
  ██████████████████░░░░░░░  73%  Streaming frame 3807/4320
  ██████████████████░░░░░░░  73%  Streaming frame 3808/4320
  ██████████████████░░░░░░░  73%  Streaming frame 3809/4320
  ██████████████████░░░░░░░  74%  Streaming frame 3810/4320
  ██████████████████░░░░░░░  74%  Streaming frame 3811/4320
  ██████████████████░░░░░░░  74%  Streaming frame 3812/4320
  ██████████████████░░░░░░░  74%  Streaming frame 3813/4320
  ██████████████████░░░░░░░  74%  Streaming frame 3814/4320
  ██████████████████░░░░░░░  74%  Streaming frame 3815/4320
  ██████████████████░░░░░░░  74%  Streaming frame 3816/4320
  ██████████████████░░░░░░░  74%  Streaming frame 3817/4320
  ██████████████████░░░░░░░  74%  Streaming frame 3818/4320
  ██████████████████░░░░░░░  74%  Streaming frame 3819/4320
  ██████████████████░░░░░░░  74%  Streaming frame 3820/4320
  ██████████████████░░░░░░░  74%  Streaming frame 3821/4320
  ██████████████████░░░░░░░  74%  Streaming frame 3822/4320
  ██████████████████░░░░░░░  74%  Streaming frame 3823/4320
  ██████████████████░░░░░░░  74%  Streaming frame 3824/4320
  ██████████████████░░░░░░░  74%  Streaming frame 3825/4320
  ██████████████████░░░░░░░  74%  Streaming frame 3826/4320
  ██████████████████░░░░░░░  74%  Streaming frame 3827/4320
  ██████████████████░░░░░░░  74%  Streaming frame 3828/4320
  ██████████████████░░░░░░░  74%  Streaming frame 3829/4320
  ██████████████████░░░░░░░  74%  Streaming frame 3830/4320
  ██████████████████░░░░░░░  74%  Streaming frame 3831/4320
  ██████████████████░░░░░░░  74%  Streaming frame 3832/4320
  ██████████████████░░░░░░░  74%  Streaming frame 3833/4320
  ██████████████████░░░░░░░  74%  Streaming frame 3834/4320
  ██████████████████░░░░░░░  74%  Streaming frame 3835/4320
  ██████████████████░░░░░░░  74%  Streaming frame 3836/4320
  ██████████████████░░░░░░░  74%  Streaming frame 3837/4320
  ██████████████████░░░░░░░  74%  Streaming frame 3838/4320
  ██████████████████░░░░░░░  74%  Streaming frame 3839/4320
[NativeFrameTransport] {"event":"progress","atUnixMs":1788976564378,"registrations":3840,"requests":3839,"completed":3839,"head":0,"rejected":0,"errors":0,"aborted":0,"peakStreams":1,"peakSourceDescriptors":1,"bytes":9379458183,"base64Fallbacks":0,"entries":3840,"activeStreams":0,"activeSourceDescriptors":0,"closed":false,"failed":false,"mode":"same-origin-url"}
  ██████████████████░░░░░░░  74%  Streaming frame 3840/4320
  ██████████████████░░░░░░░  74%  Streaming frame 3841/4320
  ██████████████████░░░░░░░  74%  Streaming frame 3842/4320
  ██████████████████░░░░░░░  74%  Streaming frame 3843/4320
  ██████████████████░░░░░░░  74%  Streaming frame 3844/4320
  ██████████████████░░░░░░░  74%  Streaming frame 3845/4320
  ██████████████████░░░░░░░  74%  Streaming frame 3846/4320
  ██████████████████░░░░░░░  74%  Streaming frame 3847/4320
  ██████████████████░░░░░░░  74%  Streaming frame 3848/4320
  ██████████████████░░░░░░░  74%  Streaming frame 3849/4320
  ██████████████████░░░░░░░  74%  Streaming frame 3850/4320
  ██████████████████░░░░░░░  74%  Streaming frame 3851/4320
  ██████████████████░░░░░░░  74%  Streaming frame 3852/4320
  ██████████████████░░░░░░░  74%  Streaming frame 3853/4320
  ██████████████████░░░░░░░  74%  Streaming frame 3854/4320
  ██████████████████░░░░░░░  74%  Streaming frame 3855/4320
  ██████████████████░░░░░░░  74%  Streaming frame 3856/4320
  ██████████████████░░░░░░░  74%  Streaming frame 3857/4320
  ██████████████████░░░░░░░  74%  Streaming frame 3858/4320
  ██████████████████░░░░░░░  74%  Streaming frame 3859/4320
  ██████████████████░░░░░░░  74%  Streaming frame 3860/4320
  ██████████████████░░░░░░░  74%  Streaming frame 3861/4320
  ██████████████████░░░░░░░  74%  Streaming frame 3862/4320
  ██████████████████░░░░░░░  74%  Streaming frame 3863/4320
  ██████████████████░░░░░░░  74%  Streaming frame 3864/4320
  ██████████████████░░░░░░░  74%  Streaming frame 3865/4320
  ██████████████████░░░░░░░  74%  Streaming frame 3866/4320
  ██████████████████░░░░░░░  74%  Streaming frame 3867/4320
  ██████████████████░░░░░░░  74%  Streaming frame 3868/4320
  ██████████████████░░░░░░░  74%  Streaming frame 3869/4320
  ██████████████████░░░░░░░  74%  Streaming frame 3870/4320
  ██████████████████░░░░░░░  74%  Streaming frame 3871/4320
  ██████████████████░░░░░░░  74%  Streaming frame 3872/4320
  ██████████████████░░░░░░░  74%  Streaming frame 3873/4320
  ██████████████████░░░░░░░  74%  Streaming frame 3874/4320
  ██████████████████░░░░░░░  74%  Streaming frame 3875/4320
  ██████████████████░░░░░░░  74%  Streaming frame 3876/4320
  ██████████████████░░░░░░░  74%  Streaming frame 3877/4320
  ██████████████████░░░░░░░  74%  Streaming frame 3878/4320
  ██████████████████░░░░░░░  74%  Streaming frame 3879/4320
  ██████████████████░░░░░░░  74%  Streaming frame 3880/4320
  ██████████████████░░░░░░░  74%  Streaming frame 3881/4320
  ██████████████████░░░░░░░  74%  Streaming frame 3882/4320
  ██████████████████░░░░░░░  74%  Streaming frame 3883/4320
  ██████████████████░░░░░░░  74%  Streaming frame 3884/4320
  ██████████████████░░░░░░░  74%  Streaming frame 3885/4320
  ██████████████████░░░░░░░  74%  Streaming frame 3886/4320
  ██████████████████░░░░░░░  74%  Streaming frame 3887/4320
  ██████████████████░░░░░░░  75%  Streaming frame 3888/4320
  ██████████████████░░░░░░░  75%  Streaming frame 3889/4320
  ██████████████████░░░░░░░  75%  Streaming frame 3890/4320
  ██████████████████░░░░░░░  75%  Streaming frame 3891/4320
  ██████████████████░░░░░░░  75%  Streaming frame 3892/4320
  ██████████████████░░░░░░░  75%  Streaming frame 3893/4320
  ██████████████████░░░░░░░  75%  Streaming frame 3894/4320
  ██████████████████░░░░░░░  75%  Streaming frame 3895/4320
  ██████████████████░░░░░░░  75%  Streaming frame 3896/4320
  ██████████████████░░░░░░░  75%  Streaming frame 3897/4320
  ██████████████████░░░░░░░  75%  Streaming frame 3898/4320
  ██████████████████░░░░░░░  75%  Streaming frame 3899/4320
  ██████████████████░░░░░░░  75%  Streaming frame 3900/4320
  ██████████████████░░░░░░░  75%  Streaming frame 3901/4320
  ██████████████████░░░░░░░  75%  Streaming frame 3902/4320
  ██████████████████░░░░░░░  75%  Streaming frame 3903/4320
  ██████████████████░░░░░░░  75%  Streaming frame 3904/4320
  ██████████████████░░░░░░░  75%  Streaming frame 3905/4320
  ██████████████████░░░░░░░  75%  Streaming frame 3906/4320
  ██████████████████░░░░░░░  75%  Streaming frame 3907/4320
  ██████████████████░░░░░░░  75%  Streaming frame 3908/4320
  ██████████████████░░░░░░░  75%  Streaming frame 3909/4320
  ██████████████████░░░░░░░  75%  Streaming frame 3910/4320
  ██████████████████░░░░░░░  75%  Streaming frame 3911/4320
  ██████████████████░░░░░░░  75%  Streaming frame 3912/4320
  ██████████████████░░░░░░░  75%  Streaming frame 3913/4320
  ██████████████████░░░░░░░  75%  Streaming frame 3914/4320
  ██████████████████░░░░░░░  75%  Streaming frame 3915/4320
  ██████████████████░░░░░░░  75%  Streaming frame 3916/4320
  ██████████████████░░░░░░░  75%  Streaming frame 3917/4320
  ██████████████████░░░░░░░  75%  Streaming frame 3918/4320
  ██████████████████░░░░░░░  75%  Streaming frame 3919/4320
  ██████████████████░░░░░░░  75%  Streaming frame 3920/4320
  ██████████████████░░░░░░░  75%  Streaming frame 3921/4320
  ██████████████████░░░░░░░  75%  Streaming frame 3922/4320
  ██████████████████░░░░░░░  75%  Streaming frame 3923/4320
  ██████████████████░░░░░░░  75%  Streaming frame 3924/4320
  ██████████████████░░░░░░░  75%  Streaming frame 3925/4320
  ██████████████████░░░░░░░  75%  Streaming frame 3926/4320
  ██████████████████░░░░░░░  75%  Streaming frame 3927/4320
  ██████████████████░░░░░░░  75%  Streaming frame 3928/4320
  ██████████████████░░░░░░░  75%  Streaming frame 3929/4320
  ██████████████████░░░░░░░  75%  Streaming frame 3930/4320
  ██████████████████░░░░░░░  75%  Streaming frame 3931/4320
  ██████████████████░░░░░░░  75%  Streaming frame 3932/4320
  ██████████████████░░░░░░░  75%  Streaming frame 3933/4320
  ██████████████████░░░░░░░  75%  Streaming frame 3934/4320
  ██████████████████░░░░░░░  75%  Streaming frame 3935/4320
  ██████████████████░░░░░░░  75%  Streaming frame 3936/4320
  ██████████████████░░░░░░░  75%  Streaming frame 3937/4320
  ██████████████████░░░░░░░  75%  Streaming frame 3938/4320
  ██████████████████░░░░░░░  75%  Streaming frame 3939/4320
  ██████████████████░░░░░░░  75%  Streaming frame 3940/4320
  ██████████████████░░░░░░░  75%  Streaming frame 3941/4320
  ██████████████████░░░░░░░  75%  Streaming frame 3942/4320
  ██████████████████░░░░░░░  75%  Streaming frame 3943/4320
  ██████████████████░░░░░░░  75%  Streaming frame 3944/4320
  ██████████████████░░░░░░░  75%  Streaming frame 3945/4320
  ██████████████████░░░░░░░  75%  Streaming frame 3946/4320
  ██████████████████░░░░░░░  75%  Streaming frame 3947/4320
  ██████████████████░░░░░░░  75%  Streaming frame 3948/4320
  ██████████████████░░░░░░░  75%  Streaming frame 3949/4320
  ██████████████████░░░░░░░  75%  Streaming frame 3950/4320
  ██████████████████░░░░░░░  75%  Streaming frame 3951/4320
  ██████████████████░░░░░░░  75%  Streaming frame 3952/4320
  ██████████████████░░░░░░░  75%  Streaming frame 3953/4320
  ██████████████████░░░░░░░  75%  Streaming frame 3954/4320
  ██████████████████░░░░░░░  75%  Streaming frame 3955/4320
  ██████████████████░░░░░░░  75%  Streaming frame 3956/4320
  ██████████████████░░░░░░░  75%  Streaming frame 3957/4320
  ██████████████████░░░░░░░  75%  Streaming frame 3958/4320
  ██████████████████░░░░░░░  75%  Streaming frame 3959/4320
  ██████████████████░░░░░░░  75%  Streaming frame 3960/4320
  ██████████████████░░░░░░░  75%  Streaming frame 3961/4320
  ██████████████████░░░░░░░  75%  Streaming frame 3962/4320
  ██████████████████░░░░░░░  75%  Streaming frame 3963/4320
  ██████████████████░░░░░░░  75%  Streaming frame 3964/4320
  ██████████████████░░░░░░░  75%  Streaming frame 3965/4320
  ██████████████████░░░░░░░  75%  Streaming frame 3966/4320
  ███████████████████░░░░░░  76%  Streaming frame 3967/4320
  ███████████████████░░░░░░  76%  Streaming frame 3968/4320
  ███████████████████░░░░░░  76%  Streaming frame 3969/4320
  ███████████████████░░░░░░  76%  Streaming frame 3970/4320
  ███████████████████░░░░░░  76%  Streaming frame 3971/4320
  ███████████████████░░░░░░  76%  Streaming frame 3972/4320
  ███████████████████░░░░░░  76%  Streaming frame 3973/4320
  ███████████████████░░░░░░  76%  Streaming frame 3974/4320
  ███████████████████░░░░░░  76%  Streaming frame 3975/4320
  ███████████████████░░░░░░  76%  Streaming frame 3976/4320
  ███████████████████░░░░░░  76%  Streaming frame 3977/4320
  ███████████████████░░░░░░  76%  Streaming frame 3978/4320
  ███████████████████░░░░░░  76%  Streaming frame 3979/4320
  ███████████████████░░░░░░  76%  Streaming frame 3980/4320
  ███████████████████░░░░░░  76%  Streaming frame 3981/4320
  ███████████████████░░░░░░  76%  Streaming frame 3982/4320
  ███████████████████░░░░░░  76%  Streaming frame 3983/4320
  ███████████████████░░░░░░  76%  Streaming frame 3984/4320
  ███████████████████░░░░░░  76%  Streaming frame 3985/4320
  ███████████████████░░░░░░  76%  Streaming frame 3986/4320
  ███████████████████░░░░░░  76%  Streaming frame 3987/4320
  ███████████████████░░░░░░  76%  Streaming frame 3988/4320
  ███████████████████░░░░░░  76%  Streaming frame 3989/4320
  ███████████████████░░░░░░  76%  Streaming frame 3990/4320
  ███████████████████░░░░░░  76%  Streaming frame 3991/4320
  ███████████████████░░░░░░  76%  Streaming frame 3992/4320
  ███████████████████░░░░░░  76%  Streaming frame 3993/4320
  ███████████████████░░░░░░  76%  Streaming frame 3994/4320
  ███████████████████░░░░░░  76%  Streaming frame 3995/4320
  ███████████████████░░░░░░  76%  Streaming frame 3996/4320
  ███████████████████░░░░░░  76%  Streaming frame 3997/4320
  ███████████████████░░░░░░  76%  Streaming frame 3998/4320
  ███████████████████░░░░░░  76%  Streaming frame 3999/4320
  ███████████████████░░░░░░  76%  Streaming frame 4000/4320
  ███████████████████░░░░░░  76%  Streaming frame 4001/4320
  ███████████████████░░░░░░  76%  Streaming frame 4002/4320
  ███████████████████░░░░░░  76%  Streaming frame 4003/4320
  ███████████████████░░░░░░  76%  Streaming frame 4004/4320
[INFO] [Render:trace] {"renderJobId":"5a7093f0-e08a-4e3a-b497-59831d057bf9","phase":"capture_streaming","status":"checkpoint","elapsedMs":394444,"message":"stage still running","stagePhase":"capturing","workerCount":1,"forceScreenshot":true,"totalFrames":4320,"framesCompleted":4004,"captureMode":"screenshot","captureOperation":"captureScreenshot","heartbeatIndex":5,"stageElapsedMs":360009}
  ███████████████████░░░░░░  76%  Streaming frame 4005/4320
  ███████████████████░░░░░░  76%  Streaming frame 4006/4320
  ███████████████████░░░░░░  76%  Streaming frame 4007/4320
  ███████████████████░░░░░░  76%  Streaming frame 4008/4320
  ███████████████████░░░░░░  76%  Streaming frame 4009/4320
  ███████████████████░░░░░░  76%  Streaming frame 4010/4320
  ███████████████████░░░░░░  76%  Streaming frame 4011/4320
  ███████████████████░░░░░░  76%  Streaming frame 4012/4320
  ███████████████████░░░░░░  76%  Streaming frame 4013/4320
  ███████████████████░░░░░░  76%  Streaming frame 4014/4320
  ███████████████████░░░░░░  76%  Streaming frame 4015/4320
  ███████████████████░░░░░░  76%  Streaming frame 4016/4320
  ███████████████████░░░░░░  76%  Streaming frame 4017/4320
  ███████████████████░░░░░░  76%  Streaming frame 4018/4320
  ███████████████████░░░░░░  76%  Streaming frame 4019/4320
  ███████████████████░░░░░░  76%  Streaming frame 4020/4320
  ███████████████████░░░░░░  76%  Streaming frame 4021/4320
  ███████████████████░░░░░░  76%  Streaming frame 4022/4320
  ███████████████████░░░░░░  76%  Streaming frame 4023/4320
  ███████████████████░░░░░░  76%  Streaming frame 4024/4320
  ███████████████████░░░░░░  76%  Streaming frame 4025/4320
  ███████████████████░░░░░░  76%  Streaming frame 4026/4320
  ███████████████████░░░░░░  76%  Streaming frame 4027/4320
  ███████████████████░░░░░░  76%  Streaming frame 4028/4320
  ███████████████████░░░░░░  76%  Streaming frame 4029/4320
  ███████████████████░░░░░░  76%  Streaming frame 4030/4320
  ███████████████████░░░░░░  76%  Streaming frame 4031/4320
  ███████████████████░░░░░░  76%  Streaming frame 4032/4320
  ███████████████████░░░░░░  76%  Streaming frame 4033/4320
  ███████████████████░░░░░░  76%  Streaming frame 4034/4320
  ███████████████████░░░░░░  76%  Streaming frame 4035/4320
  ███████████████████░░░░░░  76%  Streaming frame 4036/4320
  ███████████████████░░░░░░  76%  Streaming frame 4037/4320
  ███████████████████░░░░░░  76%  Streaming frame 4038/4320
  ███████████████████░░░░░░  76%  Streaming frame 4039/4320
  ███████████████████░░░░░░  76%  Streaming frame 4040/4320
  ███████████████████░░░░░░  76%  Streaming frame 4041/4320
  ███████████████████░░░░░░  76%  Streaming frame 4042/4320
  ███████████████████░░░░░░  76%  Streaming frame 4043/4320
  ███████████████████░░░░░░  76%  Streaming frame 4044/4320
  ███████████████████░░░░░░  76%  Streaming frame 4045/4320
  ███████████████████░░░░░░  77%  Streaming frame 4046/4320
  ███████████████████░░░░░░  77%  Streaming frame 4047/4320
  ███████████████████░░░░░░  77%  Streaming frame 4048/4320
  ███████████████████░░░░░░  77%  Streaming frame 4049/4320
  ███████████████████░░░░░░  77%  Streaming frame 4050/4320
  ███████████████████░░░░░░  77%  Streaming frame 4051/4320
  ███████████████████░░░░░░  77%  Streaming frame 4052/4320
  ███████████████████░░░░░░  77%  Streaming frame 4053/4320
  ███████████████████░░░░░░  77%  Streaming frame 4054/4320
  ███████████████████░░░░░░  77%  Streaming frame 4055/4320
  ███████████████████░░░░░░  77%  Streaming frame 4056/4320
  ███████████████████░░░░░░  77%  Streaming frame 4057/4320
  ███████████████████░░░░░░  77%  Streaming frame 4058/4320
  ███████████████████░░░░░░  77%  Streaming frame 4059/4320
  ███████████████████░░░░░░  77%  Streaming frame 4060/4320
  ███████████████████░░░░░░  77%  Streaming frame 4061/4320
  ███████████████████░░░░░░  77%  Streaming frame 4062/4320
  ███████████████████░░░░░░  77%  Streaming frame 4063/4320
  ███████████████████░░░░░░  77%  Streaming frame 4064/4320
  ███████████████████░░░░░░  77%  Streaming frame 4065/4320
  ███████████████████░░░░░░  77%  Streaming frame 4066/4320
  ███████████████████░░░░░░  77%  Streaming frame 4067/4320
  ███████████████████░░░░░░  77%  Streaming frame 4068/4320
  ███████████████████░░░░░░  77%  Streaming frame 4069/4320
  ███████████████████░░░░░░  77%  Streaming frame 4070/4320
  ███████████████████░░░░░░  77%  Streaming frame 4071/4320
  ███████████████████░░░░░░  77%  Streaming frame 4072/4320
  ███████████████████░░░░░░  77%  Streaming frame 4073/4320
  ███████████████████░░░░░░  77%  Streaming frame 4074/4320
  ███████████████████░░░░░░  77%  Streaming frame 4075/4320
  ███████████████████░░░░░░  77%  Streaming frame 4076/4320
  ███████████████████░░░░░░  77%  Streaming frame 4077/4320
  ███████████████████░░░░░░  77%  Streaming frame 4078/4320
  ███████████████████░░░░░░  77%  Streaming frame 4079/4320
  ███████████████████░░░░░░  77%  Streaming frame 4080/4320
  ███████████████████░░░░░░  77%  Streaming frame 4081/4320
  ███████████████████░░░░░░  77%  Streaming frame 4082/4320
  ███████████████████░░░░░░  77%  Streaming frame 4083/4320
  ███████████████████░░░░░░  77%  Streaming frame 4084/4320
  ███████████████████░░░░░░  77%  Streaming frame 4085/4320
  ███████████████████░░░░░░  77%  Streaming frame 4086/4320
  ███████████████████░░░░░░  77%  Streaming frame 4087/4320
  ███████████████████░░░░░░  77%  Streaming frame 4088/4320
  ███████████████████░░░░░░  77%  Streaming frame 4089/4320
  ███████████████████░░░░░░  77%  Streaming frame 4090/4320
  ███████████████████░░░░░░  77%  Streaming frame 4091/4320
  ███████████████████░░░░░░  77%  Streaming frame 4092/4320
  ███████████████████░░░░░░  77%  Streaming frame 4093/4320
  ███████████████████░░░░░░  77%  Streaming frame 4094/4320
  ███████████████████░░░░░░  77%  Streaming frame 4095/4320
[NativeFrameTransport] {"event":"progress","atUnixMs":1788976586428,"registrations":4096,"requests":4095,"completed":4095,"head":0,"rejected":0,"errors":0,"aborted":0,"peakStreams":1,"peakSourceDescriptors":1,"bytes":10001152777,"base64Fallbacks":0,"entries":4096,"activeStreams":0,"activeSourceDescriptors":0,"closed":false,"failed":false,"mode":"same-origin-url"}
  ███████████████████░░░░░░  77%  Streaming frame 4096/4320
  ███████████████████░░░░░░  77%  Streaming frame 4097/4320
  ███████████████████░░░░░░  77%  Streaming frame 4098/4320
  ███████████████████░░░░░░  77%  Streaming frame 4099/4320
  ███████████████████░░░░░░  77%  Streaming frame 4100/4320
  ███████████████████░░░░░░  77%  Streaming frame 4101/4320
  ███████████████████░░░░░░  77%  Streaming frame 4102/4320
  ███████████████████░░░░░░  77%  Streaming frame 4103/4320
  ███████████████████░░░░░░  77%  Streaming frame 4104/4320
  ███████████████████░░░░░░  77%  Streaming frame 4105/4320
  ███████████████████░░░░░░  77%  Streaming frame 4106/4320
  ███████████████████░░░░░░  77%  Streaming frame 4107/4320
  ███████████████████░░░░░░  77%  Streaming frame 4108/4320
  ███████████████████░░░░░░  77%  Streaming frame 4109/4320
  ███████████████████░░░░░░  77%  Streaming frame 4110/4320
  ███████████████████░░░░░░  77%  Streaming frame 4111/4320
  ███████████████████░░░░░░  77%  Streaming frame 4112/4320
  ███████████████████░░░░░░  77%  Streaming frame 4113/4320
  ███████████████████░░░░░░  77%  Streaming frame 4114/4320
  ███████████████████░░░░░░  77%  Streaming frame 4115/4320
  ███████████████████░░░░░░  77%  Streaming frame 4116/4320
  ███████████████████░░░░░░  77%  Streaming frame 4117/4320
  ███████████████████░░░░░░  77%  Streaming frame 4118/4320
  ███████████████████░░░░░░  77%  Streaming frame 4119/4320
  ███████████████████░░░░░░  77%  Streaming frame 4120/4320
  ███████████████████░░░░░░  77%  Streaming frame 4121/4320
  ███████████████████░░░░░░  77%  Streaming frame 4122/4320
  ███████████████████░░░░░░  77%  Streaming frame 4123/4320
  ███████████████████░░░░░░  78%  Streaming frame 4124/4320
  ███████████████████░░░░░░  78%  Streaming frame 4125/4320
  ███████████████████░░░░░░  78%  Streaming frame 4126/4320
  ███████████████████░░░░░░  78%  Streaming frame 4127/4320
  ███████████████████░░░░░░  78%  Streaming frame 4128/4320
  ███████████████████░░░░░░  78%  Streaming frame 4129/4320
  ███████████████████░░░░░░  78%  Streaming frame 4130/4320
  ███████████████████░░░░░░  78%  Streaming frame 4131/4320
  ███████████████████░░░░░░  78%  Streaming frame 4132/4320
  ███████████████████░░░░░░  78%  Streaming frame 4133/4320
  ███████████████████░░░░░░  78%  Streaming frame 4134/4320
  ███████████████████░░░░░░  78%  Streaming frame 4135/4320
  ███████████████████░░░░░░  78%  Streaming frame 4136/4320
  ███████████████████░░░░░░  78%  Streaming frame 4137/4320
  ███████████████████░░░░░░  78%  Streaming frame 4138/4320
  ███████████████████░░░░░░  78%  Streaming frame 4139/4320
  ███████████████████░░░░░░  78%  Streaming frame 4140/4320
  ███████████████████░░░░░░  78%  Streaming frame 4141/4320
  ███████████████████░░░░░░  78%  Streaming frame 4142/4320
  ███████████████████░░░░░░  78%  Streaming frame 4143/4320
  ███████████████████░░░░░░  78%  Streaming frame 4144/4320
  ███████████████████░░░░░░  78%  Streaming frame 4145/4320
  ███████████████████░░░░░░  78%  Streaming frame 4146/4320
  ███████████████████░░░░░░  78%  Streaming frame 4147/4320
  ███████████████████░░░░░░  78%  Streaming frame 4148/4320
  ███████████████████░░░░░░  78%  Streaming frame 4149/4320
  ███████████████████░░░░░░  78%  Streaming frame 4150/4320
  ███████████████████░░░░░░  78%  Streaming frame 4151/4320
  ███████████████████░░░░░░  78%  Streaming frame 4152/4320
  ███████████████████░░░░░░  78%  Streaming frame 4153/4320
  ███████████████████░░░░░░  78%  Streaming frame 4154/4320
  ███████████████████░░░░░░  78%  Streaming frame 4155/4320
  ███████████████████░░░░░░  78%  Streaming frame 4156/4320
  ███████████████████░░░░░░  78%  Streaming frame 4157/4320
  ███████████████████░░░░░░  78%  Streaming frame 4158/4320
  ███████████████████░░░░░░  78%  Streaming frame 4159/4320
  ███████████████████░░░░░░  78%  Streaming frame 4160/4320
  ███████████████████░░░░░░  78%  Streaming frame 4161/4320
  ███████████████████░░░░░░  78%  Streaming frame 4162/4320
  ███████████████████░░░░░░  78%  Streaming frame 4163/4320
  ███████████████████░░░░░░  78%  Streaming frame 4164/4320
  ███████████████████░░░░░░  78%  Streaming frame 4165/4320
  ███████████████████░░░░░░  78%  Streaming frame 4166/4320
  ███████████████████░░░░░░  78%  Streaming frame 4167/4320
  ███████████████████░░░░░░  78%  Streaming frame 4168/4320
  ███████████████████░░░░░░  78%  Streaming frame 4169/4320
  ███████████████████░░░░░░  78%  Streaming frame 4170/4320
  ███████████████████░░░░░░  78%  Streaming frame 4171/4320
  ███████████████████░░░░░░  78%  Streaming frame 4172/4320
  ███████████████████░░░░░░  78%  Streaming frame 4173/4320
  ███████████████████░░░░░░  78%  Streaming frame 4174/4320
  ███████████████████░░░░░░  78%  Streaming frame 4175/4320
  ███████████████████░░░░░░  78%  Streaming frame 4176/4320
  ███████████████████░░░░░░  78%  Streaming frame 4177/4320
  ███████████████████░░░░░░  78%  Streaming frame 4178/4320
  ███████████████████░░░░░░  78%  Streaming frame 4179/4320
  ███████████████████░░░░░░  78%  Streaming frame 4180/4320
  ███████████████████░░░░░░  78%  Streaming frame 4181/4320
  ███████████████████░░░░░░  78%  Streaming frame 4182/4320
  ███████████████████░░░░░░  78%  Streaming frame 4183/4320
  ███████████████████░░░░░░  78%  Streaming frame 4184/4320
  ███████████████████░░░░░░  78%  Streaming frame 4185/4320
  ███████████████████░░░░░░  78%  Streaming frame 4186/4320
  ███████████████████░░░░░░  78%  Streaming frame 4187/4320
  ███████████████████░░░░░░  78%  Streaming frame 4188/4320
  ███████████████████░░░░░░  78%  Streaming frame 4189/4320
  ███████████████████░░░░░░  78%  Streaming frame 4190/4320
  ███████████████████░░░░░░  78%  Streaming frame 4191/4320
  ███████████████████░░░░░░  78%  Streaming frame 4192/4320
  ███████████████████░░░░░░  78%  Streaming frame 4193/4320
  ███████████████████░░░░░░  78%  Streaming frame 4194/4320
  ███████████████████░░░░░░  78%  Streaming frame 4195/4320
  ███████████████████░░░░░░  78%  Streaming frame 4196/4320
  ███████████████████░░░░░░  78%  Streaming frame 4197/4320
  ███████████████████░░░░░░  78%  Streaming frame 4198/4320
  ███████████████████░░░░░░  78%  Streaming frame 4199/4320
  ███████████████████░░░░░░  78%  Streaming frame 4200/4320
  ███████████████████░░░░░░  78%  Streaming frame 4201/4320
  ███████████████████░░░░░░  78%  Streaming frame 4202/4320
  ███████████████████░░░░░░  79%  Streaming frame 4203/4320
  ███████████████████░░░░░░  79%  Streaming frame 4204/4320
  ███████████████████░░░░░░  79%  Streaming frame 4205/4320
  ███████████████████░░░░░░  79%  Streaming frame 4206/4320
  ███████████████████░░░░░░  79%  Streaming frame 4207/4320
  ███████████████████░░░░░░  79%  Streaming frame 4208/4320
  ███████████████████░░░░░░  79%  Streaming frame 4209/4320
  ███████████████████░░░░░░  79%  Streaming frame 4210/4320
  ███████████████████░░░░░░  79%  Streaming frame 4211/4320
  ███████████████████░░░░░░  79%  Streaming frame 4212/4320
  ███████████████████░░░░░░  79%  Streaming frame 4213/4320
  ███████████████████░░░░░░  79%  Streaming frame 4214/4320
  ███████████████████░░░░░░  79%  Streaming frame 4215/4320
  ███████████████████░░░░░░  79%  Streaming frame 4216/4320
  ███████████████████░░░░░░  79%  Streaming frame 4217/4320
  ███████████████████░░░░░░  79%  Streaming frame 4218/4320
  ███████████████████░░░░░░  79%  Streaming frame 4219/4320
  ███████████████████░░░░░░  79%  Streaming frame 4220/4320
  ███████████████████░░░░░░  79%  Streaming frame 4221/4320
  ███████████████████░░░░░░  79%  Streaming frame 4222/4320
  ███████████████████░░░░░░  79%  Streaming frame 4223/4320
  ███████████████████░░░░░░  79%  Streaming frame 4224/4320
  ███████████████████░░░░░░  79%  Streaming frame 4225/4320
  ███████████████████░░░░░░  79%  Streaming frame 4226/4320
  ███████████████████░░░░░░  79%  Streaming frame 4227/4320
  ███████████████████░░░░░░  79%  Streaming frame 4228/4320
  ███████████████████░░░░░░  79%  Streaming frame 4229/4320
  ███████████████████░░░░░░  79%  Streaming frame 4230/4320
  ███████████████████░░░░░░  79%  Streaming frame 4231/4320
  ███████████████████░░░░░░  79%  Streaming frame 4232/4320
  ███████████████████░░░░░░  79%  Streaming frame 4233/4320
  ███████████████████░░░░░░  79%  Streaming frame 4234/4320
  ███████████████████░░░░░░  79%  Streaming frame 4235/4320
  ███████████████████░░░░░░  79%  Streaming frame 4236/4320
  ███████████████████░░░░░░  79%  Streaming frame 4237/4320
  ███████████████████░░░░░░  79%  Streaming frame 4238/4320
  ███████████████████░░░░░░  79%  Streaming frame 4239/4320
  ███████████████████░░░░░░  79%  Streaming frame 4240/4320
  ███████████████████░░░░░░  79%  Streaming frame 4241/4320
  ███████████████████░░░░░░  79%  Streaming frame 4242/4320
  ███████████████████░░░░░░  79%  Streaming frame 4243/4320
  ███████████████████░░░░░░  79%  Streaming frame 4244/4320
  ███████████████████░░░░░░  79%  Streaming frame 4245/4320
  ███████████████████░░░░░░  79%  Streaming frame 4246/4320
  ███████████████████░░░░░░  79%  Streaming frame 4247/4320
  ███████████████████░░░░░░  79%  Streaming frame 4248/4320
  ███████████████████░░░░░░  79%  Streaming frame 4249/4320
  ███████████████████░░░░░░  79%  Streaming frame 4250/4320
  ███████████████████░░░░░░  79%  Streaming frame 4251/4320
  ███████████████████░░░░░░  79%  Streaming frame 4252/4320
  ███████████████████░░░░░░  79%  Streaming frame 4253/4320
  ███████████████████░░░░░░  79%  Streaming frame 4254/4320
  ███████████████████░░░░░░  79%  Streaming frame 4255/4320
  ███████████████████░░░░░░  79%  Streaming frame 4256/4320
  ███████████████████░░░░░░  79%  Streaming frame 4257/4320
  ███████████████████░░░░░░  79%  Streaming frame 4258/4320
  ███████████████████░░░░░░  79%  Streaming frame 4259/4320
  ███████████████████░░░░░░  79%  Streaming frame 4260/4320
  ███████████████████░░░░░░  79%  Streaming frame 4261/4320
  ███████████████████░░░░░░  79%  Streaming frame 4262/4320
  ███████████████████░░░░░░  79%  Streaming frame 4263/4320
  ███████████████████░░░░░░  79%  Streaming frame 4264/4320
  ███████████████████░░░░░░  79%  Streaming frame 4265/4320
  ███████████████████░░░░░░  79%  Streaming frame 4266/4320
  ███████████████████░░░░░░  79%  Streaming frame 4267/4320
  ███████████████████░░░░░░  79%  Streaming frame 4268/4320
  ███████████████████░░░░░░  79%  Streaming frame 4269/4320
  ███████████████████░░░░░░  79%  Streaming frame 4270/4320
  ███████████████████░░░░░░  79%  Streaming frame 4271/4320
  ███████████████████░░░░░░  79%  Streaming frame 4272/4320
  ███████████████████░░░░░░  79%  Streaming frame 4273/4320
  ███████████████████░░░░░░  79%  Streaming frame 4274/4320
  ███████████████████░░░░░░  79%  Streaming frame 4275/4320
  ███████████████████░░░░░░  79%  Streaming frame 4276/4320
  ███████████████████░░░░░░  79%  Streaming frame 4277/4320
  ███████████████████░░░░░░  79%  Streaming frame 4278/4320
  ███████████████████░░░░░░  79%  Streaming frame 4279/4320
  ███████████████████░░░░░░  79%  Streaming frame 4280/4320
  ████████████████████░░░░░  80%  Streaming frame 4281/4320
  ████████████████████░░░░░  80%  Streaming frame 4282/4320
  ████████████████████░░░░░  80%  Streaming frame 4283/4320
  ████████████████████░░░░░  80%  Streaming frame 4284/4320
  ████████████████████░░░░░  80%  Streaming frame 4285/4320
  ████████████████████░░░░░  80%  Streaming frame 4286/4320
  ████████████████████░░░░░  80%  Streaming frame 4287/4320
  ████████████████████░░░░░  80%  Streaming frame 4288/4320
  ████████████████████░░░░░  80%  Streaming frame 4289/4320
  ████████████████████░░░░░  80%  Streaming frame 4290/4320
  ████████████████████░░░░░  80%  Streaming frame 4291/4320
  ████████████████████░░░░░  80%  Streaming frame 4292/4320
  ████████████████████░░░░░  80%  Streaming frame 4293/4320
  ████████████████████░░░░░  80%  Streaming frame 4294/4320
  ████████████████████░░░░░  80%  Streaming frame 4295/4320
  ████████████████████░░░░░  80%  Streaming frame 4296/4320
  ████████████████████░░░░░  80%  Streaming frame 4297/4320
  ████████████████████░░░░░  80%  Streaming frame 4298/4320
  ████████████████████░░░░░  80%  Streaming frame 4299/4320
  ████████████████████░░░░░  80%  Streaming frame 4300/4320
  ████████████████████░░░░░  80%  Streaming frame 4301/4320
  ████████████████████░░░░░  80%  Streaming frame 4302/4320
  ████████████████████░░░░░  80%  Streaming frame 4303/4320
  ████████████████████░░░░░  80%  Streaming frame 4304/4320
  ████████████████████░░░░░  80%  Streaming frame 4305/4320
  ████████████████████░░░░░  80%  Streaming frame 4306/4320
  ████████████████████░░░░░  80%  Streaming frame 4307/4320
  ████████████████████░░░░░  80%  Streaming frame 4308/4320
  ████████████████████░░░░░  80%  Streaming frame 4309/4320
  ████████████████████░░░░░  80%  Streaming frame 4310/4320
  ████████████████████░░░░░  80%  Streaming frame 4311/4320
  ████████████████████░░░░░  80%  Streaming frame 4312/4320
  ████████████████████░░░░░  80%  Streaming frame 4313/4320
  ████████████████████░░░░░  80%  Streaming frame 4314/4320
  ████████████████████░░░░░  80%  Streaming frame 4315/4320
  ████████████████████░░░░░  80%  Streaming frame 4316/4320
  ████████████████████░░░░░  80%  Streaming frame 4317/4320
  ████████████████████░░░░░  80%  Streaming frame 4318/4320
  ████████████████████░░░░░  80%  Streaming frame 4319/4320
  ████████████████████░░░░░  80%  Streaming frame 4320/4320
[INFO] [Render:trace] {"renderJobId":"5a7093f0-e08a-4e3a-b497-59831d057bf9","phase":"capture_streaming","status":"end","elapsedMs":422230,"durationMs":387795,"stagePhase":"capturing","workerCount":1,"forceScreenshot":true,"totalFrames":4320,"framesCompleted":4320,"captureMode":"screenshot","captureOperation":"encode"}
[NativeFrameTransport] {"event":"close","atUnixMs":1788976606413,"registrations":4320,"requests":4320,"completed":4320,"head":0,"rejected":0,"errors":0,"aborted":0,"peakStreams":1,"peakSourceDescriptors":1,"bytes":10553378339,"base64Fallbacks":0,"entries":0,"activeStreams":0,"activeSourceDescriptors":0,"closed":true,"failed":false,"mode":"same-origin-url"}
[INFO] [Render:trace] {"renderJobId":"5a7093f0-e08a-4e3a-b497-59831d057bf9","phase":"assemble","status":"start","elapsedMs":422230,"stagePhase":"capturing","hasAudio":true,"workerCount":1,"forceScreenshot":true,"totalFrames":4320,"framesCompleted":4320,"captureMode":"screenshot","captureOperation":"encode"}
  ██████████████████████░░░  90%  Assembling final video
[INFO] [Render:trace] {"renderJobId":"5a7093f0-e08a-4e3a-b497-59831d057bf9","phase":"assemble","status":"end","elapsedMs":426483,"durationMs":4253,"stagePhase":"capturing","hasAudio":true,"workerCount":1,"forceScreenshot":true,"totalFrames":4320,"framesCompleted":4320,"captureMode":"screenshot","captureOperation":"encode"}
[INFO] [Render:trace] {"renderJobId":"5a7093f0-e08a-4e3a-b497-59831d057bf9","phase":"pipeline","status":"checkpoint","elapsedMs":426573,"message":"artifact validated","totalElapsedMs":426546}
  █████████████████████████  100%  Render complete

◇  /private/tmp/sniper-native-frame-transport-20260909.wsUupP/transport-candidate-4320-v1.mp4
   205.3 MB · 3m 0.2s video · rendered in 7m 6.6s
