docs/producer/command-driven-editing/12_SHORT_LONG_EXECUTABLE_MATRIX.md:49: new blank line at EOF.
docs/producer/evidence/c0679-optimization-2026-09-09/full-native-high-v1.render.log:122: new blank line at EOF.
docs/producer/evidence/c0679-optimization-2026-09-09/full-native-high-v4-browser-budget.render.log:4085: new blank line at EOF.
docs/producer/evidence/c0679-optimization-2026-09-09/full-native-high-v7-url.render.log:12: new blank line at EOF.
docs/producer/evidence/c0679-revision-export-2026-09-09/revision-child-export-v4.render.log:49: new blank line at EOF.
docs/producer/evidence/c0679-revision-export-2026-09-09/revision-child-export-v5.render.log:12: new blank line at EOF.
docs/producer/evidence/student-kit-audit-2026-09-09/card-source-inventory.csv:1: trailing whitespace.
+id,style,status,tier,purpose,path,gitBlob,sha256,width,height,rootDuration,declaredSlots,slotsNotLiteralHtml,externalRefs,previewFilesInGit,runtimeTested,admitted
docs/producer/evidence/student-kit-audit-2026-09-09/card-source-inventory.csv:2: trailing whitespace.
+vox-explainer.t1.section.circle,vox-explainer,draft,tier1,section,style-library/01-vox-explainer/cards/tier1/t1-section-circle.html,9f170f04eb9f12e31934686194e9ce6e74cd7077,7f43b050dae03b24ada3a4076d7761fd4288c93f98d6c2afee13b1e3a65c9071,1920,1080,,kicker|headline|scrap|source,,https://cdn.jsdelivr.net/npm/gsap@3.14.2/dist/gsap.min.js,0,False,False
docs/producer/evidence/student-kit-audit-2026-09-09/card-source-inventory.csv:3: trailing whitespace.
+vox-explainer.t1.section.markerbox,vox-explainer,draft,tier1,section,style-library/01-vox-explainer/cards/tier1/t1-section-markerbox.html,fc47f4ca72144d136dc30b5a844842186a296dac,298e9bf44e0450ca63dc33336cdbc01a7a6aa376e4e9fea04a1012c730d23513,1920,1080,,kicker|line1|line2|line3|badge,,https://cdn.jsdelivr.net/npm/gsap@3.14.2/dist/gsap.min.js,0,False,False
docs/producer/evidence/student-kit-audit-2026-09-09/card-source-inventory.csv:4: trailing whitespace.
+vox-explainer.t1.section.cutout,vox-explainer,draft,tier1,section,style-library/01-vox-explainer/cards/tier1/t1-section-cutout.html,57f49bb5f11256495d7afd19dffab7fb66f37a91,a11ba6ec6fa19492e3ac5d9ff9d47090df72c4f12ddbac23d03c8c4a2d755859,1920,1080,,kicker|headline|subject|wordmark,,https://cdn.jsdelivr.net/npm/gsap@3.14.2/dist/gsap.min.js,0,False,False
docs/producer/evidence/student-kit-audit-2026-09-09/card-source-inventory.csv:5: trailing whitespace.
+vox-explainer.t1.section.stacked,vox-explainer,draft,tier1,section,style-library/01-vox-explainer/cards/tier1/t1-section-stacked.html,7f77d05496a89c72287171d929730b52fbdaf9b4,3a75f0bd8d96f1cf3e05d478caef33e3e552905d244b0e008147195f1248c638,1920,1080,,line1|line2|line3|keyword|source,,https://cdn.jsdelivr.net/npm/gsap@3.14.2/dist/gsap.min.js,0,False,False
docs/producer/evidence/student-kit-audit-2026-09-09/card-source-inventory.csv:6: trailing whitespace.
+vox-explainer.t1.section.correction,vox-explainer,draft,tier1,section,style-library/01-vox-explainer/cards/tier1/t1-section-correction.html,8b37bc5947373171003f1e36074674abc3784580,7e8d814a6dfda5513c2fa6f2a055f9b88d672b4b3aab2ef2c5d5efea342c88b3,1920,1080,,kicker|pre|struck|post|correction|wordmark,,https://cdn.jsdelivr.net/npm/gsap@3.14.2/dist/gsap.min.js,0,False,False
docs/producer/evidence/student-kit-audit-2026-09-09/card-source-inventory.csv:7: trailing whitespace.
+vox-explainer.t1.section.classified,vox-explainer,draft,tier1,section,style-library/01-vox-explainer/cards/tier1/t1-section-classified.html,1ccea43e3e40ac878e91c564948e9d172402d1fe,eefd26d1cfe37f02e998691c1a62322dc49f9574d44596911eede967567991a8,1920,1080,,filed|title|stamp|substamp|note,,https://cdn.jsdelivr.net/npm/gsap@3.14.2/dist/gsap.min.js,0,False,False
docs/producer/evidence/student-kit-audit-2026-09-09/card-source-inventory.csv:8: trailing whitespace.
+vox-explainer.t1.section.crt,vox-explainer,draft,tier1,section,style-library/01-vox-explainer/cards/tier1/t1-section-crt.html,663deeb3bc5b39e6e680174a2863a56a9616dba8,4e2fd4038cfa1540c454719bfae34c82c405642bf1fc3632b38eb49a61bf2565,1920,1080,,channel|wordmark|title|label,,https://cdn.jsdelivr.net/npm/gsap@3.14.2/dist/gsap.min.js,0,False,False
docs/producer/evidence/student-kit-audit-2026-09-09/card-source-inventory.csv:9: trailing whitespace.
+vox-explainer.t1.section.collage,vox-explainer,draft,tier1,section,style-library/01-vox-explainer/cards/tier1/t1-section-collage.html,0216d7ff434f216bbc184ff8ab808fb074e45a9a,00d42bcaca1688ae1f010e4235d289dc7e110d40128b48c76fde6da6ea8d107d,1920,1080,,kicker|line1|line2|wordmark|scrap1|scrap2|scrap3,,https://cdn.jsdelivr.net/npm/gsap@3.14.2/dist/gsap.min.js,0,False,False
docs/producer/evidence/student-kit-audit-2026-09-09/card-source-inventory.csv:10: trailing whitespace.
+vox-explainer.t1.section.fullbleed,vox-explainer,draft,tier1,section,style-library/01-vox-explainer/cards/tier1/t1-section-fullbleed.html,ea8c8a114f0fe7d081691bce4fbea3939e136e66,31d1cdb8b341c2aabb46147b4f44adbeb01eba9dc0366a3daf7811198668c688,1920,1080,,kicker|headline|photo|source,,https://cdn.jsdelivr.net/npm/gsap@3.14.2/dist/gsap.min.js,0,False,False
docs/producer/evidence/student-kit-audit-2026-09-09/card-source-inventory.csv:11: trailing whitespace.
+vox-explainer.t1.section.split,vox-explainer,draft,tier1,section,style-library/01-vox-explainer/cards/tier1/t1-section-split.html,ebca98a66d49434f46f7c6580e7ff0673be3e437,18376e0da3e9bf2c5c6f08548d505269104cbb85b78483ebb69087b64bb3ea68,1920,1080,,kicker|headline|panel|source,,https://cdn.jsdelivr.net/npm/gsap@3.14.2/dist/gsap.min.js,0,False,False
docs/producer/evidence/student-kit-audit-2026-09-09/card-source-inventory.csv:12: trailing whitespace.
+vox-explainer.t1.section.stamp,vox-explainer,draft,tier1,section,style-library/01-vox-explainer/cards/tier1/t1-section-stamp.html,98d0c948c93eb72ec7ac9eae4cd728493e8254b8,8e827b82227b4d390e7e316900db7a5e804ae06573bb99db72ea56fccb722565,1920,1080,,kicker|title|date,,https://cdn.jsdelivr.net/npm/gsap@3.14.2/dist/gsap.min.js,0,False,False
docs/producer/evidence/student-kit-audit-2026-09-09/card-source-inventory.csv:13: trailing whitespace.
+vox-explainer.t1.section.ticker,vox-explainer,draft,tier1,section,style-library/01-vox-explainer/cards/tier1/t1-section-ticker.html,00c6ceb542d28fcefd932e42aeaf6da990bf6277,d2ddcee4ba456518620076aca366852e9cbe9bd01cfe7a00eff5acad5970a21c,1920,1080,,kicker|headline|tag|ticker,,https://cdn.jsdelivr.net/npm/gsap@3.14.2/dist/gsap.min.js,0,False,False
docs/producer/evidence/student-kit-audit-2026-09-09/card-source-inventory.csv:14: trailing whitespace.
+vox-explainer.t1.section.indexcard,vox-explainer,draft,tier1,section,style-library/01-vox-explainer/cards/tier1/t1-section-indexcard.html,76351a36063bbf3a79602acbb6d365f016265077,67a93df7728ee2443f2ea28d510c8447456a62815ce171238f08f03a35d5941a,1920,1080,,tab|code|title|sub,,https://cdn.jsdelivr.net/npm/gsap@3.14.2/dist/gsap.min.js,0,False,False
docs/producer/evidence/student-kit-audit-2026-09-09/card-source-inventory.csv:15: trailing whitespace.
+vox-explainer.t1.section.tornstrip,vox-explainer,draft,tier1,section,style-library/01-vox-explainer/cards/tier1/t1-section-tornstrip.html,30112b28dc32dd6246c266844e2a833fe4b06532,2d5545f160032ed0955c644d0f84f01f57171000a5156ed21918c89003dd1698,1920,1080,,kicker|headline|source,,https://cdn.jsdelivr.net/npm/gsap@3.14.2/dist/gsap.min.js,0,False,False
docs/producer/evidence/student-kit-audit-2026-09-09/card-source-inventory.csv:16: trailing whitespace.
+vox-explainer.t1.section.numeral,vox-explainer,draft,tier1,section,style-library/01-vox-explainer/cards/tier1/t1-section-numeral.html,cc57ad2ba7be18e141ef16a29e4f70d3a9b0c8a8,744c394f66932727982f0ac03f83801de16761da5c0b5a97bbc600bea3668731,1920,1080,,number|kicker|headline,,https://cdn.jsdelivr.net/npm/gsap@3.14.2/dist/gsap.min.js,0,False,False
docs/producer/evidence/student-kit-audit-2026-09-09/card-source-inventory.csv:17: trailing whitespace.
+vox-explainer.t1.section.bracket,vox-explainer,draft,tier1,section,style-library/01-vox-explainer/cards/tier1/t1-section-bracket.html,4945e54d74faee1cf489af927cb921f92103b63b,b2f9ef050c410016c87dac1a29c42e7a9497cb8a08606452fd11c2ae82cb7890,1920,1080,,kicker|headline|source,,https://cdn.jsdelivr.net/npm/gsap@3.14.2/dist/gsap.min.js,0,False,False
docs/producer/evidence/student-kit-audit-2026-09-09/card-source-inventory.csv:18: trailing whitespace.
+vox-explainer.t1.section.map,vox-explainer,draft,tier1,section,style-library/01-vox-explainer/cards/tier1/t1-section-map.html,7e0fc263b836f7a31cb4871b472dbb17dd6322cf,60d060968e662da235b83aab8c5f98566c45685a722ef8474c68a59dd8ea4156,1920,1080,,kicker|headline|place,,https://cdn.jsdelivr.net/npm/gsap@3.14.2/dist/gsap.min.js,0,False,False
docs/producer/evidence/student-kit-audit-2026-09-09/card-source-inventory.csv:19: trailing whitespace.
+vox-explainer.t1.section.highlight,vox-explainer,draft,tier1,section,style-library/01-vox-explainer/cards/tier1/t1-section-highlight.html,c8567b280b27dd7987ed457c162545493515c330,b95a39f09e27fe08dbf6723b8f086660c26e805739d18df5f0cce90d065e49aa,1920,1080,,kicker|pre|key|post|source,,https://cdn.jsdelivr.net/npm/gsap@3.14.2/dist/gsap.min.js,0,False,False
docs/producer/evidence/student-kit-audit-2026-09-09/card-source-inventory.csv:20: trailing whitespace.
+vox-explainer.t1.stat.circle,vox-explainer,draft,tier1,stat,style-library/01-vox-explainer/cards/tier1/t1-stat.html,afa06879dfff8a5a2198c75115c5b4f084c649fb,c64e410b52e090bf3582137509abf870b2ac03d04138429c05818205843b7c43,1920,1080,,kicker|stat|label|source,,https://cdn.jsdelivr.net/npm/gsap@3.14.2/dist/gsap.min.js,0,False,False
docs/producer/evidence/student-kit-audit-2026-09-09/card-source-inventory.csv:21: trailing whitespace.
+vox-explainer.t1.stat.giant-left,vox-explainer,draft,tier1,stat,style-library/01-vox-explainer/cards/tier1/t1-stat-left.html,77f040091f8b06f9c0d2b5e13e8b3354edbf3566,fa899ab4dcd527ae675f838bd8afd3f79e22017e6f8a322b9a176ce7d18fdae8,1920,1080,,kicker|stat|unit|label|source,,https://cdn.jsdelivr.net/npm/gsap@3.14.2/dist/gsap.min.js,0,False,False
docs/producer/evidence/student-kit-audit-2026-09-09/card-source-inventory.csv:22: trailing whitespace.
+vox-explainer.t1.stat.bar,vox-explainer,draft,tier1,stat,style-library/01-vox-explainer/cards/tier1/t1-stat-bar.html,bcfbe531d4df9910d021d37a8248f341908b0fa1,2d66d9cbdd28a8e66860ec9cbd53809e3df190436ab37712191494d1c8a92c69,1920,1080,,kicker|stat|label|source,,https://cdn.jsdelivr.net/npm/gsap@3.14.2/dist/gsap.min.js,0,False,False
docs/producer/evidence/student-kit-audit-2026-09-09/card-source-inventory.csv:23: trailing whitespace.
+vox-explainer.t1.stat.fraction,vox-explainer,draft,tier1,stat,style-library/01-vox-explainer/cards/tier1/t1-stat-frac.html,0cb58afc043db4ef04d2bb72767175ede6d19aab,82f3fead3dd63a2bd1df04a4a03ea64653cfbf82f288093d5606423e21614981,1920,1080,,kicker|num|den|label|source,,https://cdn.jsdelivr.net/npm/gsap@3.14.2/dist/gsap.min.js,0,False,False
docs/producer/evidence/student-kit-audit-2026-09-09/card-source-inventory.csv:24: trailing whitespace.
+vox-explainer.t1.stat.odometer,vox-explainer,draft,tier1,stat,style-library/01-vox-explainer/cards/tier1/t1-stat-odo.html,74525b04c1f850a65e017b54d58e574084c6a0ba,f00655fcbcc4c05a5eeb1f5f56f2afdde83af8e131041bf20a6084ee95900a85,1920,1080,,kicker|stat|label|source,,https://cdn.jsdelivr.net/npm/gsap@3.14.2/dist/gsap.min.js,0,False,False
docs/producer/evidence/student-kit-audit-2026-09-09/card-source-inventory.csv:25: trailing whitespace.
+vox-explainer.t1.stat.over-photo,vox-explainer,draft,tier1,stat,style-library/01-vox-explainer/cards/tier1/t1-stat-photo.html,53cefcf1a284135e952055daa9d19af85e9b3f0f,d3f5fd8a5b7c194553537a3cf59659a8fac1a176f1bcf08cffa3f9bd35b3e838,1920,1080,,kicker|stat|label|photo|source,,https://cdn.jsdelivr.net/npm/gsap@3.14.2/dist/gsap.min.js,0,False,False
docs/producer/evidence/student-kit-audit-2026-09-09/card-source-inventory.csv:26: trailing whitespace.
+vox-explainer.t1.stat.ledger,vox-explainer,draft,tier1,stat,style-library/01-vox-explainer/cards/tier1/t1-stat-ledger.html,49ee072ef0de9e497a7d425e4ea9ad6bc5e55870,bc388c6967f0a8a3bf4f8fafb0656f184aebfcc1acd3782f44d84d2973241721,1920,1080,,kicker|row1l|row1v|row2l|row2v|heroLabel|stat|source,,https://cdn.jsdelivr.net/npm/gsap@3.14.2/dist/gsap.min.js,0,False,False
docs/producer/evidence/student-kit-audit-2026-09-09/card-source-inventory.csv:27: trailing whitespace.
+vox-explainer.t1.stat.dot-grid,vox-explainer,draft,tier1,stat,style-library/01-vox-explainer/cards/tier1/t1-stat-dots.html,a891f1ce6f1cefcca47be997354fd295bb2604f0,6172b9bf2acb134790546d6fd925441261b5f1feccfdfd2ad9235e350eb10f61,1920,1080,,kicker|stat|label|source,,https://cdn.jsdelivr.net/npm/gsap@3.14.2/dist/gsap.min.js,0,False,False
docs/producer/evidence/student-kit-audit-2026-09-09/card-source-inventory.csv:28: trailing whitespace.
+vox-explainer.t1.stat.arc-gauge,vox-explainer,draft,tier1,stat,style-library/01-vox-explainer/cards/tier1/t1-stat-arc.html,0d9448e8623ecfb52d9e6590b0101fd7b08d81f2,077ca383340a8b7c51956f47fb0a366f7f4b5edabae0a94cf1129f1f672477bc,1920,1080,,kicker|stat|label|source,,https://cdn.jsdelivr.net/npm/gsap@3.14.2/dist/gsap.min.js,0,False,False
docs/producer/evidence/student-kit-audit-2026-09-09/card-source-inventory.csv:29: trailing whitespace.
+vox-explainer.t1.stat.versus,vox-explainer,draft,tier1,stat,style-library/01-vox-explainer/cards/tier1/t1-stat-vs.html,2966d9a17dfc8e28c992cc11710fd38e329da53b,47807473f9f07dfd2a5c8bd26b213271782b7dd063f1972f9d0e011f0b593330,1920,1080,,kicker|aVal|aLabel|bVal|bLabel|source,,https://cdn.jsdelivr.net/npm/gsap@3.14.2/dist/gsap.min.js,0,False,False
docs/producer/evidence/student-kit-audit-2026-09-09/card-source-inventory.csv:30: trailing whitespace.
+vox-explainer.t1.stat.callout,vox-explainer,draft,tier1,stat,style-library/01-vox-explainer/cards/tier1/t1-stat-callout.html,5bde7bdae132dfac016501c8d11fae76c08a1558,958917762cd6e38d3a1a2be46bdb062a284705760734275410b4d7a713c0a67d,1920,1080,,kicker|stat|unit|label|source,,https://cdn.jsdelivr.net/npm/gsap@3.14.2/dist/gsap.min.js,0,False,False
docs/producer/evidence/student-kit-audit-2026-09-09/card-source-inventory.csv:31: trailing whitespace.
+vox-explainer.t1.stat.stacked-bars,vox-explainer,draft,tier1,stat,style-library/01-vox-explainer/cards/tier1/t1-stat-ranking.html,2245f4631e894a3dc38b30555c6e93e0ad648ec0,a7e99c920ca02883dd7693690c954b90b04cb9f8bc01973615e18c0b02f00c41,1920,1080,,kicker|rowL1|rowV1|rowL2|rowV2|rowL3|rowV3|rowL4|rowV4|label|source,,https://cdn.jsdelivr.net/npm/gsap@3.14.2/dist/gsap.min.js,0,False,False
docs/producer/evidence/student-kit-audit-2026-09-09/card-source-inventory.csv:32: trailing whitespace.
+vox-explainer.t1.stat.column-chart,vox-explainer,draft,tier1,stat,style-library/01-vox-explainer/cards/tier1/t1-stat-columns.html,55f2ef1a75f4319c8fc03fc5a51efb9cc8229044,a839c552f5a5291e2258b9f440abd74d7ca2c35f1355e4788d97e8d6e9624a93,1920,1080,,kicker|c1|c2|c3|c4|c5|stat|label|source,c1|c2|c3|c4|c5|stat,https://cdn.jsdelivr.net/npm/gsap@3.14.2/dist/gsap.min.js,0,False,False
docs/producer/evidence/student-kit-audit-2026-09-09/card-source-inventory.csv:33: trailing whitespace.
+vox-explainer.t1.stat.semi-gauge,vox-explainer,draft,tier1,stat,style-library/01-vox-explainer/cards/tier1/t1-stat-semi.html,6cdc7e8742e315b069d7320f24cd81d7d6df24d2,a519a576df8eea0265ec4b888353ca539979c5af6d27f10bd5b6bdd608b6d8dc,1920,1080,,kicker|stat|minLabel|maxLabel|label|source,,https://cdn.jsdelivr.net/npm/gsap@3.14.2/dist/gsap.min.js,0,False,False
docs/producer/evidence/student-kit-audit-2026-09-09/card-source-inventory.csv:34: trailing whitespace.
+vox-explainer.t1.stat.pie-slice,vox-explainer,draft,tier1,stat,style-library/01-vox-explainer/cards/tier1/t1-stat-pie.html,76dadfd1df6274b771bd473156b489049619c1d6,47dc2261afc3a59b043548b766838c495db62a24a4d00a76fcdaa18afda0d7ff,1920,1080,,kicker|stat|label|source,,https://cdn.jsdelivr.net/npm/gsap@3.14.2/dist/gsap.min.js,0,False,False
docs/producer/evidence/student-kit-audit-2026-09-09/card-source-inventory.csv:35: trailing whitespace.
+vox-explainer.t1.stat.circle-pack,vox-explainer,draft,tier1,stat,style-library/01-vox-explainer/cards/tier1/t1-stat-pack.html,be7cebc4e448ad206ca9c20b832695ccad8c5c46,8792722b6457c78580c722548b2c3311f9b8ad17de987a22d55bc11632efa6e6,1920,1080,,kicker|bigLabel|smallLabel|stat|label|source,,https://cdn.jsdelivr.net/npm/gsap@3.14.2/dist/gsap.min.js,0,False,False
docs/producer/evidence/student-kit-audit-2026-09-09/card-source-inventory.csv:36: trailing whitespace.
+vox-explainer.t1.stat.stamp,vox-explainer,draft,tier1,stat,style-library/01-vox-explainer/cards/tier1/t1-stat-stamp.html,7213841129e0db784af4bc675588f527ed1f9cae,15ff3c76a4332011e30097b8b928aa1905bd1741ec4a3d07337e385ec34c0b7e,1920,1080,,kicker|stampWord|stat|label|source,,https://cdn.jsdelivr.net/npm/gsap@3.14.2/dist/gsap.min.js,0,False,False
docs/producer/evidence/student-kit-audit-2026-09-09/card-source-inventory.csv:37: trailing whitespace.
+vox-explainer.t1.stat.receipt,vox-explainer,draft,tier1,stat,style-library/01-vox-explainer/cards/tier1/t1-stat-receipt.html,aa2b61e0f9880229175779f5def39cf4249d545c,06dd6bf460bd8fe87e16cbc128c0bcc32633ae7902bf54a6e854fb6de8c0d128,1920,1080,,kicker|kicker-store|item1l|item1v|item2l|item2v|stat|label|source,,https://cdn.jsdelivr.net/npm/gsap@3.14.2/dist/gsap.min.js,0,False,False
docs/producer/evidence/student-kit-audit-2026-09-09/card-source-inventory.csv:38: trailing whitespace.
+vox-explainer.t1.stat.price-tag,vox-explainer,draft,tier1,stat,style-library/01-vox-explainer/cards/tier1/t1-stat-pricetag.html,49d32244b159967c3587ddc0db43b16983ded264,ead1e4d6ee833765a34177667610c70733fab7c39175435dd9377a3b30a188ec,1920,1080,,kicker|stat|unit|label|source,,https://cdn.jsdelivr.net/npm/gsap@3.14.2/dist/gsap.min.js,0,False,False
docs/producer/evidence/student-kit-audit-2026-09-09/card-source-inventory.csv:39: trailing whitespace.
+vox-explainer.t1.stat.postage,vox-explainer,draft,tier1,stat,style-library/01-vox-explainer/cards/tier1/t1-stat-postage.html,4d4bc4ab10ed54286a7a384b27426a483ee3efda,844c4eda828567dbe89c031105f379a70b8bbbddc252ef9c7caa08d86ce7e140,1920,1080,,kicker|stat|country|label|source,,https://cdn.jsdelivr.net/npm/gsap@3.14.2/dist/gsap.min.js,0,False,False
docs/producer/evidence/student-kit-audit-2026-09-09/card-source-inventory.csv:40: trailing whitespace.
+vox-explainer.t1.stat.calendar,vox-explainer,draft,tier1,stat,style-library/01-vox-explainer/cards/tier1/t1-stat-calendar.html,31f39b7bd08237cc3a3e06e7bf56d13a28f9be05,d634d1e0bba09803993d20cab0811ad6f9cd61419203dd3d645f702cfdc51281,1920,1080,,kicker|kicker-month|stat|label|source,,https://cdn.jsdelivr.net/npm/gsap@3.14.2/dist/gsap.min.js,0,False,False
docs/producer/evidence/student-kit-audit-2026-09-09/card-source-inventory.csv:41: trailing whitespace.
+vox-explainer.t1.stat.quote,vox-explainer,draft,tier1,stat,style-library/01-vox-explainer/cards/tier1/t1-stat-quote.html,d632f9e173fc4461c367cdfd0441e56be692aafb,36178bba288e7f719c3db62d7c84456cd7430581567045441e7b7d182fc84a16,1920,1080,,kicker|stat|label|source,,https://cdn.jsdelivr.net/npm/gsap@3.14.2/dist/gsap.min.js,0,False,False
docs/producer/evidence/student-kit-audit-2026-09-09/card-source-inventory.csv:42: trailing whitespace.
+vox-explainer.t1.stat.footnote,vox-explainer,draft,tier1,stat,style-library/01-vox-explainer/cards/tier1/t1-stat-footnote.html,8516d61bd587d71cb247ed3b6b1fdc5fbe7178fa,d8ce7569a557bd1526eb5f75a7f917ed03b6b669068c651380714c5c5eda0824,1920,1080,,kicker|stat|label|footnote|source,,https://cdn.jsdelivr.net/npm/gsap@3.14.2/dist/gsap.min.js,0,False,False
docs/producer/evidence/student-kit-audit-2026-09-09/card-source-inventory.csv:43: trailing whitespace.
+vox-explainer.t1.stat.bracket,vox-explainer,draft,tier1,stat,style-library/01-vox-explainer/cards/tier1/t1-stat-bracket.html,c3bec4b49acdd01382552565ac7147e0ed3be2e9,461e343b0405a0b725e82010e1d34071acdefda70f3c9142c515be1d475582ea,1920,1080,,kicker|stat|label|source,,https://cdn.jsdelivr.net/npm/gsap@3.14.2/dist/gsap.min.js,0,False,False
docs/producer/evidence/student-kit-audit-2026-09-09/card-source-inventory.csv:44: trailing whitespace.
+vox-explainer.t1.stat.multiplier,vox-explainer,draft,tier1,stat,style-library/01-vox-explainer/cards/tier1/t1-stat-multiplier.html,c6efaa4fb46994494167a257c8b5ed6fff274596,22f74b1af5a681b54487d785abab94097e5671f68c6b279530f4eb0d9b7622e2,1920,1080,,kicker|stat|baselineLabel|label|source,,https://cdn.jsdelivr.net/npm/gsap@3.14.2/dist/gsap.min.js,0,False,False
docs/producer/evidence/student-kit-audit-2026-09-09/card-source-inventory.csv:45: trailing whitespace.
+vox-explainer.t1.stat.trend-delta,vox-explainer,draft,tier1,stat,style-library/01-vox-explainer/cards/tier1/t1-stat-trend.html,8969038203012a5fc5e3288dc570d8f660bd2612,cfc55391a58f54353dea89d9b37356b82afb3cc8f3db595ecb4fe4b8617ea295,1920,1080,,kicker|sign|stat|baseline|label|source,,https://cdn.jsdelivr.net/npm/gsap@3.14.2/dist/gsap.min.js,0,False,False
docs/producer/evidence/student-kit-audit-2026-09-09/card-source-inventory.csv:46: trailing whitespace.
+vox-explainer.t1.stat.torn,vox-explainer,draft,tier1,stat,style-library/01-vox-explainer/cards/tier1/t1-stat-torn.html,26c51ab5ad469188485f490dd3cad5e0227fa7b3,a228d71d65c6781a81c0298ecccd9b44ab9440fecd2e31b4542947ecc0abab4f,1920,1080,,kicker|stat|label|source,,https://cdn.jsdelivr.net/npm/gsap@3.14.2/dist/gsap.min.js,0,False,False
docs/producer/evidence/student-kit-audit-2026-09-09/card-source-inventory.csv:47: trailing whitespace.
+vox-explainer.t1.stat.corner-bleed,vox-explainer,draft,tier1,stat,style-library/01-vox-explainer/cards/tier1/t1-stat-corner.html,74a821378c71aee2fb298e028d5b7ddd46a87c89,9c5afc7ede83068530259dbddc315bfeaddabf139ec24e8356dae8b90a93fdcb,1920,1080,,kicker|stat|label|source,,https://cdn.jsdelivr.net/npm/gsap@3.14.2/dist/gsap.min.js,0,False,False
docs/producer/evidence/student-kit-audit-2026-09-09/card-source-inventory.csv:48: trailing whitespace.
+vox-explainer.t1.stat.ticker-tape,vox-explainer,draft,tier1,stat,style-library/01-vox-explainer/cards/tier1/t1-stat-tape.html,87030bcbcb2ebf7cc02080cdcab6b3db4945c84f,0bdb5661f66cedae756511b976cf37455acfdc7efd7416f7f23aab0eebd879c3,1920,1080,,kicker|stat|tape|label|source,,https://cdn.jsdelivr.net/npm/gsap@3.14.2/dist/gsap.min.js,0,False,False
docs/producer/evidence/student-kit-audit-2026-09-09/card-source-inventory.csv:49: trailing whitespace.
+vox-explainer.t1.stat.map,vox-explainer,draft,tier1,stat,style-library/01-vox-explainer/cards/tier1/t1-stat-map.html,d4061bf2c36f9e293dbb17be6efc7491e41216b9,caaa2be7f48589587034ea8d149cd15c911688e54c7e7f57cce1b8eb5fc5b189,1920,1080,,kicker|stat|place|label|source,,https://cdn.jsdelivr.net/npm/gsap@3.14.2/dist/gsap.min.js,0,False,False
docs/producer/evidence/student-kit-audit-2026-09-09/card-source-inventory.csv:50: trailing whitespace.
+vox-explainer.t1.stat.spotlight,vox-explainer,draft,tier1,stat,style-library/01-vox-explainer/cards/tier1/t1-stat-spotlight.html,335851c43c589f9e125d81ffa5f119a81f61e819,2cf213915a7fe0d51f9bde4b5f9875a212b30c6cc1f740f5fadf42176e50165f,1920,1080,,kicker|stat|label|source,,https://cdn.jsdelivr.net/npm/gsap@3.14.2/dist/gsap.min.js,0,False,False
docs/producer/evidence/student-kit-audit-2026-09-09/card-source-inventory.csv:51: trailing whitespace.
+vox-explainer.t1.stat.linear-meter,vox-explainer,draft,tier1,stat,style-library/01-vox-explainer/cards/tier1/t1-stat-meter.html,1f45229ad6cc6dedec419953d6cd09d3286d541e,58901f683e3068d12004ba3c41aeebc24c7cb3af81f59abb8a279aea0a00c9c8,1920,1080,,kicker|stat|minLabel|maxLabel|label|source,,https://cdn.jsdelivr.net/npm/gsap@3.14.2/dist/gsap.min.js,0,False,False
docs/producer/evidence/student-kit-audit-2026-09-09/card-source-inventory.csv:52: trailing whitespace.
+vox-explainer.t1.stat.heat-strip,vox-explainer,draft,tier1,stat,style-library/01-vox-explainer/cards/tier1/t1-stat-heat.html,1627fea145cdee4d96e050db93f4534eb0a20ae8,aa924bb4cad0f087f3c6821f55a489b3a84d572542f1e8d7ba6de5a56b304ef7,1920,1080,,kicker|stat|lowLabel|highLabel|label|source,stat,https://cdn.jsdelivr.net/npm/gsap@3.14.2/dist/gsap.min.js,0,False,False
docs/producer/evidence/student-kit-audit-2026-09-09/card-source-inventory.csv:53: trailing whitespace.
+vox-explainer.t1.stat.progress-steps,vox-explainer,draft,tier1,stat,style-library/01-vox-explainer/cards/tier1/t1-stat-steps.html,6123627673e872239aa224a9424661e23ebc9112,432a62e8e8deb438e5597ed1315bc350296d2b41985fcc3827797c376dfe245c,1920,1080,,kicker|stat|label|source,,https://cdn.jsdelivr.net/npm/gsap@3.14.2/dist/gsap.min.js,0,False,False
docs/producer/evidence/student-kit-audit-2026-09-09/card-source-inventory.csv:54: trailing whitespace.
+vox-explainer.t1.stat.isotype,vox-explainer,draft,tier1,stat,style-library/01-vox-explainer/cards/tier1/t1-stat-isotype.html,1322ecf111a925861001963a9d454aef1f4fb59a,303e099b2f4a54707cdddc57a3715aaa794232ec1f08a3bc2abba9f8d35c1dcb,1920,1080,,kicker|stat|label|source,,https://cdn.jsdelivr.net/npm/gsap@3.14.2/dist/gsap.min.js,0,False,False
docs/producer/evidence/student-kit-audit-2026-09-09/card-source-inventory.csv:55: trailing whitespace.
+vox-explainer.t1.stat.timeline-point,vox-explainer,draft,tier1,stat,style-library/01-vox-explainer/cards/tier1/t1-stat-axis.html,bb042fc0848ceea7e0a9545ca9d96ec9a889893d,5cb1ca3bf1bea43c9c6676402a1c9ede139ef11998a5df3918416247ceabff12,1920,1080,,kicker|stat|axisStart|axisEnd|pointLabel|label|source,,https://cdn.jsdelivr.net/npm/gsap@3.14.2/dist/gsap.min.js,0,False,False
docs/producer/evidence/student-kit-audit-2026-09-09/card-source-inventory.csv:56: trailing whitespace.
+vox-explainer.t1.stat.rank-banner,vox-explainer,draft,tier1,stat,style-library/01-vox-explainer/cards/tier1/t1-stat-ribbon.html,b9afdce2ebd682526bc497a3a66d3a82e92f0d59,02b91c5de6a67f598d5a5dc3e59226b2f56353ef66e09971007965e9f3780a28,1920,1080,,kicker|stat|bannerLabel|label|source,,https://cdn.jsdelivr.net/npm/gsap@3.14.2/dist/gsap.min.js,0,False,False
docs/producer/evidence/student-kit-audit-2026-09-09/card-source-inventory.csv:57: trailing whitespace.
+vox-explainer.t1.stat.annotated,vox-explainer,draft,tier1,stat,style-library/01-vox-explainer/cards/tier1/t1-stat-annotated.html,f7809708d9acd5707fa64503f9b7f6bfddabc43b,ee50575bcbd207a971a03b13f19a57cb350df4e21c5c7b6d9379e18d19983f3b,1920,1080,,kicker|stat|note1|note2|note3|source,,https://cdn.jsdelivr.net/npm/gsap@3.14.2/dist/gsap.min.js,0,False,False
docs/producer/evidence/student-kit-audit-2026-09-09/card-source-inventory.csv:58: trailing whitespace.
+vox-explainer.t1.stat.engraving,vox-explainer,draft,tier1,stat,style-library/01-vox-explainer/cards/tier1/t1-stat-engraving.html,6058a4b56f2481009cdc637b73980945e0e06aec,41088e23e92829a70a555f8a321bcc5064fd180ff1286805a5302769aa23f170,1920,1080,,kicker|stat|label|engraving|source,,https://cdn.jsdelivr.net/npm/gsap@3.14.2/dist/gsap.min.js,0,False,False
docs/producer/evidence/student-kit-audit-2026-09-09/card-source-inventory.csv:59: trailing whitespace.
+vox-explainer.t1.stat.window,vox-explainer,draft,tier1,stat,style-library/01-vox-explainer/cards/tier1/t1-stat-window.html,58da70185b5a2a0862b147ca2861413b2ff3186d,88b34bf92a8de4347ac4bb42711ac2c0f6525e447e5d4be18d7eed23afd1b6df,1920,1080,,kicker|stat|label|source,,https://cdn.jsdelivr.net/npm/gsap@3.14.2/dist/gsap.min.js,0,False,False
docs/producer/evidence/student-kit-audit-2026-09-09/card-source-inventory.csv:60: trailing whitespace.
+vox-explainer.t1.stat.magnifier,vox-explainer,draft,tier1,stat,style-library/01-vox-explainer/cards/tier1/t1-stat-magnifier.html,44a6f2fef78e018af88332074262210c81dc9985,fc935b313a84cebc021935e4c4d8cccc17fb6b2c02489cc092b6dba375abef44,1920,1080,,kicker|stat|label|source,,https://cdn.jsdelivr.net/npm/gsap@3.14.2/dist/gsap.min.js,0,False,False
docs/producer/evidence/student-kit-audit-2026-09-09/card-source-inventory.csv:61: trailing whitespace.
+vox-explainer.t1.overview.timeline-3up,vox-explainer,draft,tier1,overview,style-library/01-vox-explainer/cards/tier1/t1-timeline.html,f5055e0f10c62d7e4112614ff53ef7ae801055ea,71fa9e9b605e6d687a2744ec4894918779df3e17029a75c684e99d8234916261,1920,1080,,title|intro|img1|evt1|yr1|date1|img2|evt2|yr2|date2|img3|evt3|yr3|date3,,https://cdn.jsdelivr.net/npm/gsap@3.14.2/dist/gsap.min.js,0,False,False
docs/producer/evidence/student-kit-audit-2026-09-09/card-source-inventory.csv:62: trailing whitespace.
+vox-explainer.t1.overview.numbered-list,vox-explainer,draft,tier1,overview,style-library/01-vox-explainer/cards/tier1/t1-overview-numlist.html,b8fa2934e763d50b382c3c84be74ee41e10382f6,102cd0da2174c7aea5630e9a9c99ddf80c2976eb4e99c52ad78b594545d66e3d,1920,1080,,title|intro|topic1|sub1|topic2|sub2|topic3|sub3|topic4|sub4|source,,https://cdn.jsdelivr.net/npm/gsap@3.14.2/dist/gsap.min.js,0,False,False
docs/producer/evidence/student-kit-audit-2026-09-09/card-source-inventory.csv:63: trailing whitespace.
+vox-explainer.t1.overview.checklist,vox-explainer,draft,tier1,overview,style-library/01-vox-explainer/cards/tier1/t1-overview-checklist.html,ca496a8b69d6e0d774afd71369206751fbca0e77,d0847739eace3bbae43e682de82c9aebc653b2d2a4b3e3d49ee325fa01f7bfd6,1920,1080,,title|item1|item2|item3|item4|item5|source,,https://cdn.jsdelivr.net/npm/gsap@3.14.2/dist/gsap.min.js,0,False,False
docs/producer/evidence/student-kit-audit-2026-09-09/card-source-inventory.csv:64: trailing whitespace.
+vox-explainer.t1.overview.toc,vox-explainer,draft,tier1,overview,style-library/01-vox-explainer/cards/tier1/t1-overview-toc.html,c2e9d4c1257c4f6b332ae38a1a915d37ce82c168,02f17b5008c1a848eeb1e26e6896db96feec8b9c232b5751b4e787ec702e916f,1920,1080,,title|item1|page1|item2|page2|item3|page3|item4|page4|item5|page5|source,,https://cdn.jsdelivr.net/npm/gsap@3.14.2/dist/gsap.min.js,0,False,False
docs/producer/evidence/student-kit-audit-2026-09-09/card-source-inventory.csv:65: trailing whitespace.
+vox-explainer.t1.overview.agenda-bars,vox-explainer,draft,tier1,overview,style-library/01-vox-explainer/cards/tier1/t1-overview-agenda.html,dcd47a127273fbb4e846dfb849f98088e99b49d5,dcf0820eb083c0606158b816fafb9505ab20cc5272326a29badf2913e88cda44,1920,1080,,title|item1|item2|item3|item4|source,,https://cdn.jsdelivr.net/npm/gsap@3.14.2/dist/gsap.min.js,0,False,False
docs/producer/evidence/student-kit-audit-2026-09-09/card-source-inventory.csv:66: trailing whitespace.
+vox-explainer.t1.overview.big-type,vox-explainer,draft,tier1,overview,style-library/01-vox-explainer/cards/tier1/t1-overview-bigtype.html,36f780862dadc152767d0c2735859fc0454e684d,8a0832b2d8c924758ae3b746d13023334c0d7abbb09ba406776260dae73365b7,1920,1080,,title|line1|line2|line3|line4|source,,https://cdn.jsdelivr.net/npm/gsap@3.14.2/dist/gsap.min.js,0,False,False
docs/producer/evidence/student-kit-audit-2026-09-09/card-source-inventory.csv:67: trailing whitespace.
+vox-explainer.t1.overview.quad,vox-explainer,draft,tier1,overview,style-library/01-vox-explainer/cards/tier1/t1-overview-quad.html,2a193e1be856407fa636b11ef2368c1477dd399f,24953a9e224fd271718fb78175f38a6f81cd7428fec307a59c84699e63138a84,1920,1080,,title|q1|qs1|q2|qs2|q3|qs3|q4|qs4|source,,https://cdn.jsdelivr.net/npm/gsap@3.14.2/dist/gsap.min.js,0,False,False
docs/producer/evidence/student-kit-audit-2026-09-09/card-source-inventory.csv:68: trailing whitespace.
+vox-explainer.t1.overview.grid6,vox-explainer,draft,tier1,overview,style-library/01-vox-explainer/cards/tier1/t1-overview-grid6.html,4ad3644ed4e2b455bd7b8971f67d1f75f3aed82d,3ccee82ad8dcfb41a7cc00743750fc453163a93fb7a338f9a11fc03bd9eec269,1920,1080,,title|g1|g2|g3|g4|g5|g6|source,,https://cdn.jsdelivr.net/npm/gsap@3.14.2/dist/gsap.min.js,0,False,False
docs/producer/evidence/student-kit-audit-2026-09-09/card-source-inventory.csv:69: trailing whitespace.
+vox-explainer.t1.overview.card-deck,vox-explainer,draft,tier1,overview,style-library/01-vox-explainer/cards/tier1/t1-overview-deck.html,e254e08c28444cd87303f45debfcf07760c9bed7,9426a22309d37537a9dc34090c642a6e830975dde1e52d2c0734efcbc991fb19,1920,1080,,title|intro|card1|card2|card3|card4|source,,https://cdn.jsdelivr.net/npm/gsap@3.14.2/dist/gsap.min.js,0,False,False
docs/producer/evidence/student-kit-audit-2026-09-09/card-source-inventory.csv:70: trailing whitespace.
+vox-explainer.t1.overview.filmstrip,vox-explainer,draft,tier1,overview,style-library/01-vox-explainer/cards/tier1/t1-overview-filmstrip.html,595e01007067fd1505dede2e931a9c4aee711d48,977ae08dbe6bf995518bd700229a9ec9a9540927de4d1fa61973a1a10560347d,1920,1080,,title|img1|cap1|img2|cap2|img3|cap3|img4|cap4|source,,https://cdn.jsdelivr.net/npm/gsap@3.14.2/dist/gsap.min.js,0,False,False
docs/producer/evidence/student-kit-audit-2026-09-09/card-source-inventory.csv:71: trailing whitespace.
+vox-explainer.t1.overview.index-cards,vox-explainer,draft,tier1,overview,style-library/01-vox-explainer/cards/tier1/t1-overview-indexset.html,f8d7a6f6c0f4e57dd6a6638ba4442800c8c70576,da117454eb45e9294fd4f57f457fbf944f9169817fa8a54d844da01a50167732,1920,1080,,title|tab1|card1|tab2|card2|tab3|card3|source,,https://cdn.jsdelivr.net/npm/gsap@3.14.2/dist/gsap.min.js,0,False,False
docs/producer/evidence/student-kit-audit-2026-09-09/card-source-inventory.csv:72: trailing whitespace.
+vox-explainer.t1.overview.vertical-timeline,vox-explainer,draft,tier1,overview,style-library/01-vox-explainer/cards/tier1/t1-overview-vtimeline.html,db3be70f0eae7a67fa2fcfbe6d667b1d83cc0310,618e2dffba4e238a64505a6dcf30ac82c8432ea51b3525001887621f23ead932,1920,1080,,title|yr1|ev1|yr2|ev2|yr3|ev3|yr4|ev4|source,ev1|ev2|ev3|ev4|yr1|yr2|yr3|yr4,https://cdn.jsdelivr.net/npm/gsap@3.14.2/dist/gsap.min.js,0,False,False
docs/producer/evidence/student-kit-audit-2026-09-09/card-source-inventory.csv:73: trailing whitespace.
+vox-explainer.t1.overview.roadmap,vox-explainer,draft,tier1,overview,style-library/01-vox-explainer/cards/tier1/t1-overview-roadmap.html,276f2336eb00d6b9780e7baf223cb360a86a00ad,4eb65ad5832354c9b0c09d8cd102ef0a36658ca2a3b397488ff001636e27db2b,1920,1080,,title|intro|stop1|stop2|stop3|stop4|source,,https://cdn.jsdelivr.net/npm/gsap@3.14.2/dist/gsap.min.js,0,False,False
docs/producer/evidence/student-kit-audit-2026-09-09/card-source-inventory.csv:74: trailing whitespace.
+vox-explainer.t1.overview.stepper,vox-explainer,draft,tier1,overview,style-library/01-vox-explainer/cards/tier1/t1-overview-stepper.html,1ea227d792a9919bcc0cd1205aa9107af9ccf274,d4bb76c2605af0325d0f7cb0a77525581dec12576a88b0711f5701fe169a7742,1920,1080,,title|intro|step1|step2|step3|step4|source,,https://cdn.jsdelivr.net/npm/gsap@3.14.2/dist/gsap.min.js,0,False,False
docs/producer/evidence/student-kit-audit-2026-09-09/card-source-inventory.csv:75: trailing whitespace.
+vox-explainer.t1.overview.phases,vox-explainer,draft,tier1,overview,style-library/01-vox-explainer/cards/tier1/t1-overview-phases.html,933e429178b1554b1897370047f2fbd10ae827c9,90ed8f308a91837f95a79923449451d2e8a43871c21d5f9457b4158b9ae76f5a,1920,1080,,title|phase1|psub1|phase2|psub2|phase3|psub3|source,,https://cdn.jsdelivr.net/npm/gsap@3.14.2/dist/gsap.min.js,0,False,False
docs/producer/evidence/student-kit-audit-2026-09-09/card-source-inventory.csv:76: trailing whitespace.
+vox-explainer.t1.overview.board,vox-explainer,draft,tier1,overview,style-library/01-vox-explainer/cards/tier1/t1-overview-board.html,a8132b1e4e684b036138dca4ccd2c52b8ca221b7,c54aabf04dd78051a6846db5b5db77cc30fd16ee1159d550ba3ed16a0d7500bf,1920,1080,,title|row1|time1|row2|time2|row3|time3|row4|time4|row5|time5|source,,https://cdn.jsdelivr.net/npm/gsap@3.14.2/dist/gsap.min.js,0,False,False
docs/producer/evidence/student-kit-audit-2026-09-09/card-source-inventory.csv:77: trailing whitespace.
+vox-explainer.t1.overview.compare,vox-explainer,draft,tier1,overview,style-library/01-vox-explainer/cards/tier1/t1-overview-compare.html,0addf00fda9dd06ddbadd5fd236bc35073208101,adcfefd7295302e5e2cbe76f6abb4bec49c71c3a2eb686db1cd43ac09ece502e,1920,1080,,title|leftTitle|l1|l2|l3|rightTitle|r1|r2|r3|source,,https://cdn.jsdelivr.net/npm/gsap@3.14.2/dist/gsap.min.js,0,False,False
docs/producer/evidence/student-kit-audit-2026-09-09/card-source-inventory.csv:78: trailing whitespace.
+vox-explainer.t1.overview.matrix,vox-explainer,draft,tier1,overview,style-library/01-vox-explainer/cards/tier1/t1-overview-matrix.html,50d9054aa8a105fbfef267bf1bd18dcd15cba157,0d6454b7a5dbc9a21cf41a2acaf22cc712e274a94a6ad664104cb8c5ac4fa4c5,1920,1080,,title|colA|colB|row1|row2|row3|source,,https://cdn.jsdelivr.net/npm/gsap@3.14.2/dist/gsap.min.js,0,False,False
docs/producer/evidence/student-kit-audit-2026-09-09/card-source-inventory.csv:79: trailing whitespace.
+vox-explainer.t1.overview.map-legend,vox-explainer,draft,tier1,overview,style-library/01-vox-explainer/cards/tier1/t1-overview-maplegend.html,132711252da6bbbedc7e76e2da73aac5265ba836,94c634288fc117e6925391d0819db7acb5c7b76c7aa236c1fd5be189bdf84ded,1920,1080,,title|leg1|leg2|leg3|leg4|source,,https://cdn.jsdelivr.net/npm/gsap@3.14.2/dist/gsap.min.js,0,False,False
docs/producer/evidence/student-kit-audit-2026-09-09/card-source-inventory.csv:80: trailing whitespace.
+vox-explainer.t1.overview.outline,vox-explainer,draft,tier1,overview,style-library/01-vox-explainer/cards/tier1/t1-overview-outline.html,76c0e43418e08603f386646edc52c0eb80ba069e,b836180b487bbc00365331dc5534351c6b89f9a93d4441fe1ab12dff2443173a,1920,1080,,title|b1|sub1|b2|sub2|b3|sub3|source,,https://cdn.jsdelivr.net/npm/gsap@3.14.2/dist/gsap.min.js,0,False,False
docs/producer/evidence/student-kit-audit-2026-09-09/card-source-inventory.csv:81: trailing whitespace.
+vox-explainer.t1.overview.dossier,vox-explainer,draft,tier1,overview,style-library/01-vox-explainer/cards/tier1/t1-overview-dossier.html,05676c0ed1ee65bea57bd8579c991c8fd74b5b5a,71dac5ce87a304fba5d83553abfde58e9cb813e7f06336fc061d9109cffbe351,1920,1080,,title|tab1|file1|tab2|file2|tab3|file3|tab4|file4|source,,https://cdn.jsdelivr.net/npm/gsap@3.14.2/dist/gsap.min.js,0,False,False
docs/producer/evidence/student-kit-audit-2026-09-09/card-source-inventory.csv:82: trailing whitespace.
+vox-explainer.t2.lower-third.marker,vox-explainer,draft,tier2,lower-third,style-library/01-vox-explainer/cards/tier2/t2-lower-third.html,bc49d8904015b5da205df085c4a80e6665d87541,cf822a8cbd57f7aa1796082e96e8df826f6d521451312247edd7be4e2607c769,1920,1080,,tag|name|role,,https://cdn.jsdelivr.net/npm/gsap@3.14.2/dist/gsap.min.js,0,False,False
docs/producer/evidence/student-kit-audit-2026-09-09/card-source-inventory.csv:83: trailing whitespace.
+vox-explainer.t2.label.margin-note,vox-explainer,draft,tier2,label,style-library/01-vox-explainer/cards/tier2/t2-label.html,20fc5986e25568b339b414d5df2dd698acc3bc49,667527a8c3001aeb8315c10f57ac04ce9f0aab446fd1e1f9633cf55c333c3bb0,1920,1080,,term|detail,,https://cdn.jsdelivr.net/npm/gsap@3.14.2/dist/gsap.min.js,0,False,False
docs/producer/evidence/student-kit-audit-2026-09-09/card-source-inventory.csv:84: trailing whitespace.
+vox-explainer.t2.lower-third.bar-slab,vox-explainer,draft,tier2,lower-third,style-library/01-vox-explainer/cards/tier2/t2-lt-barslab.html,eaf97d56b7c14325de66b827d2a7560deb6f1e9a,3c06e0c0b25b35f4cfba9a444f85173ca6c36ff94559666465e92cf8a1eceaa4,1920,1080,,tag|name|role,,https://cdn.jsdelivr.net/npm/gsap@3.14.2/dist/gsap.min.js,0,False,False
docs/producer/evidence/student-kit-audit-2026-09-09/card-source-inventory.csv:85: trailing whitespace.
+vox-explainer.t2.lower-third.index-tab,vox-explainer,draft,tier2,lower-third,style-library/01-vox-explainer/cards/tier2/t2-lt-indextab.html,722d48c6af22d14f6d7f4136fd6bb87550e9ea38,7717294dc26beea1493d97086c8647222c67613d56363c7ba4cfe7507dfb073d,1920,1080,,tag|name|role,,https://cdn.jsdelivr.net/npm/gsap@3.14.2/dist/gsap.min.js,0,False,False
docs/producer/evidence/student-kit-audit-2026-09-09/card-source-inventory.csv:86: trailing whitespace.
+vox-explainer.t2.lower-third.stacked,vox-explainer,draft,tier2,lower-third,style-library/01-vox-explainer/cards/tier2/t2-lt-stacked.html,b67588db7942983384b0b96d07d9938674ac9d46,695e16995baaff32e5bc372cec014a9a66918dda3ca443e02c763902f42eaf8b,1920,1080,,tag|name|role,,https://cdn.jsdelivr.net/npm/gsap@3.14.2/dist/gsap.min.js,0,False,False
docs/producer/evidence/student-kit-audit-2026-09-09/card-source-inventory.csv:87: trailing whitespace.
+vox-explainer.t2.lower-third.sticky,vox-explainer,draft,tier2,lower-third,style-library/01-vox-explainer/cards/tier2/t2-lt-sticky.html,e73418952c5f1bfd09f202031b29e5c8aa30b585,7a880ce25c5a88de18cc77101ce8697ed5e072ca93780a28b9bd919c4806c071,1920,1080,,tag|name|role,,https://cdn.jsdelivr.net/npm/gsap@3.14.2/dist/gsap.min.js,0,False,False
docs/producer/evidence/student-kit-audit-2026-09-09/card-source-inventory.csv:88: trailing whitespace.
+vox-explainer.t2.lower-third.rail,vox-explainer,draft,tier2,lower-third,style-library/01-vox-explainer/cards/tier2/t2-lt-rail.html,7ea5a185d7478107691cc4efc63a0e3683720b0f,f7741e050143e5e82e957bb7fa97810adbf72fa653358ad9b9123401a0fbbb51,1920,1080,,tag|name|role,,https://cdn.jsdelivr.net/npm/gsap@3.14.2/dist/gsap.min.js,0,False,False
docs/producer/evidence/student-kit-audit-2026-09-09/card-source-inventory.csv:89: trailing whitespace.
+vox-explainer.t2.lower-third.badge,vox-explainer,draft,tier2,lower-third,style-library/01-vox-explainer/cards/tier2/t2-lt-badge.html,0073f663392c41a64d6d2abedb35e249788bdef5,313287c8bf5f7e5a96294e94f798246aaa8b004dd126c7d7d74f288dd82dd240,1920,1080,,tag|name|role,,https://cdn.jsdelivr.net/npm/gsap@3.14.2/dist/gsap.min.js,0,False,False
docs/producer/evidence/student-kit-audit-2026-09-09/card-source-inventory.csv:90: trailing whitespace.
+vox-explainer.t2.lower-third.clapper,vox-explainer,draft,tier2,lower-third,style-library/01-vox-explainer/cards/tier2/t2-lt-clapper.html,dca3047ef1dd3c25abefb92df1aa7be80c3ebaf2,93f4885cd2f6c557ecf896428b9714312755f2dff6a626a15458963ab368657d,1920,1080,,tag|name|role,,https://cdn.jsdelivr.net/npm/gsap@3.14.2/dist/gsap.min.js,0,False,False
docs/producer/evidence/student-kit-audit-2026-09-09/card-source-inventory.csv:91: trailing whitespace.
+vox-explainer.t2.lower-third.highlight,vox-explainer,draft,tier2,lower-third,style-library/01-vox-explainer/cards/tier2/t2-lt-highlight.html,083785f0ea64ef4b19a49f112e6a29def68b9666,aa433b23bcd29503a173062d22db54a697d17e20613c1ab94ea3e21b5c513937,1920,1080,,tag|name|role,,https://cdn.jsdelivr.net/npm/gsap@3.14.2/dist/gsap.min.js,0,False,False
docs/producer/evidence/student-kit-audit-2026-09-09/card-source-inventory.csv:92: trailing whitespace.
+vox-explainer.t2.lower-third.bracket,vox-explainer,draft,tier2,lower-third,style-library/01-vox-explainer/cards/tier2/t2-lt-bracket.html,200674f188cbe0c78a1a8396c504a323dad99e75,d51bfc6ecd073332a8ca855252a167d261258825a556edc29726cad818fc0ccd,1920,1080,,tag|name|role,,https://cdn.jsdelivr.net/npm/gsap@3.14.2/dist/gsap.min.js,0,False,False
docs/producer/evidence/student-kit-audit-2026-09-09/card-source-inventory.csv:93: trailing whitespace.
+vox-explainer.t2.lower-third.stamp,vox-explainer,draft,tier2,lower-third,style-library/01-vox-explainer/cards/tier2/t2-lt-stamp.html,5d19c61c4c4ecf0a4f2eaca4c47c202204fad9d3,09daef037ff15bb5bc8af0ac6a11c4a5d401d798b8ec6ed65328243065d06535,1920,1080,,tag|name|role,,https://cdn.jsdelivr.net/npm/gsap@3.14.2/dist/gsap.min.js,0,False,False
docs/producer/evidence/student-kit-audit-2026-09-09/card-source-inventory.csv:94: trailing whitespace.
+vox-explainer.t2.lower-third.ribbon,vox-explainer,draft,tier2,lower-third,style-library/01-vox-explainer/cards/tier2/t2-lt-ribbon.html,036886ea0c37d580259b4a99f93b029a09a44109,53215ea834bf14c90f0d07ad0e2617f3acdbd02f84c4425be74ccbc0b0e1148c,1920,1080,,tag|name|role,,https://cdn.jsdelivr.net/npm/gsap@3.14.2/dist/gsap.min.js,0,False,False
docs/producer/evidence/student-kit-audit-2026-09-09/card-source-inventory.csv:95: trailing whitespace.
+vox-explainer.t2.lower-third.type-card,vox-explainer,draft,tier2,lower-third,style-library/01-vox-explainer/cards/tier2/t2-lt-typecard.html,305115c0a34a323eb54dd9abc44034278e2ea98b,63b6ed7774192d14d91cf7019307b30f3fbbf3de039a0812a017b64dd9449258,1920,1080,,tag|name|role,,https://cdn.jsdelivr.net/npm/gsap@3.14.2/dist/gsap.min.js,0,False,False
docs/producer/evidence/student-kit-audit-2026-09-09/card-source-inventory.csv:96: trailing whitespace.
+vox-explainer.t2.label.circle,vox-explainer,draft,tier2,label,style-library/01-vox-explainer/cards/tier2/t2-lb-circle.html,f42f9437ee5a6ee1867f24da2bda57fa57c3a1bf,313d573a655ce3df189ae66838488133b9536b914feb6343a2d29398abd93fce,1920,1080,,term|detail,,https://cdn.jsdelivr.net/npm/gsap@3.14.2/dist/gsap.min.js,0,False,False
docs/producer/evidence/student-kit-audit-2026-09-09/card-source-inventory.csv:97: trailing whitespace.
+vox-explainer.t2.label.bracket,vox-explainer,draft,tier2,label,style-library/01-vox-explainer/cards/tier2/t2-lb-bracket.html,72e5781a1f0342d4d71075db1862ca8be3a1b402,f7c1d8ef9e850e9be94fe3620f6a0c7d5b0d12bd42b9df34d34328f171aaa859,1920,1080,,term|detail,,https://cdn.jsdelivr.net/npm/gsap@3.14.2/dist/gsap.min.js,0,False,False
docs/producer/evidence/student-kit-audit-2026-09-09/card-source-inventory.csv:98: trailing whitespace.
+vox-explainer.t2.label.sticky,vox-explainer,draft,tier2,label,style-library/01-vox-explainer/cards/tier2/t2-lb-sticky.html,c6f96c34b33eb78a97550dc3e328c523019abcbb,b0f14a6ac1a253c7e4bdad6d387b8f26d0d1701b35eeaea781b2229f7aee2d31,1920,1080,,term|detail,,https://cdn.jsdelivr.net/npm/gsap@3.14.2/dist/gsap.min.js,0,False,False
docs/producer/evidence/student-kit-audit-2026-09-09/card-source-inventory.csv:99: trailing whitespace.
+vox-explainer.t2.label.underline,vox-explainer,draft,tier2,label,style-library/01-vox-explainer/cards/tier2/t2-lb-underline.html,2af25ff6f19b75d478660eca554194cbd36f0075,55c06c3c60bc804c33ebd2b8b51d1a8ca5e1258287765ce07f748d2968894850,1920,1080,,term|detail,,https://cdn.jsdelivr.net/npm/gsap@3.14.2/dist/gsap.min.js,0,False,False
docs/producer/evidence/student-kit-audit-2026-09-09/card-source-inventory.csv:100: trailing whitespace.
+vox-explainer.t2.label.pin,vox-explainer,draft,tier2,label,style-library/01-vox-explainer/cards/tier2/t2-lb-pin.html,c4bb0390638a7bb299e3f476ff4f63ff36f29258,3eed26de14392b29a26c08ae8bc124e60cf7819b507331af97523d4667dd2175,1920,1080,,term|detail,,https://cdn.jsdelivr.net/npm/gsap@3.14.2/dist/gsap.min.js,0,False,False
docs/producer/evidence/student-kit-audit-2026-09-09/card-source-inventory.csv:101: trailing whitespace.
+vox-explainer.t2.label.footnote,vox-explainer,draft,tier2,label,style-library/01-vox-explainer/cards/tier2/t2-lb-footnote.html,68e51249adbee46d40f27ed68e26c347a9dae41a,edbc0df497e88b65bde0a0b3ac203b40839b4bb6d48341c3196fbb193ccbe982,1920,1080,,term|detail,,https://cdn.jsdelivr.net/npm/gsap@3.14.2/dist/gsap.min.js,0,False,False
docs/producer/evidence/student-kit-audit-2026-09-09/card-source-inventory.csv:102: trailing whitespace.
+vox-explainer.t2.label.tag,vox-explainer,draft,tier2,label,style-library/01-vox-explainer/cards/tier2/t2-lb-tag.html,56884cc79ced9f2a7e2537f247315c6e2856273e,61816ceef11c0f61cd44547cee145f97b4b860a4a4077fada6f25e810daffb87,1920,1080,,term|detail,,https://cdn.jsdelivr.net/npm/gsap@3.14.2/dist/gsap.min.js,0,False,False
docs/producer/evidence/student-kit-audit-2026-09-09/card-source-inventory.csv:103: trailing whitespace.
+vox-explainer.t2.label.caption,vox-explainer,draft,tier2,label,style-library/01-vox-explainer/cards/tier2/t2-lb-caption.html,bebb8c3e6ca37379a2206d782e1a3f8cf2bc5bb3,3b8de70d7f8997e79cbc7d4e97fd85f9fa644329e6205df0caa4efcfe4f7939d,1920,1080,,term|detail,,https://cdn.jsdelivr.net/npm/gsap@3.14.2/dist/gsap.min.js,0,False,False
docs/producer/evidence/student-kit-audit-2026-09-09/card-source-inventory.csv:104: trailing whitespace.
+vox-explainer.t2.label.definition,vox-explainer,draft,tier2,label,style-library/01-vox-explainer/cards/tier2/t2-lb-definition.html,b290db43fa60ab9f7ef36001e7d00773f86e617d,c85d3eb6e1d9b0c6b8197376c41b5f67177f418675206f0b154f07560472b243,1920,1080,,term|detail|note,,https://cdn.jsdelivr.net/npm/gsap@3.14.2/dist/gsap.min.js,0,False,False
docs/producer/evidence/student-kit-audit-2026-09-09/card-source-inventory.csv:105: trailing whitespace.
+vox-explainer.t2.label.spotlight,vox-explainer,draft,tier2,label,style-library/01-vox-explainer/cards/tier2/t2-lb-spotlight.html,1e7bacdf9e4cbe1c21cd6169512d073835bed8b3,d834b783fb24defa3a013ee196feb9d9f953c530dc8442ec20ccad920a52b24b,1920,1080,,term|detail,,https://cdn.jsdelivr.net/npm/gsap@3.14.2/dist/gsap.min.js,0,False,False
docs/producer/evidence/student-kit-audit-2026-09-09/card-source-inventory.csv:106: trailing whitespace.
+vox-explainer.t2.label.pull-quote,vox-explainer,draft,tier2,label,style-library/01-vox-explainer/cards/tier2/t2-lb-pullquote.html,345e78afacb549ea69aaee767a21bbbd6294087d,3a017a213d3f887b57f158be310f9a20c69cfa45eca82ed8be0710546d4e4d0c,1920,1080,,term|detail|note,,https://cdn.jsdelivr.net/npm/gsap@3.14.2/dist/gsap.min.js,0,False,False
docs/producer/evidence/student-kit-audit-2026-09-09/card-source-inventory.csv:107: trailing whitespace.
+vox-explainer.t2.label.magnify,vox-explainer,draft,tier2,label,style-library/01-vox-explainer/cards/tier2/t2-lb-magnify.html,cdfc6ef1561544581e03d773bc89d9172fd34ddf,56ee74da5b635aa5de9f6ebd13904baddd9c8a1cd6fbe0c8e70dec305f68ccdc,1920,1080,,term|detail,,https://cdn.jsdelivr.net/npm/gsap@3.14.2/dist/gsap.min.js,0,False,False
docs/producer/evidence/student-kit-audit-2026-09-09/card-source-inventory.csv:108: trailing whitespace.
+kallaway.t1.section.ascend,kallaway,draft,tier1,section,style-library/02-kallaway/cards/tier1/t1-section-ascend.html,83ca61d17f7d14ee9af047c7cfa41297050089d9,c3e1c5e95bf6cbd31b72dfc732c4a5f4cdc49f1b8081e6eff1c8a272e4556279,1920,1080,,kicker|headline,,https://cdn.jsdelivr.net/npm/gsap@3.14.2/dist/gsap.min.js,0,False,False
docs/producer/evidence/student-kit-audit-2026-09-09/card-source-inventory.csv:109: trailing whitespace.
+kallaway.t1.section.aurora-bars,kallaway,draft,tier1,section,style-library/02-kallaway/cards/tier1/t1-section-aurora-bars.html,cda0d244877cb1557439cc474e527aa2e5d385ad,d201ed8866e36bcfea3a8f8849d045a90ccb4c24abf0409f08abf1b2f9dddce1,1920,1080,,kicker|headline,,https://cdn.jsdelivr.net/npm/gsap@3.14.2/dist/gsap.min.js,0,False,False
docs/producer/evidence/student-kit-audit-2026-09-09/card-source-inventory.csv:110: trailing whitespace.
+kallaway.t1.section.beam,kallaway,draft,tier1,section,style-library/02-kallaway/cards/tier1/t1-section-beam.html,d6fd28e3060d02985a423ca13bb9770a6e3ef4d9,75da75585de81adb8c329f7732aaed3d5348878871ca08fc3d0495ddfeba51c3,1920,1080,,kicker|headline,,https://cdn.jsdelivr.net/npm/gsap@3.14.2/dist/gsap.min.js,0,False,False
docs/producer/evidence/student-kit-audit-2026-09-09/card-source-inventory.csv:111: trailing whitespace.
+kallaway.t1.section.boxed,kallaway,draft,tier1,section,style-library/02-kallaway/cards/tier1/t1-section-boxed.html,815ebc250a60045243038b83f4b3556dedd804a6,ced70638de8e7bdbcf519b2711e85ba0a72c8798961f305c9b877fe621ce2ef2,1920,1080,,kicker|headline,,https://cdn.jsdelivr.net/npm/gsap@3.14.2/dist/gsap.min.js,0,False,False
docs/producer/evidence/student-kit-audit-2026-09-09/card-source-inventory.csv:112: trailing whitespace.
+kallaway.t1.section.breath,kallaway,draft,tier1,section,style-library/02-kallaway/cards/tier1/t1-section-breath.html,359df58009ed977bf86ef87a270b1c7ff339a1b8,4e82a81883447b1b32ce68b050748be68f3bc2b7bc9ae72d24cb47df219ba085,1920,1080,,kicker|headline,,https://cdn.jsdelivr.net/npm/gsap@3.14.2/dist/gsap.min.js,0,False,False
docs/producer/evidence/student-kit-audit-2026-09-09/card-source-inventory.csv:113: trailing whitespace.
+kallaway.t1.section.chaptercard,kallaway,draft,tier1,section,style-library/02-kallaway/cards/tier1/t1-section-chaptercard.html,53fa699b3caa03965805dbb7981100e3d9bb3c23,f4bd77f45af1116a9ed1bc21bab24dd777a4d0eb8c72fc7cfc81f26bf9ad9aaa,1920,1080,,chapter|headline,,https://cdn.jsdelivr.net/npm/gsap@3.14.2/dist/gsap.min.js,0,False,False
docs/producer/evidence/student-kit-audit-2026-09-09/card-source-inventory.csv:114: trailing whitespace.
+kallaway.t1.section.column-light,kallaway,draft,tier1,section,style-library/02-kallaway/cards/tier1/t1-section-column-light.html,04044c93843db4d81b9a0fc549fb21feb980ed54,d4d50ff56914b5fd639d674ba74d160f671afa5b35d87c3b9e67fc8050ddf196,1920,1080,,kicker|headline,,https://cdn.jsdelivr.net/npm/gsap@3.14.2/dist/gsap.min.js,0,False,False
docs/producer/evidence/student-kit-audit-2026-09-09/card-source-inventory.csv:115: trailing whitespace.
+kallaway.t1.section.constellation,kallaway,draft,tier1,section,style-library/02-kallaway/cards/tier1/t1-section-constellation.html,6018b8e5f8acd649f3e5327b392602b4c82e2dbb,8fa64bc89109ce40c11f4c52047a94526acf61205c876f7e834aa427b2179197,1920,1080,,kicker|headline,,https://cdn.jsdelivr.net/npm/gsap@3.14.2/dist/gsap.min.js,0,False,False
docs/producer/evidence/student-kit-audit-2026-09-09/card-source-inventory.csv:116: trailing whitespace.
+kallaway.t1.section.countdown,kallaway,draft,tier1,section,style-library/02-kallaway/cards/tier1/t1-section-countdown.html,9c603f96420b198a6a1efda59218a3f58346507d,e169c21b9ce4dcedf190192a920cff5d12b93b62143d8d53130633cfc8ac2a5f,1920,1080,,number|headline,,https://cdn.jsdelivr.net/npm/gsap@3.14.2/dist/gsap.min.js,0,False,False
docs/producer/evidence/student-kit-audit-2026-09-09/card-source-inventory.csv:117: trailing whitespace.
+kallaway.t1.section.curtain,kallaway,draft,tier1,section,style-library/02-kallaway/cards/tier1/t1-section-curtain.html,e2f04cb3d1caa535eca3fc997bf064b339b0704a,b3332380c22fb75edf64c79ba5dfb2b1df56b75a5ee984eb2271c12154c8c61a,1920,1080,,kicker|headline,,https://cdn.jsdelivr.net/npm/gsap@3.14.2/dist/gsap.min.js,0,False,False
docs/producer/evidence/student-kit-audit-2026-09-09/card-source-inventory.csv:118: trailing whitespace.
+kallaway.t1.section.dawn,kallaway,draft,tier1,section,style-library/02-kallaway/cards/tier1/t1-section-dawn.html,aea791c297cfb723e08522225b5017b5493ed41b,302fe27f12e52a7cff3db32dc8f9cb712760f2460e8ffcd8915104b1af7ecdf4,1920,1080,,kicker|headline,,https://cdn.jsdelivr.net/npm/gsap@3.14.2/dist/gsap.min.js,0,False,False
docs/producer/evidence/student-kit-audit-2026-09-09/card-source-inventory.csv:119: trailing whitespace.
+kallaway.t1.section.depth,kallaway,draft,tier1,section,style-library/02-kallaway/cards/tier1/t1-section-depth.html,24a1f37b933bc9d8b433d9b501a2ab9bbc99b80c,a6af047e3f12e7209262d5179153ff5ee57a52c93856aa0f84dfc670271a1366,1920,1080,,kicker|headline,,https://cdn.jsdelivr.net/npm/gsap@3.14.2/dist/gsap.min.js,0,False,False
docs/producer/evidence/student-kit-audit-2026-09-09/card-source-inventory.csv:120: trailing whitespace.
+kallaway.t1.section.divider,kallaway,draft,tier1,section,style-library/02-kallaway/cards/tier1/t1-section-divider.html,c446bd7a20a95659a1c7826052df71a3012f0597,fea33970c29a38f0ae1d35b29cfbed44a3347b1757fa3a68c84d2fd58f43a660,1920,1080,,kicker|headline,,https://cdn.jsdelivr.net/npm/gsap@3.14.2/dist/gsap.min.js,0,False,False
docs/producer/evidence/student-kit-audit-2026-09-09/card-source-inventory.csv:121: trailing whitespace.
+kallaway.t1.section.drift-grid,kallaway,draft,tier1,section,style-library/02-kallaway/cards/tier1/t1-section-drift-grid.html,1bf7f6b315681863d2a8f0c79a50e4ef78005763,b1de168085bf20f1bf150aa0c5de26c88be63bfbb436bd421c3d2cf01ab1cd4c,1920,1080,,kicker|headline,,https://cdn.jsdelivr.net/npm/gsap@3.14.2/dist/gsap.min.js,0,False,False
docs/producer/evidence/student-kit-audit-2026-09-09/card-source-inventory.csv:122: trailing whitespace.
+kallaway.t1.section.duotone,kallaway,draft,tier1,section,style-library/02-kallaway/cards/tier1/t1-section-duotone.html,ae0eb83ebdb56ece602bc5c8967f6f29459b2dc6,bf464bab11fa3abd64d41dc203994298de9f698c6b21c1cec0b9b66b4e1cf06a,1920,1080,,kicker|headline,,https://cdn.jsdelivr.net/npm/gsap@3.14.2/dist/gsap.min.js,0,False,False
docs/producer/evidence/student-kit-audit-2026-09-09/card-source-inventory.csv:123: trailing whitespace.
+kallaway.t1.section.eclipse,kallaway,draft,tier1,section,style-library/02-kallaway/cards/tier1/t1-section-eclipse.html,e35082c8ec079c096c7dbc7915f16f097c8b2162,c3c5b8265f3a4dfda1eb217cae6cc996e5ec56145ac8095c639a0ad44939feb5,1920,1080,,kicker|headline,,https://cdn.jsdelivr.net/npm/gsap@3.14.2/dist/gsap.min.js,0,False,False
docs/producer/evidence/student-kit-audit-2026-09-09/card-source-inventory.csv:124: trailing whitespace.
+kallaway.t1.section.emblem,kallaway,draft,tier1,section,style-library/02-kallaway/cards/tier1/t1-section-emblem.html,663e674072e705825b8ae235b71a2d61c41e0430,80bdb4ac8e0d5915ec0e4cae02c165d5c751691fbd240bc52e1c44bda42b08cd,1920,1080,,emblem|headline,,https://cdn.jsdelivr.net/npm/gsap@3.14.2/dist/gsap.min.js,0,False,False
docs/producer/evidence/student-kit-audit-2026-09-09/card-source-inventory.csv:125: trailing whitespace.
+kallaway.t1.section.flare-sweep,kallaway,draft,tier1,section,style-library/02-kallaway/cards/tier1/t1-section-flare-sweep.html,15f851bddd67fb9c9308b5b58177d464eabb0035,77c2f252919b5a9ab90d68d191d33ae8e49e4efea2504601bf7844ccc70597c8,1920,1080,,kicker|headline,,https://cdn.jsdelivr.net/npm/gsap@3.14.2/dist/gsap.min.js,0,False,False
docs/producer/evidence/student-kit-audit-2026-09-09/card-source-inventory.csv:126: trailing whitespace.
+kallaway.t1.section.glow-rule,kallaway,draft,tier1,section,style-library/02-kallaway/cards/tier1/t1-section-glow-rule.html,000885903236d5554dbcd9308c99e07f42426e4a,badca3b1673f9f5aaf9edded076c7ef8aad8bfda624815fcedd54e1673d0f271,1920,1080,,headline|kicker,,https://cdn.jsdelivr.net/npm/gsap@3.14.2/dist/gsap.min.js,0,False,False
docs/producer/evidence/student-kit-audit-2026-09-09/card-source-inventory.csv:127: trailing whitespace.
+kallaway.t1.section.gradient-word,kallaway,draft,tier1,section,style-library/02-kallaway/cards/tier1/t1-section-gradient-word.html,5e9539e908d58006ab1753e703c76c58cb522f36,bc9153e12a5a10a049ca7f770beb06aa786fab76131ee0f222528bab62875c31,1920,1080,,kicker|headline,,https://cdn.jsdelivr.net/npm/gsap@3.14.2/dist/gsap.min.js,0,False,False
docs/producer/evidence/student-kit-audit-2026-09-09/card-source-inventory.csv:128: trailing whitespace.
+kallaway.t1.section.gridfloor,kallaway,draft,tier1,section,style-library/02-kallaway/cards/tier1/t1-section-gridfloor.html,85c31dce8498e6ef72f2b9db11b6d0d510b2a6e4,c5d3b3d768ced42218d516d65c75817ae7c1001329438ce0675c4e645ab500f3,1920,1080,,kicker|headline,,https://cdn.jsdelivr.net/npm/gsap@3.14.2/dist/gsap.min.js,0,False,False
docs/producer/evidence/student-kit-audit-2026-09-09/card-source-inventory.csv:129: trailing whitespace.
+kallaway.t1.section.halo,kallaway,draft,tier1,section,style-library/02-kallaway/cards/tier1/t1-section-halo.html,750170afd3baadfb557e399445a4ef21cf0f501e,cf175b6e3f6050b0380275d36110cbf3c017b7356233175a7a4c6a5e178a9ec6,1920,1080,,kicker|headline,,https://cdn.jsdelivr.net/npm/gsap@3.14.2/dist/gsap.min.js,0,False,False
docs/producer/evidence/student-kit-audit-2026-09-09/card-source-inventory.csv:130: trailing whitespace.
+kallaway.t1.section.horizon,kallaway,draft,tier1,section,style-library/02-kallaway/cards/tier1/t1-section-horizon.html,6a0093e9c98ace1f427b8342b07fc58d8bf037ad,df4c28d6be1d2949cf67416dd12f23f39f35a67b337a684bcafc1798deb868a0,1920,1080,,kicker|headline,,https://cdn.jsdelivr.net/npm/gsap@3.14.2/dist/gsap.min.js,0,False,False
docs/producer/evidence/student-kit-audit-2026-09-09/card-source-inventory.csv:131: trailing whitespace.
+kallaway.t1.section.index,kallaway,draft,tier1,section,style-library/02-kallaway/cards/tier1/t1-section-index.html,dddfb34db84bd1b56a4ff49c2d6b9240743aca91,802bd82f33b025128ea059b5762951c46056c7ed0a9f6afe49e6637e5acb66e6,1920,1080,,kicker|headline,,https://cdn.jsdelivr.net/npm/gsap@3.14.2/dist/gsap.min.js,0,False,False
docs/producer/evidence/student-kit-audit-2026-09-09/card-source-inventory.csv:132: trailing whitespace.
+kallaway.t1.section.kinetic,kallaway,draft,tier1,section,style-library/02-kallaway/cards/tier1/t1-section-kinetic.html,9fd27350d441ebb8c042131a434d78b1bf3a941e,729778cfbd274e8adcccad78dbb2f4b638ba5804f7fb69223a8f3565e731dee0,1920,1080,,headline,,https://cdn.jsdelivr.net/npm/gsap@3.14.2/dist/gsap.min.js,0,False,False
docs/producer/evidence/student-kit-audit-2026-09-09/card-source-inventory.csv:133: trailing whitespace.
+kallaway.t1.section.lensflare,kallaway,draft,tier1,section,style-library/02-kallaway/cards/tier1/t1-section-lensflare.html,48f5af5f53e50b258b24b00c995c4b6c409d2dc4,00feb792942c62c2505e61d2d6a0dbc2c7d6ef9b59d27d0a36784f3fec3c68c6,1920,1080,,kicker|headline,,https://cdn.jsdelivr.net/npm/gsap@3.14.2/dist/gsap.min.js,0,False,False
docs/producer/evidence/student-kit-audit-2026-09-09/card-source-inventory.csv:134: trailing whitespace.
+kallaway.t1.section.liquid,kallaway,draft,tier1,section,style-library/02-kallaway/cards/tier1/t1-section-liquid.html,9ee042c6debb828161131695ae4d070036a0c7de,5a5e659fb3868c70a0854ae1725d6fbc0bfb123ef653c8358230ecb854091d03,1920,1080,,kicker|headline,,https://cdn.jsdelivr.net/npm/gsap@3.14.2/dist/gsap.min.js,0,False,False
docs/producer/evidence/student-kit-audit-2026-09-09/card-source-inventory.csv:135: trailing whitespace.
+kallaway.t1.section.marquee,kallaway,draft,tier1,section,style-library/02-kallaway/cards/tier1/t1-section-marquee.html,06e2c611f49517104ff925ba63e69922dbe97e98,6b10251ff44c41833b57605cbde02c7e061f380db0cd7d4bc165f2a60b61c5a3,1920,1080,,marquee|headline,,https://cdn.jsdelivr.net/npm/gsap@3.14.2/dist/gsap.min.js,0,False,False
docs/producer/evidence/student-kit-audit-2026-09-09/card-source-inventory.csv:136: trailing whitespace.
+kallaway.t1.section.mesh,kallaway,draft,tier1,section,style-library/02-kallaway/cards/tier1/t1-section-mesh.html,5413c16ee44210432878710c56aa47e60c8becc5,f5822feec47ea57d791bf4f5f2b97a82f17ad1db26b02fe275b91ceff5e2c29f,1920,1080,,kicker|headline,,https://cdn.jsdelivr.net/npm/gsap@3.14.2/dist/gsap.min.js,0,False,False
docs/producer/evidence/student-kit-audit-2026-09-09/card-source-inventory.csv:137: trailing whitespace.
+kallaway.t1.section.monolith,kallaway,draft,tier1,section,style-library/02-kallaway/cards/tier1/t1-section-monolith.html,05ef31c867310cc9d3ee36f46b4cba47d511b078,a50625782ec731906734ad5ba3dca34534ed2436cc1ecbe955dc71df0a9c011d,1920,1080,,kicker|headline,,https://cdn.jsdelivr.net/npm/gsap@3.14.2/dist/gsap.min.js,0,False,False
docs/producer/evidence/student-kit-audit-2026-09-09/card-source-inventory.csv:138: trailing whitespace.
+kallaway.t1.section.node-title,kallaway,draft,tier1,section,style-library/02-kallaway/cards/tier1/t1-section-node-title.html,66403b7aa89cfc6ac6fbd38c01e98ac31dd24e9c,08d8d4108d4e2fdf6c68e5839ad67a850119dd8267abbef6e0297bb5d40a228b,1920,1080,,kicker|headline,,https://cdn.jsdelivr.net/npm/gsap@3.14.2/dist/gsap.min.js,0,False,False
docs/producer/evidence/student-kit-audit-2026-09-09/card-source-inventory.csv:139: trailing whitespace.
+kallaway.t1.section.numeral,kallaway,draft,tier1,section,style-library/02-kallaway/cards/tier1/t1-section-numeral.html,6b28f5ae44d695b30ce09c24300b350b14fc9d54,ca5c0cda27b7ab79fb22ad9eaf9bb5df9abc69a3cb5888f45d2f43177c934db5,1920,1080,,kicker|headline,,https://cdn.jsdelivr.net/npm/gsap@3.14.2/dist/gsap.min.js,0,False,False
docs/producer/evidence/student-kit-audit-2026-09-09/card-source-inventory.csv:140: trailing whitespace.
+kallaway.t1.section.orb,kallaway,draft,tier1,section,style-library/02-kallaway/cards/tier1/t1-section-orb.html,8510661870f8dbcb6abe9c2b6464af034d23a9cf,9521166044d75bbfd02dc25cce61d2c90ca50f6a6ab1f63f67e1482801f8e3f4,1920,1080,,kicker|headline,,https://cdn.jsdelivr.net/npm/gsap@3.14.2/dist/gsap.min.js,0,False,False
docs/producer/evidence/student-kit-audit-2026-09-09/card-source-inventory.csv:141: trailing whitespace.
+kallaway.t1.section.orbit,kallaway,draft,tier1,section,style-library/02-kallaway/cards/tier1/t1-section-orbit.html,3b3da7d14c9c1debf061ccb7a13c6d916453cbca,03a5f0ce832836a7ac91d1383f32fc8c915d3217ce38e1b3f9c1c1e52abf381f,1920,1080,,kicker|headline,,https://cdn.jsdelivr.net/npm/gsap@3.14.2/dist/gsap.min.js,0,False,False
docs/producer/evidence/student-kit-audit-2026-09-09/card-source-inventory.csv:142: trailing whitespace.
+kallaway.t1.section.particles,kallaway,draft,tier1,section,style-library/02-kallaway/cards/tier1/t1-section-particles.html,aff5b1946ecc61f4196c7c8a8bcfc68664257ccd,e8ff41bca80aaaa0f55e6cedfd784d6880422784fc9c9f11ef1ae63b1df6cb13,1920,1080,,kicker|headline,,https://cdn.jsdelivr.net/npm/gsap@3.14.2/dist/gsap.min.js,0,False,False
docs/producer/evidence/student-kit-audit-2026-09-09/card-source-inventory.csv:143: trailing whitespace.
+kallaway.t1.section.pill,kallaway,draft,tier1,section,style-library/02-kallaway/cards/tier1/t1-section-pill.html,ff5b54d3123f16d840e8937424b8fad761c91e4a,c39656ed434feaab7665d65ac41847d7909b39ec2156405844c49da8846a8f1d,1920,1080,,kicker|headline,,https://cdn.jsdelivr.net/npm/gsap@3.14.2/dist/gsap.min.js,0,False,False
docs/producer/evidence/student-kit-audit-2026-09-09/card-source-inventory.csv:144: trailing whitespace.
+kallaway.t1.section.portal,kallaway,draft,tier1,section,style-library/02-kallaway/cards/tier1/t1-section-portal.html,151867d0a736a9c55346d7f9e4efb454d6d53818,8885035ff13f29cc00770b98d0acd38928b1016dd989827bea9338fb031da621,1920,1080,,kicker|headline,,https://cdn.jsdelivr.net/npm/gsap@3.14.2/dist/gsap.min.js,0,False,False
docs/producer/evidence/student-kit-audit-2026-09-09/card-source-inventory.csv:145: trailing whitespace.
+kallaway.t1.section.prism,kallaway,draft,tier1,section,style-library/02-kallaway/cards/tier1/t1-section-prism.html,250d2ad49a64a5613797c53eb001ff5a4c3307dd,6db7d6db16d963cd74ee93401abd29a9fd47f57f46c62aa94a38b4522a2de149,1920,1080,,kicker|headline,,https://cdn.jsdelivr.net/npm/gsap@3.14.2/dist/gsap.min.js,0,False,False
docs/producer/evidence/student-kit-audit-2026-09-09/card-source-inventory.csv:146: trailing whitespace.
+kallaway.t1.section.question,kallaway,draft,tier1,section,style-library/02-kallaway/cards/tier1/t1-section-question.html,a4f463310d041d65501d3086c6fa3ad5a76374c6,8db0405196ed12a549d0c35b7a5b36511ddb2077221c565924a581afccb62868,1920,1080,,headline|kicker,,https://cdn.jsdelivr.net/npm/gsap@3.14.2/dist/gsap.min.js,0,False,False
docs/producer/evidence/student-kit-audit-2026-09-09/card-source-inventory.csv:147: trailing whitespace.
+kallaway.t1.section.quoteopen,kallaway,draft,tier1,section,style-library/02-kallaway/cards/tier1/t1-section-quoteopen.html,11edbd90a1d9932023cfc67ffe982c6b6eadd6d0,e8f55da4758c55a1264bfdc7b0ecd928ea9f4cdd55cda2d2d6b2870a952ad808,1920,1080,,headline|kicker,,https://cdn.jsdelivr.net/npm/gsap@3.14.2/dist/gsap.min.js,0,False,False
docs/producer/evidence/student-kit-audit-2026-09-09/card-source-inventory.csv:148: trailing whitespace.
+kallaway.t1.section.reveal-mask,kallaway,draft,tier1,section,style-library/02-kallaway/cards/tier1/t1-section-reveal-mask.html,4b8dda6431fc480854587bf7c6e629b04609fe11,71494f6db1270043ed9dbb18f299e45d49550d80e2c2c127e27b45f6502c0966,1920,1080,,kicker|headline,,https://cdn.jsdelivr.net/npm/gsap@3.14.2/dist/gsap.min.js,0,False,False
docs/producer/evidence/student-kit-audit-2026-09-09/card-source-inventory.csv:149: trailing whitespace.
+kallaway.t1.section.ribbon,kallaway,draft,tier1,section,style-library/02-kallaway/cards/tier1/t1-section-ribbon.html,15c7db7757531c459670435593f9b76193e0ab0b,25bfd7c27bc49d92837f12e3096dafc5e6ae0cfc0ce8843f8b84370f83dff226,1920,1080,,kicker|headline,,https://cdn.jsdelivr.net/npm/gsap@3.14.2/dist/gsap.min.js,0,False,False
docs/producer/evidence/student-kit-audit-2026-09-09/card-source-inventory.csv:150: trailing whitespace.
+kallaway.t1.section.ripple,kallaway,draft,tier1,section,style-library/02-kallaway/cards/tier1/t1-section-ripple.html,d9c1224372d1f580ecc2421f6c4c63e692901f14,efded2de1ea841bdd7a4ac107bdabf256f9e2505f98d69721a15b683aafa8e3f,1920,1080,,kicker|headline,,https://cdn.jsdelivr.net/npm/gsap@3.14.2/dist/gsap.min.js,0,False,False
docs/producer/evidence/student-kit-audit-2026-09-09/card-source-inventory.csv:151: trailing whitespace.
+kallaway.t1.section.searchbar,kallaway,draft,tier1,section,style-library/02-kallaway/cards/tier1/t1-section-searchbar.html,d27041e7fdbecb71cee58a80a03607ff94ee946d,2c726149f37087be36dca21a8d289c3a7e24a2e911f043cd263a9bf04ce05afc,1920,1080,,kicker|headline,,https://cdn.jsdelivr.net/npm/gsap@3.14.2/dist/gsap.min.js,0,False,False
docs/producer/evidence/student-kit-audit-2026-09-09/card-source-inventory.csv:152: trailing whitespace.
+kallaway.t1.section.slab,kallaway,draft,tier1,section,style-library/02-kallaway/cards/tier1/t1-section-slab.html,76fbb9ea7bae25210cdf07059d80c57b211633d6,9dbb85f5c09592b9c5e8f5858da675488bb4b70cdeefd906a73f5e46ca6d569e,1920,1080,,kicker|headline,,https://cdn.jsdelivr.net/npm/gsap@3.14.2/dist/gsap.min.js,0,False,False
docs/producer/evidence/student-kit-audit-2026-09-09/card-source-inventory.csv:153: trailing whitespace.
+kallaway.t1.section.sphere-top,kallaway,draft,tier1,section,style-library/02-kallaway/cards/tier1/t1-section-sphere-top.html,7631e8537ee0cb12b6e39f89fe912f7a1f27bbf9,fa1b82ffe6df81298ee7c4bb37fbad1f4d9f93af39fcc4556bfc77856e80231e,1920,1080,,kicker|headline,,https://cdn.jsdelivr.net/npm/gsap@3.14.2/dist/gsap.min.js,0,False,False
docs/producer/evidence/student-kit-audit-2026-09-09/card-source-inventory.csv:154: trailing whitespace.
+kallaway.t1.section.split-reveal,kallaway,draft,tier1,section,style-library/02-kallaway/cards/tier1/t1-section-split-reveal.html,286dcb4a7eaad63cd00dce75f5e5c16e8c3d9d1a,646b378a878c5dfaf2fe64f20526b6da177ef2828a434d3d5f227413b04c20ac,1920,1080,,kicker|headline,,https://cdn.jsdelivr.net/npm/gsap@3.14.2/dist/gsap.min.js,0,False,False
docs/producer/evidence/student-kit-audit-2026-09-09/card-source-inventory.csv:155: trailing whitespace.
+kallaway.t1.section.splitpanel,kallaway,draft,tier1,section,style-library/02-kallaway/cards/tier1/t1-section-splitpanel.html,0a1d7395938693b05f6d54d1879e64cce597e1c0,69f442e70c88b4cbf6c7e62410fe834478a944f35d16f41a1f4c53d23221c30b,1920,1080,,kicker|headline,,https://cdn.jsdelivr.net/npm/gsap@3.14.2/dist/gsap.min.js,0,False,False
docs/producer/evidence/student-kit-audit-2026-09-09/card-source-inventory.csv:156: trailing whitespace.
+kallaway.t1.section.spotlight,kallaway,draft,tier1,section,style-library/02-kallaway/cards/tier1/t1-section-spotlight.html,ef80b29e9da8d54a500683108bef769db29bc915,dc60d301855dda7ae4e2cc880fd123ab488aa3be1fa1b93da9348bf420bbe3e6,1920,1080,,kicker|headline,,https://cdn.jsdelivr.net/npm/gsap@3.14.2/dist/gsap.min.js,0,False,False
docs/producer/evidence/student-kit-audit-2026-09-09/card-source-inventory.csv:157: trailing whitespace.
+kallaway.t1.section.spotlight-cone,kallaway,draft,tier1,section,style-library/02-kallaway/cards/tier1/t1-section-spotlight-cone.html,7a0a9d49bffe57dccf8c081ce100031b84694614,a9fdcc8fce84ebb07d05509672069d4375a202285bf39040cc6d2a835e0e8c39,1920,1080,,kicker|headline,,https://cdn.jsdelivr.net/npm/gsap@3.14.2/dist/gsap.min.js,0,False,False
docs/producer/evidence/student-kit-audit-2026-09-09/card-source-inventory.csv:158: trailing whitespace.
+kallaway.t1.section.stack,kallaway,draft,tier1,section,style-library/02-kallaway/cards/tier1/t1-section-stack.html,f22b87ccc071c656b4f7d3ae37eadac09fcd863d,0b6fa43f16e6729ef381c17b262abba4fc2cbd8644371d7443292b0da80f2204,1920,1080,,kicker|headline,,https://cdn.jsdelivr.net/npm/gsap@3.14.2/dist/gsap.min.js,0,False,False
docs/producer/evidence/student-kit-audit-2026-09-09/card-source-inventory.csv:159: trailing whitespace.
+kallaway.t1.section.stacked-words,kallaway,draft,tier1,section,style-library/02-kallaway/cards/tier1/t1-section-stacked-words.html,26c12f114052d344fb358d302c43bfe0022a9ee0,cfc957e997a47526cfc13bca1e0776797fffeb9017d1464f9095cb2d3cff765f,1920,1080,,line1|line2|line3,,https://cdn.jsdelivr.net/npm/gsap@3.14.2/dist/gsap.min.js,0,False,False
docs/producer/evidence/student-kit-audit-2026-09-09/card-source-inventory.csv:160: trailing whitespace.
+kallaway.t1.section.starfield,kallaway,draft,tier1,section,style-library/02-kallaway/cards/tier1/t1-section-starfield.html,f907e2c2c663508b7c80291c858840f5c6f91b87,8ad4358704e1a08025e5e8954d90e31e1eae394d52dc1a5cedac3c1690c3ff14,1920,1080,,kicker|headline,,https://cdn.jsdelivr.net/npm/gsap@3.14.2/dist/gsap.min.js,0,False,False
docs/producer/evidence/student-kit-audit-2026-09-09/card-source-inventory.csv:161: trailing whitespace.
+kallaway.t1.section.sweep,kallaway,draft,tier1,section,style-library/02-kallaway/cards/tier1/t1-section-sweep.html,4d36f46ed6da5efb8f938b22a8746cc2b591eed2,c48232f19a5a1273f008d3a522806b5dc8f8231d7aeb74911337bb39655476ab,1920,1080,,kicker|headline,,https://cdn.jsdelivr.net/npm/gsap@3.14.2/dist/gsap.min.js,0,False,False
docs/producer/evidence/student-kit-audit-2026-09-09/card-source-inventory.csv:162: trailing whitespace.
+kallaway.t1.section.tunnel,kallaway,draft,tier1,section,style-library/02-kallaway/cards/tier1/t1-section-tunnel.html,3ed6c37b84c648c4c23f62a17d3063f7cb434707,f60b8896c0cfa84145a11bdd1ff8172bce33e4d1f22b6c5943e31185829aac02,1920,1080,,kicker|headline,,https://cdn.jsdelivr.net/npm/gsap@3.14.2/dist/gsap.min.js,0,False,False
docs/producer/evidence/student-kit-audit-2026-09-09/card-source-inventory.csv:163: trailing whitespace.
+kallaway.t1.section.type-scale,kallaway,draft,tier1,section,style-library/02-kallaway/cards/tier1/t1-section-type-scale.html,9b95a8147710e2413e70efe2b63b18d82e18c539,f3f6183585e5c6dbd983597f464a0722f1f428b3c8f0e25d9b1b4c8c844fadad,1920,1080,,headline|kicker,,https://cdn.jsdelivr.net/npm/gsap@3.14.2/dist/gsap.min.js,0,False,False
docs/producer/evidence/student-kit-audit-2026-09-09/card-source-inventory.csv:164: trailing whitespace.
+kallaway.t1.section.typed,kallaway,draft,tier1,section,style-library/02-kallaway/cards/tier1/t1-section-typed.html,31d91340cb1060ee9424f955f1682c4e680e3079,1f8a3daca3141f8750204a947e5bb9a728191b41b6fc8e09e735ac56093daab7,1920,1080,,kicker|headline,,https://cdn.jsdelivr.net/npm/gsap@3.14.2/dist/gsap.min.js,0,False,False
docs/producer/evidence/student-kit-audit-2026-09-09/card-source-inventory.csv:165: trailing whitespace.
+kallaway.t1.section.underline-grow,kallaway,draft,tier1,section,style-library/02-kallaway/cards/tier1/t1-section-underline-grow.html,29a5db5e1abaf5428eafe311daf0ad51450bc9e3,76cf4fc94afd1b90937279a9cefee5caf20efa1cedb2123fd1cc71060b676831,1920,1080,,kicker|headline,,https://cdn.jsdelivr.net/npm/gsap@3.14.2/dist/gsap.min.js,0,False,False
docs/producer/evidence/student-kit-audit-2026-09-09/card-source-inventory.csv:166: trailing whitespace.
+kallaway.t1.section.waveform,kallaway,draft,tier1,section,style-library/02-kallaway/cards/tier1/t1-section-waveform.html,90b78b07c63656775e637c6a6dd2bd23c3677a55,b928f2ab7e0d7f8c208efb6a6f366e661df834d83671ae45d0a3c779d9ae5126,1920,1080,,kicker|headline,,https://cdn.jsdelivr.net/npm/gsap@3.14.2/dist/gsap.min.js,0,False,False
docs/producer/evidence/student-kit-audit-2026-09-09/card-source-inventory.csv:167: trailing whitespace.
+kallaway.t1.section.wordmark,kallaway,draft,tier1,section,style-library/02-kallaway/cards/tier1/t1-section-wordmark.html,0f9e63a4c7a161d8a0fea0c96dcfe432f36b8829,8bd47d4fe71d7098af11ad8b70b819dc9f1614218223ec3104b9f9b111192a2a,1920,1080,,kicker|headline,,https://cdn.jsdelivr.net/npm/gsap@3.14.2/dist/gsap.min.js,0,False,False
docs/producer/evidence/student-kit-audit-2026-09-09/card-source-inventory.csv:168: trailing whitespace.
+kallaway.t1.stat.annot,kallaway,draft,tier1,stat,style-library/02-kallaway/cards/tier1/t1-stat-annot.html,61eba529b9b99286a4b63e19be9a813dd82a40ea,f105de7abf565a280b05bde684fab251de63967a271f8db18a288344918b6111,1920,1080,,stat|note1|note2|source,,https://cdn.jsdelivr.net/npm/gsap@3.14.2/dist/gsap.min.js,0,False,False
docs/producer/evidence/student-kit-audit-2026-09-09/card-source-inventory.csv:169: trailing whitespace.
+kallaway.t1.stat.beforeafter,kallaway,draft,tier1,stat,style-library/02-kallaway/cards/tier1/t1-stat-beforeafter.html,a2a261fd4bb77109750b03689efe1fb0e631a5f3,320aea91ea1965c20be7afda6562fab4c3d7abc2ca54769f8be68a229f0230c6,1920,1080,,kicker|before|after|label|source,,https://cdn.jsdelivr.net/npm/gsap@3.14.2/dist/gsap.min.js,0,False,False
docs/producer/evidence/student-kit-audit-2026-09-09/card-source-inventory.csv:170: trailing whitespace.
+kallaway.t1.stat.bigpercent,kallaway,draft,tier1,stat,style-library/02-kallaway/cards/tier1/t1-stat-bigpercent.html,67ee72591a34bf14df3161230c79c0f7f83db443,92e1556534cc0e21cb7d683dd95710012e58b95e1fd66412ea131926ac3ac2c9,1920,1080,,kicker|stat|label|source,,https://cdn.jsdelivr.net/npm/gsap@3.14.2/dist/gsap.min.js,0,False,False
docs/producer/evidence/student-kit-audit-2026-09-09/card-source-inventory.csv:171: trailing whitespace.
+kallaway.t1.stat.bracketstat,kallaway,draft,tier1,stat,style-library/02-kallaway/cards/tier1/t1-stat-bracketstat.html,185d1eb6f55ea80366eefcd0902e331ba8172523,f294fa7f825046daf43479a6c67075c197d4ca46cfc16abca5d13a5595f40432,1920,1080,,kicker|stat|label|source,,https://cdn.jsdelivr.net/npm/gsap@3.14.2/dist/gsap.min.js,0,False,False
docs/producer/evidence/student-kit-audit-2026-09-09/card-source-inventory.csv:172: trailing whitespace.
+kallaway.t1.stat.bubble,kallaway,draft,tier1,stat,style-library/02-kallaway/cards/tier1/t1-stat-bubble.html,b0166f70b4131a6fe39bb3c49c77c2b7958c2b5b,1e1ab1befa293ff6970bf2ff11812682a1483fee45a8022ab33899d24371b834,1920,1080,,kicker|stat|label|source,,https://cdn.jsdelivr.net/npm/gsap@3.14.2/dist/gsap.min.js,0,False,False
docs/producer/evidence/student-kit-audit-2026-09-09/card-source-inventory.csv:173: trailing whitespace.
+kallaway.t1.stat.cbars,kallaway,draft,tier1,stat,style-library/02-kallaway/cards/tier1/t1-stat-cbars.html,a99269c1aea8724b9f5dfec3b787755598f2f7a3,eba300a1a771dcffe9912a134cc9a42eea91df643f8cd778a971c1d27b57623e,1920,1080,,kicker|statA|statB|label|source,,https://cdn.jsdelivr.net/npm/gsap@3.14.2/dist/gsap.min.js,0,False,False
docs/producer/evidence/student-kit-audit-2026-09-09/card-source-inventory.csv:174: trailing whitespace.
+kallaway.t1.stat.clockface,kallaway,draft,tier1,stat,style-library/02-kallaway/cards/tier1/t1-stat-clockface.html,e170457c38c94e249d2bab39c8ed4e2fdec02a79,59ac251c2083ffe54183266c3ea7981d3b5c3df5e61ab966740c4221cdcd933e,1920,1080,,kicker|stat|label|source,,https://cdn.jsdelivr.net/npm/gsap@3.14.2/dist/gsap.min.js,0,False,False
docs/producer/evidence/student-kit-audit-2026-09-09/card-source-inventory.csv:175: trailing whitespace.
+kallaway.t1.stat.column,kallaway,draft,tier1,stat,style-library/02-kallaway/cards/tier1/t1-stat-column.html,49fbb19e85fdc3f3bd48c53a3312fac3cd771185,62f59d03d0490608aff65b138d95ea3b1a370c349a1a6fa509c73c444f8b55b0,1920,1080,,kicker|c1_l|c2_l|c3_l|c4_l|c5_l|label|source,,https://cdn.jsdelivr.net/npm/gsap@3.14.2/dist/gsap.min.js,0,False,False
docs/producer/evidence/student-kit-audit-2026-09-09/card-source-inventory.csv:176: trailing whitespace.
+kallaway.t1.stat.compass,kallaway,draft,tier1,stat,style-library/02-kallaway/cards/tier1/t1-stat-compass.html,6a517211e9b93177624ba548ab441e05bb02b991,8c5e389570b21755118e8e4929e7958ee5da273d9c9d377f9cf5230ef597b8a3,1920,1080,,kicker|stat|label|source,,https://cdn.jsdelivr.net/npm/gsap@3.14.2/dist/gsap.min.js,0,False,False
docs/producer/evidence/student-kit-audit-2026-09-09/card-source-inventory.csv:177: trailing whitespace.
+kallaway.t1.stat.counterpill,kallaway,draft,tier1,stat,style-library/02-kallaway/cards/tier1/t1-stat-counterpill.html,b380023098d520c03b2293a566117372acc8390a,2f5d6c85b740688861554cb768d92528c4d7de5a63a0cbe2442faed5fef21218,1920,1080,,kicker|stat|label|source,,https://cdn.jsdelivr.net/npm/gsap@3.14.2/dist/gsap.min.js,0,False,False
docs/producer/evidence/student-kit-audit-2026-09-09/card-source-inventory.csv:178: trailing whitespace.
+kallaway.t1.stat.curve,kallaway,draft,tier1,stat,style-library/02-kallaway/cards/tier1/t1-stat-curve.html,22ad1d258002f5c5fa3549396aa78c3b7e2d327a,a9292f4dd08277b7805c426744a0646fcb859b531570345f62f4d7381603c42f,1920,1080,,kicker|label|stat|source,,https://cdn.jsdelivr.net/npm/gsap@3.14.2/dist/gsap.min.js,0,False,False
docs/producer/evidence/student-kit-audit-2026-09-09/card-source-inventory.csv:179: trailing whitespace.
+kallaway.t1.stat.delta,kallaway,draft,tier1,stat,style-library/02-kallaway/cards/tier1/t1-stat-delta.html,46b0d1a9e03e2d9d403b79d2e764f24ff6feeb77,bcf78da8ff87f000a22237a6fd1876a59c15f764786b26ef4ccf9c51244f2218,1920,1080,,kicker|stat|label|source,,https://cdn.jsdelivr.net/npm/gsap@3.14.2/dist/gsap.min.js,0,False,False
docs/producer/evidence/student-kit-audit-2026-09-09/card-source-inventory.csv:180: trailing whitespace.
+kallaway.t1.stat.dial,kallaway,draft,tier1,stat,style-library/02-kallaway/cards/tier1/t1-stat-dial.html,5b25d28f94e0b63b78f10566e921624e8980cfa2,f3f51d913fe1149a56efd145bba776f92c1fffe1e8e2fa7baa00f438a4046522,1920,1080,,kicker|stat|label|source,,https://cdn.jsdelivr.net/npm/gsap@3.14.2/dist/gsap.min.js,0,False,False
docs/producer/evidence/student-kit-audit-2026-09-09/card-source-inventory.csv:181: trailing whitespace.
+kallaway.t1.stat.donut,kallaway,draft,tier1,stat,style-library/02-kallaway/cards/tier1/t1-stat-donut.html,ba0c66de734489c2a66d42898c6ab9d0c4dc2f74,f745473eafbae0709f5f711abdd546c7b4ab47358e2077146075638debbd5253,1920,1080,,kicker|stat|label|source,,https://cdn.jsdelivr.net/npm/gsap@3.14.2/dist/gsap.min.js,0,False,False
docs/producer/evidence/student-kit-audit-2026-09-09/card-source-inventory.csv:182: trailing whitespace.
+kallaway.t1.stat.dotgrid,kallaway,draft,tier1,stat,style-library/02-kallaway/cards/tier1/t1-stat-dotgrid.html,02b0a5c09f71e56f4e7b92d4692b4fa4248edddf,168a58b6251f73a5171bb769b33555b2e14ab923a13ba40d388ef0b72f96d557,1920,1080,,kicker|stat|label|source,,https://cdn.jsdelivr.net/npm/gsap@3.14.2/dist/gsap.min.js,0,False,False
docs/producer/evidence/student-kit-audit-2026-09-09/card-source-inventory.csv:183: trailing whitespace.
+kallaway.t1.stat.figure,kallaway,draft,tier1,stat,style-library/02-kallaway/cards/tier1/t1-stat-figure.html,77dd7c0d6ee513b04fc63c386cf79af1479840f1,e1294d1e4bb16594bb4f767fbe11f1de20189d12cf518c88f4e11a4495a12903,1920,1080,,kicker|stat|label|source,,https://cdn.jsdelivr.net/npm/gsap@3.14.2/dist/gsap.min.js,0,False,False
docs/producer/evidence/student-kit-audit-2026-09-09/card-source-inventory.csv:184: trailing whitespace.
+kallaway.t1.stat.fillshape,kallaway,draft,tier1,stat,style-library/02-kallaway/cards/tier1/t1-stat-fillshape.html,8e7aaa2d9422f8673c31b9e2a999975e13fbd428,1988fb6c27ea798efb1e1e95e9c64c8708d6196fe122d4a4f2644778a25c03be,1920,1080,,kicker|label|stat|source,,https://cdn.jsdelivr.net/npm/gsap@3.14.2/dist/gsap.min.js,0,False,False
docs/producer/evidence/student-kit-audit-2026-09-09/card-source-inventory.csv:185: trailing whitespace.
+kallaway.t1.stat.fraction,kallaway,draft,tier1,stat,style-library/02-kallaway/cards/tier1/t1-stat-fraction.html,7ddf6be16c16297991d52803bb96b0b16fd35c7c,eda936347169b12040be96a0782a1d4908ca15318aa369333e3a0e8341a4a32a,1920,1080,,kicker|stat|label|source,,https://cdn.jsdelivr.net/npm/gsap@3.14.2/dist/gsap.min.js,0,False,False
docs/producer/evidence/student-kit-audit-2026-09-09/card-source-inventory.csv:186: trailing whitespace.
+kallaway.t1.stat.funnel,kallaway,draft,tier1,stat,style-library/02-kallaway/cards/tier1/t1-stat-funnel.html,12f78570ec6a5f93135d639d2251f8ad563f6219,1ed83d00146d6cb18dff158f2580cee4b329fbeeebe51a95a8b438f8901c391a,1920,1080,,kicker|stat|label|source,,https://cdn.jsdelivr.net/npm/gsap@3.14.2/dist/gsap.min.js,0,False,False
docs/producer/evidence/student-kit-audit-2026-09-09/card-source-inventory.csv:187: trailing whitespace.
+kallaway.t1.stat.growtharrow,kallaway,draft,tier1,stat,style-library/02-kallaway/cards/tier1/t1-stat-growtharrow.html,92f95d4bec33f801a6137dec0a03510b83327396,7245b7ee9fa2c0f260ba2c6315f4dd53e5aaef3839c89bb5c09c8fb0757303c7,1920,1080,,kicker|stat|label|source,,https://cdn.jsdelivr.net/npm/gsap@3.14.2/dist/gsap.min.js,0,False,False
docs/producer/evidence/student-kit-audit-2026-09-09/card-source-inventory.csv:188: trailing whitespace.
+kallaway.t1.stat.heatcell,kallaway,draft,tier1,stat,style-library/02-kallaway/cards/tier1/t1-stat-heatcell.html,302e82aaf382b514ba5f5bbfe0aa39bbed78213e,71da3feafbc2eed55a1c9db47a8c09b4ce5ca5d9b3e4db5f00a158072c2992e6,1920,1080,,kicker|stat|label|source,,https://cdn.jsdelivr.net/npm/gsap@3.14.2/dist/gsap.min.js,0,False,False
docs/producer/evidence/student-kit-audit-2026-09-09/card-source-inventory.csv:189: trailing whitespace.
+kallaway.t1.stat.isotype,kallaway,draft,tier1,stat,style-library/02-kallaway/cards/tier1/t1-stat-isotype.html,0d548c96cdd50683e2e35dc0a49385882518d82d,f9b638b97c24b7827281e02181f23eeab20c16cf37d4800e6a7a769bf60eefed,1920,1080,,kicker|stat|label|source,,https://cdn.jsdelivr.net/npm/gsap@3.14.2/dist/gsap.min.js,0,False,False
docs/producer/evidence/student-kit-audit-2026-09-09/card-source-inventory.csv:190: trailing whitespace.
+kallaway.t1.stat.layered,kallaway,draft,tier1,stat,style-library/02-kallaway/cards/tier1/t1-stat-layered.html,fe254ed0b41e57c7c1f28b360061be6a8cfbf809,fdaae671ce40e16e70709b94c9fb43f08a76a75d19e6b69c3aeccda3f61e19a0,1920,1080,,kicker|stat|label|source,,https://cdn.jsdelivr.net/npm/gsap@3.14.2/dist/gsap.min.js,0,False,False
docs/producer/evidence/student-kit-audit-2026-09-09/card-source-inventory.csv:191: trailing whitespace.
+kallaway.t1.stat.mega,kallaway,draft,tier1,stat,style-library/02-kallaway/cards/tier1/t1-stat-mega.html,b1c241a219f021d3addddf9650ee8c2026e56af2,17952223b356f1660a7ac3bc8b7c15b6c61e9da80e92b83cd46747d2c189fd86,1920,1080,,kicker|stat|label|source,,https://cdn.jsdelivr.net/npm/gsap@3.14.2/dist/gsap.min.js,0,False,False
docs/producer/evidence/student-kit-audit-2026-09-09/card-source-inventory.csv:192: trailing whitespace.
+kallaway.t1.stat.meter,kallaway,draft,tier1,stat,style-library/02-kallaway/cards/tier1/t1-stat-meter.html,b74c120071defbdcd11c9ee772796229a4f370fa,bf10fd3cdd3265fb6319785be352ba4f0276574e64f9efd6fae780418edacfb7,1920,1080,,kicker|stat|label|source,,https://cdn.jsdelivr.net/npm/gsap@3.14.2/dist/gsap.min.js,0,False,False
docs/producer/evidence/student-kit-audit-2026-09-09/card-source-inventory.csv:193: trailing whitespace.
+kallaway.t1.stat.milestone,kallaway,draft,tier1,stat,style-library/02-kallaway/cards/tier1/t1-stat-milestone.html,4af15f3d0d137efcc2fc9dfeeef9bd503489b123,0b99bab7b61dfff9f85ee0ff76232d1690ab95f861a06a22558a9fb89359018b,1920,1080,,kicker|stat|label|source,,https://cdn.jsdelivr.net/npm/gsap@3.14.2/dist/gsap.min.js,0,False,False
docs/producer/evidence/student-kit-audit-2026-09-09/card-source-inventory.csv:194: trailing whitespace.
+kallaway.t1.stat.money,kallaway,draft,tier1,stat,style-library/02-kallaway/cards/tier1/t1-stat-money.html,f9adebf3b44945daeff81466580563f38e3d4876,d38155f369a79e94f99488b510a3b401ac56e7ae4c845de0788f6d5652edc3be,1920,1080,,kicker|stat|label|source,,https://cdn.jsdelivr.net/npm/gsap@3.14.2/dist/gsap.min.js,0,False,False
docs/producer/evidence/student-kit-audit-2026-09-09/card-source-inventory.csv:195: trailing whitespace.
+kallaway.t1.stat.multiplier,kallaway,draft,tier1,stat,style-library/02-kallaway/cards/tier1/t1-stat-multiplier.html,c1493cb0b55e7273b3df4c592fa0f4491bcc08f3,82a71e7f61df947651d4970f40cbf6431adbca546413367855bf9faabe4f6e0c,1920,1080,,kicker|stat|label|source,,https://cdn.jsdelivr.net/npm/gsap@3.14.2/dist/gsap.min.js,0,False,False
docs/producer/evidence/student-kit-audit-2026-09-09/card-source-inventory.csv:196: trailing whitespace.
+kallaway.t1.stat.multiring,kallaway,draft,tier1,stat,style-library/02-kallaway/cards/tier1/t1-stat-multiring.html,90d6d673967e44892135ce141b44de15ccf34361,8fa107aa6d84f67ec606388ffcffaf66f4b31bece11c487cdb92241b36bcdfc5,1920,1080,,kicker|stat|label|source,,https://cdn.jsdelivr.net/npm/gsap@3.14.2/dist/gsap.min.js,0,False,False
docs/producer/evidence/student-kit-audit-2026-09-09/card-source-inventory.csv:197: trailing whitespace.
+kallaway.t1.stat.needle,kallaway,draft,tier1,stat,style-library/02-kallaway/cards/tier1/t1-stat-needle.html,553cdfbb845831819ed7246655a4841e7a6b403e,a74b86efeefa5ca980984f055cd55ee3862b73a82f06120a17d344d838b6d024,1920,1080,,kicker|label|source,,https://cdn.jsdelivr.net/npm/gsap@3.14.2/dist/gsap.min.js,0,False,False
docs/producer/evidence/student-kit-audit-2026-09-09/card-source-inventory.csv:198: trailing whitespace.
+kallaway.t1.stat.nodes,kallaway,draft,tier1,stat,style-library/02-kallaway/cards/tier1/t1-stat-nodes.html,69c4d7cc967523b050ea2f80a1242baddb141f4a,15ad24329be4577a4d04c05aee7ee8a14dee3565c4d4386eccc082b6be2723f0,1920,1080,,kicker|stat|label|source,,https://cdn.jsdelivr.net/npm/gsap@3.14.2/dist/gsap.min.js,0,False,False
docs/producer/evidence/student-kit-audit-2026-09-09/card-source-inventory.csv:199: trailing whitespace.
+kallaway.t1.stat.odometer,kallaway,draft,tier1,stat,style-library/02-kallaway/cards/tier1/t1-stat-odometer.html,7c3be3ac88effff1d8b41f3730fb6019cfca19a4,c9408aca7683285f0bf20e92751cdefa58650f9fbfb42378943f7cacbf55330a,1920,1080,,kicker|stat|label|source,,https://cdn.jsdelivr.net/npm/gsap@3.14.2/dist/gsap.min.js,0,False,False
docs/producer/evidence/student-kit-audit-2026-09-09/card-source-inventory.csv:200: trailing whitespace.
+kallaway.t1.stat.orbitmoons,kallaway,draft,tier1,stat,style-library/02-kallaway/cards/tier1/t1-stat-orbitmoons.html,324b4bfcc8ae9a803e4272c5efc6cf122c727bab,906193b7d9dac99ac550676b2e083eb0e49b32141b23ba1db35099f7298bc919,1920,1080,,stat|moon1|moon2|source,,https://cdn.jsdelivr.net/npm/gsap@3.14.2/dist/gsap.min.js,0,False,False
docs/producer/evidence/student-kit-audit-2026-09-09/card-source-inventory.csv:201: trailing whitespace.
+kallaway.t1.stat.orbitstat,kallaway,draft,tier1,stat,style-library/02-kallaway/cards/tier1/t1-stat-orbitstat.html,672b1f508919af130c2a750019935aed469b223f,b8990cf25c5c5fb2bce66ce4e23869f7adea5fb9d2cce5725fd38d59c2a31437,1920,1080,,kicker|stat|label|source,,https://cdn.jsdelivr.net/npm/gsap@3.14.2/dist/gsap.min.js,0,False,False
docs/producer/evidence/student-kit-audit-2026-09-09/card-source-inventory.csv:202: trailing whitespace.
+kallaway.t1.stat.pair,kallaway,draft,tier1,stat,style-library/02-kallaway/cards/tier1/t1-stat-pair.html,cd19aac09b4ab9e62a8f98ac01569ee72542d686,189c4d7cb21ef9435e6ab209da00bc9de7088822a9b0131518527587116ad45a,1920,1080,,kicker|statA|labelA|statB|labelB|label|source,,https://cdn.jsdelivr.net/npm/gsap@3.14.2/dist/gsap.min.js,0,False,False
docs/producer/evidence/student-kit-audit-2026-09-09/card-source-inventory.csv:203: trailing whitespace.
+kallaway.t1.stat.percentile,kallaway,draft,tier1,stat,style-library/02-kallaway/cards/tier1/t1-stat-percentile.html,dbec0bbb3af5b232bf9d39c104b4b7cb8e25bcb2,e6eea08d1a264d643a20780a8400142bbef65b1eead243740a235199aa2b510e,1920,1080,,kicker|stat|label|source,,https://cdn.jsdelivr.net/npm/gsap@3.14.2/dist/gsap.min.js,0,False,False
docs/producer/evidence/student-kit-audit-2026-09-09/card-source-inventory.csv:204: trailing whitespace.
+kallaway.t1.stat.pictobar,kallaway,draft,tier1,stat,style-library/02-kallaway/cards/tier1/t1-stat-pictobar.html,25ec95d6bf4ae74f3226ba31d7a8f6ca770b7d9a,f5693b7c44d307e18368eb8c4c3d8fd293b922b92c264df00eb833d01b3bc50f,1920,1080,,kicker|stat|label|source,,https://cdn.jsdelivr.net/npm/gsap@3.14.2/dist/gsap.min.js,0,False,False
docs/producer/evidence/student-kit-audit-2026-09-09/card-source-inventory.csv:205: trailing whitespace.
+kallaway.t1.stat.polar,kallaway,draft,tier1,stat,style-library/02-kallaway/cards/tier1/t1-stat-polar.html,c82d7e956a603b6831c2d101bc35b7cda8a22946,f86b65a0f7bb60652ab13528334208912e2acaeb1d42b2c667096449c7dc637c,1920,1080,,kicker|stat|label|source,,https://cdn.jsdelivr.net/npm/gsap@3.14.2/dist/gsap.min.js,0,False,False
docs/producer/evidence/student-kit-audit-2026-09-09/card-source-inventory.csv:206: trailing whitespace.
+kallaway.t1.stat.quotestat,kallaway,draft,tier1,stat,style-library/02-kallaway/cards/tier1/t1-stat-quotestat.html,9a0cce8059164e136de02381430bfbef1c41083d,ea856bd8939ae54e14caeb9689e34a82f934a0b03d68adff441137834b72fbfb,1920,1080,,stat|label|source,,https://cdn.jsdelivr.net/npm/gsap@3.14.2/dist/gsap.min.js,0,False,False
docs/producer/evidence/student-kit-audit-2026-09-09/card-source-inventory.csv:207: trailing whitespace.
+kallaway.t1.stat.radialbars,kallaway,draft,tier1,stat,style-library/02-kallaway/cards/tier1/t1-stat-radialbars.html,a20d4a48c092c98be2b0c1cfb033e41e1056f1c7,a08bd8236c797e57ce135eef9bd989309e26606245c8408ba61c75d7ed5a1d0d,1920,1080,,stat|kicker|label|source,,https://cdn.jsdelivr.net/npm/gsap@3.14.2/dist/gsap.min.js,0,False,False
docs/producer/evidence/student-kit-audit-2026-09-09/card-source-inventory.csv:208: trailing whitespace.
+kallaway.t1.stat.range,kallaway,draft,tier1,stat,style-library/02-kallaway/cards/tier1/t1-stat-range.html,b6222a9ffc9c9674068542b02b8814f398455178,4ec0b2b1b7b74f0c84d223e42f98dfbde3853f372970db1499334e4bb6344834,1920,1080,,kicker|stat|label|source,,https://cdn.jsdelivr.net/npm/gsap@3.14.2/dist/gsap.min.js,0,False,False
docs/producer/evidence/student-kit-audit-2026-09-09/card-source-inventory.csv:209: trailing whitespace.
+kallaway.t1.stat.rank,kallaway,draft,tier1,stat,style-library/02-kallaway/cards/tier1/t1-stat-rank.html,dc22a43bfe40e227b9706395211fea9e140311ee,6b539dfb5cd36d04ac4a93ad53c4ebb14cb2e9e0168bf6fbe4ee5af4980c029d,1920,1080,,kicker|stat|label|source,,https://cdn.jsdelivr.net/npm/gsap@3.14.2/dist/gsap.min.js,0,False,False
docs/producer/evidence/student-kit-audit-2026-09-09/card-source-inventory.csv:210: trailing whitespace.
+kallaway.t1.stat.ratio,kallaway,draft,tier1,stat,style-library/02-kallaway/cards/tier1/t1-stat-ratio.html,dc495f424c72b47cad325abb5b3660e7499d0eb2,8f882cc989e3a0b26d30d2ca210d3f9e7d786e88e7c5b04a45b410c6203a5c14,1920,1080,,kicker|stat|label|source,,https://cdn.jsdelivr.net/npm/gsap@3.14.2/dist/gsap.min.js,0,False,False
docs/producer/evidence/student-kit-audit-2026-09-09/card-source-inventory.csv:211: trailing whitespace.
+kallaway.t1.stat.ring,kallaway,draft,tier1,stat,style-library/02-kallaway/cards/tier1/t1-stat-ring.html,720998d0bb72043c51f679c7a5f290a526aedffc,4d32d140371fd5ba01ba04cfe400c3f2a9395f6d1e210d21fcc23186da484e66,1920,1080,,kicker|stat|label|source,,https://cdn.jsdelivr.net/npm/gsap@3.14.2/dist/gsap.min.js,0,False,False
docs/producer/evidence/student-kit-audit-2026-09-09/card-source-inventory.csv:212: trailing whitespace.
+kallaway.t1.stat.risewall,kallaway,draft,tier1,stat,style-library/02-kallaway/cards/tier1/t1-stat-risewall.html,092caf0a0f13a1fcae6b57549bbd4f0d16451c16,4f2d524f558a235d23c8f3afa01684cd9ce103f5de19e557f449643ccc77df68,1920,1080,,kicker|stat|label|source,,https://cdn.jsdelivr.net/npm/gsap@3.14.2/dist/gsap.min.js,0,False,False
docs/producer/evidence/student-kit-audit-2026-09-09/card-source-inventory.csv:213: trailing whitespace.
+kallaway.t1.stat.score,kallaway,draft,tier1,stat,style-library/02-kallaway/cards/tier1/t1-stat-score.html,0fa4a55a68e1388a1db8a9794b9a6b4b664cdc0b,2437e29d5f7b9b0204dd8c92282b7d5462d1fabb3bda9e8ad9e350add020b61e,1920,1080,,kicker|stat|label|source,,https://cdn.jsdelivr.net/npm/gsap@3.14.2/dist/gsap.min.js,0,False,False
docs/producer/evidence/student-kit-audit-2026-09-09/card-source-inventory.csv:214: trailing whitespace.
+kallaway.t1.stat.segbar,kallaway,draft,tier1,stat,style-library/02-kallaway/cards/tier1/t1-stat-segbar.html,2078d97058be95cb2348ceec55ccbf56e9310210,4dbbcc870269a91a5cf618db34e017e94a7133ee2d1a1d78f23d6d88774168fe,1920,1080,,kicker|stat|label|source,,https://cdn.jsdelivr.net/npm/gsap@3.14.2/dist/gsap.min.js,0,False,False
docs/producer/evidence/student-kit-audit-2026-09-09/card-source-inventory.csv:215: trailing whitespace.
+kallaway.t1.stat.semigauge,kallaway,draft,tier1,stat,style-library/02-kallaway/cards/tier1/t1-stat-semigauge.html,68b3519836d69d8007cb10ff1921c65fc5cb999f,895078da4301c93f9a783986f17de210b996d3bf2fdfcd659618eeef9091022a,1920,1080,,kicker|stat|label|source,,https://cdn.jsdelivr.net/npm/gsap@3.14.2/dist/gsap.min.js,0,False,False
docs/producer/evidence/student-kit-audit-2026-09-09/card-source-inventory.csv:216: trailing whitespace.
+kallaway.t1.stat.sparkline,kallaway,draft,tier1,stat,style-library/02-kallaway/cards/tier1/t1-stat-sparkline.html,da4e7a1a7207d829c6d7e419bb90954a749042ea,67253fd41ad579d4cad8a8ca30bd8fa6950a03d1e52695a3523ec7f644e41e48,1920,1080,,kicker|stat|label|source,,https://cdn.jsdelivr.net/npm/gsap@3.14.2/dist/gsap.min.js,0,False,False
docs/producer/evidence/student-kit-audit-2026-09-09/card-source-inventory.csv:217: trailing whitespace.
+kallaway.t1.stat.spectrum,kallaway,draft,tier1,stat,style-library/02-kallaway/cards/tier1/t1-stat-spectrum.html,1c23293be2e4c6f9f2e6a0a7da8e12c65e4da417,cbdd73cab52faf64f74d8218ed22cdc2e88224861feeb42a3467285690e392bf,1920,1080,,kicker|stat|label|source,,https://cdn.jsdelivr.net/npm/gsap@3.14.2/dist/gsap.min.js,0,False,False
docs/producer/evidence/student-kit-audit-2026-09-09/card-source-inventory.csv:218: trailing whitespace.
+kallaway.t1.stat.split,kallaway,draft,tier1,stat,style-library/02-kallaway/cards/tier1/t1-stat-split.html,dbe65047d42198a78d989057c465d918c7233055,dbaa11646f17ef26783980784f7ede32b91fc1b116c6bc23f8aec598fb8f43ab,1920,1080,,kicker|statA|statB|label|source,,https://cdn.jsdelivr.net/npm/gsap@3.14.2/dist/gsap.min.js,0,False,False
docs/producer/evidence/student-kit-audit-2026-09-09/card-source-inventory.csv:219: trailing whitespace.
+kallaway.t1.stat.stackedbars,kallaway,draft,tier1,stat,style-library/02-kallaway/cards/tier1/t1-stat-stackedbars.html,c4f717925d74097b79122b9dc304bb3da90dd94d,d6a658ff7b4b19eaa367ffcf366950f7b9bca2bec7dcc541fffa63b7c278f467,1920,1080,,kicker|b1_l|b2_l|b3_l|source,,https://cdn.jsdelivr.net/npm/gsap@3.14.2/dist/gsap.min.js,0,False,False
docs/producer/evidence/student-kit-audit-2026-09-09/card-source-inventory.csv:220: trailing whitespace.
+kallaway.t1.stat.tickerstat,kallaway,draft,tier1,stat,style-library/02-kallaway/cards/tier1/t1-stat-tickerstat.html,b613740ffdb1b2f54acab1553551dbd2ba30cc93,9414ea225133b81a72a15b60880801cccf87e3c3039fe3c9f31745dd98d520f7,1920,1080,,kicker|stat|label|source,,https://cdn.jsdelivr.net/npm/gsap@3.14.2/dist/gsap.min.js,0,False,False
docs/producer/evidence/student-kit-audit-2026-09-09/card-source-inventory.csv:221: trailing whitespace.
+kallaway.t1.stat.tiles,kallaway,draft,tier1,stat,style-library/02-kallaway/cards/tier1/t1-stat-tiles.html,433977d567ffa48c97d0f137b4913684bb5d2a24,11c4c80b7db2317598a1d9bf7648f2535cf0230eb7ded29f1cd758da594b50eb,1920,1080,,stat|label|source,,https://cdn.jsdelivr.net/npm/gsap@3.14.2/dist/gsap.min.js,0,False,False
docs/producer/evidence/student-kit-audit-2026-09-09/card-source-inventory.csv:222: trailing whitespace.
+kallaway.t1.stat.timer,kallaway,draft,tier1,stat,style-library/02-kallaway/cards/tier1/t1-stat-timer.html,9e34ab141cd4abcc6913e45bc2e19253bc932269,3929b39e172414f2e15fe3ab0a2014824dde06b18d0d7e9c960a2c0d998881f6,1920,1080,,kicker|stat|label|source,,https://cdn.jsdelivr.net/npm/gsap@3.14.2/dist/gsap.min.js,0,False,False
docs/producer/evidence/student-kit-audit-2026-09-09/card-source-inventory.csv:223: trailing whitespace.
+kallaway.t1.stat.trendline,kallaway,draft,tier1,stat,style-library/02-kallaway/cards/tier1/t1-stat-trendline.html,1c33583a4c21a35a46ec2904e616bb6600af0f22,cf9c1d7ed15a15e022f058e779429d9fedc6c9c0ef302d255b47ddf7d05c0a21,1920,1080,,kicker|stat|label|source,,https://cdn.jsdelivr.net/npm/gsap@3.14.2/dist/gsap.min.js,0,False,False
docs/producer/evidence/student-kit-audit-2026-09-09/card-source-inventory.csv:224: trailing whitespace.
+kallaway.t1.stat.underscore,kallaway,draft,tier1,stat,style-library/02-kallaway/cards/tier1/t1-stat-underscore.html,9d6f2ad2352471ac7653c7859e108694c8d2e812,762a65e536b03b22ddf26f90c50b3289ac1d09acb2819e1300770e78b4e69fbb,1920,1080,,kicker|stat|label|source,,https://cdn.jsdelivr.net/npm/gsap@3.14.2/dist/gsap.min.js,0,False,False
docs/producer/evidence/student-kit-audit-2026-09-09/card-source-inventory.csv:225: trailing whitespace.
+kallaway.t1.stat.versus,kallaway,draft,tier1,stat,style-library/02-kallaway/cards/tier1/t1-stat-versus.html,78d17bdf033a2be4fd6f50786841b03d32eb5af6,8228ee0bbdebb5a0c7af61124a50647d9de2f136fd9da5672801ff865d13e3fb,1920,1080,,kicker|labelA|statA|labelB|statB|source,,https://cdn.jsdelivr.net/npm/gsap@3.14.2/dist/gsap.min.js,0,False,False
docs/producer/evidence/student-kit-audit-2026-09-09/card-source-inventory.csv:226: trailing whitespace.
+kallaway.t1.stat.waffle,kallaway,draft,tier1,stat,style-library/02-kallaway/cards/tier1/t1-stat-waffle.html,280532d282b11092ab680873e48f3da425637e4f,764efad04604de330322bdcd46e028fec18af025592d000b6d24d75b09f65699,1920,1080,,kicker|stat|label|source,,https://cdn.jsdelivr.net/npm/gsap@3.14.2/dist/gsap.min.js,0,False,False
docs/producer/evidence/student-kit-audit-2026-09-09/card-source-inventory.csv:227: trailing whitespace.
+kallaway.t1.stat.waterfall,kallaway,draft,tier1,stat,style-library/02-kallaway/cards/tier1/t1-stat-waterfall.html,dd0efdf128d275f3f8a3988c49551ccd4bf3c092,e91d98528443d94fd869be9f713b9f9d4b151f3d3bb97a2a29b26d10cc4487dc,1920,1080,,kicker|stat|label|source,,https://cdn.jsdelivr.net/npm/gsap@3.14.2/dist/gsap.min.js,0,False,False
docs/producer/evidence/student-kit-audit-2026-09-09/card-source-inventory.csv:228: trailing whitespace.
+kallaway.t1.overview.agenda,kallaway,draft,tier1,overview,style-library/02-kallaway/cards/tier1/t1-overview-agenda.html,282fcf59c4e0850748c528ea70ff3eef0ba0873e,e28e479f656264c8e8f88c2f0f4970ed2ff9d1e89c1bb04b9a1ef4636c727c6a,1920,1080,,title|i1_t|i1_h|i1_b|i2_t|i2_h|i2_b|i3_t|i3_h|i3_b|i4_t|i4_h|i4_b|i5_t|i5_h|i5_b,,https://cdn.jsdelivr.net/npm/gsap@3.14.2/dist/gsap.min.js,0,False,False
docs/producer/evidence/student-kit-audit-2026-09-09/card-source-inventory.csv:229: trailing whitespace.
+kallaway.t1.overview.beforeafter,kallaway,draft,tier1,overview,style-library/02-kallaway/cards/tier1/t1-overview-beforeafter.html,735ed0b885fe226460630586fc2ac2b169c7caca,7f0bdaaf9aac5c69391873e90e583962d32d51d689a3a1b9e3b0267f962ab643,1920,1080,,title|before_h|before_b|after_h|after_b,,https://cdn.jsdelivr.net/npm/gsap@3.14.2/dist/gsap.min.js,0,False,False
docs/producer/evidence/student-kit-audit-2026-09-09/card-source-inventory.csv:230: trailing whitespace.
+kallaway.t1.overview.bento,kallaway,draft,tier1,overview,style-library/02-kallaway/cards/tier1/t1-overview-bento.html,26bfc44728b0e7fb40aa786c8c6605e9e02543e1,399fb1e057f608ef35dba2f159079096ab643d414d76ac130e4657af88fb479e,1920,1080,,title|feat_h|feat_b|b1_h|b1_b|b2_h|b2_b|b3_h|b3_b,,https://cdn.jsdelivr.net/npm/gsap@3.14.2/dist/gsap.min.js,0,False,False
docs/producer/evidence/student-kit-audit-2026-09-09/card-source-inventory.csv:231: trailing whitespace.
+kallaway.t1.overview.bigleft,kallaway,draft,tier1,overview,style-library/02-kallaway/cards/tier1/t1-overview-bigleft.html,7a93c9e6da03f17328b9d5b033a5fbbd650265c9,79600b7f99279f84d127c66bfceca28eb3d816954dce20cb3b85367d552214c9,1920,1080,,title|n1_h|n1_b|n2_h|n2_b|n3_h|n3_b,,https://cdn.jsdelivr.net/npm/gsap@3.14.2/dist/gsap.min.js,0,False,False
docs/producer/evidence/student-kit-audit-2026-09-09/card-source-inventory.csv:232: trailing whitespace.
+kallaway.t1.overview.callouts,kallaway,draft,tier1,overview,style-library/02-kallaway/cards/tier1/t1-overview-callouts.html,8e5c78d7b3743af5e97e2859745388b1893c7157,36badc976aaddc2993d226b6d98c450d7754ac745627bafe1df030a20994f883,1920,1080,,title|headline|c1-label|c2-label|c3-label,,https://cdn.jsdelivr.net/npm/gsap@3.14.2/dist/gsap.min.js,0,False,False
docs/producer/evidence/student-kit-audit-2026-09-09/card-source-inventory.csv:233: trailing whitespace.
+kallaway.t1.overview.cardrow5,kallaway,draft,tier1,overview,style-library/02-kallaway/cards/tier1/t1-overview-cardrow5.html,bee26f81d2aa6d39fa9ab668a50faded5e5a01d7,a201f58a7b075102caf460cb9639611e71600f578ca84228023f7d68ec8e7e18,1920,1080,,title|r1|r2|r3|r4|r5,,https://cdn.jsdelivr.net/npm/gsap@3.14.2/dist/gsap.min.js,0,False,False
docs/producer/evidence/student-kit-audit-2026-09-09/card-source-inventory.csv:234: trailing whitespace.
+kallaway.t1.overview.checklist,kallaway,draft,tier1,overview,style-library/02-kallaway/cards/tier1/t1-overview-checklist.html,72aaf77c5db08ae7f25486cd6978182a7ae24dd4,1779764df07023e6c1038ca9fae11622b8b3fb6662900a8646ee5daf54a8f5d7,1920,1080,,title|i1|i2|i3|i4,,https://cdn.jsdelivr.net/npm/gsap@3.14.2/dist/gsap.min.js,0,False,False
docs/producer/evidence/student-kit-audit-2026-09-09/card-source-inventory.csv:235: trailing whitespace.
+kallaway.t1.overview.cycle,kallaway,draft,tier1,overview,style-library/02-kallaway/cards/tier1/t1-overview-cycle.html,114ce68755f5859dad5d6653f9b039975fce5bc5,63b60ba150c163d8e4bea2641335da9971c21a4bee4ba96ada1c6e595eff9174,1920,1080,,title|s1_label|s1_body|s2_label|s2_body|s3_label|s3_body|s4_label|s4_body,,https://cdn.jsdelivr.net/npm/gsap@3.14.2/dist/gsap.min.js,0,False,False
docs/producer/evidence/student-kit-audit-2026-09-09/card-source-inventory.csv:236: trailing whitespace.
+kallaway.t1.overview.dashboard,kallaway,draft,tier1,overview,style-library/02-kallaway/cards/tier1/t1-overview-dashboard.html,9dab6c4b814c4c7602a616ca5f0639174b0f8b5f,dde6d51974f01c4c8462e21f7514371062aeacf8942c369bfb8a0640208b5a09,1920,1080,,title|w1-label|w1-value|w2-label|w3-label|w3-pct|w3-aside|w4-label,,https://cdn.jsdelivr.net/npm/gsap@3.14.2/dist/gsap.min.js,0,False,False
docs/producer/evidence/student-kit-audit-2026-09-09/card-source-inventory.csv:237: trailing whitespace.
+kallaway.t1.overview.deck2,kallaway,draft,tier1,overview,style-library/02-kallaway/cards/tier1/t1-overview-deck2.html,b6b6151194bffa3a63cb51804fa5df90cc953b5d,05b9d62eab852c662843e6322ac85f78cc985daef30619d408602e2e16e3f4ed,1920,1080,,title|c1_h|c1_b|c2_h|c2_b,,https://cdn.jsdelivr.net/npm/gsap@3.14.2/dist/gsap.min.js,0,False,False
docs/producer/evidence/student-kit-audit-2026-09-09/card-source-inventory.csv:238: trailing whitespace.
+kallaway.t1.overview.deck3,kallaway,draft,tier1,overview,style-library/02-kallaway/cards/tier1/t1-overview-deck3.html,fb774249d9499da1be2625b28716b6dbbda92c4f,9e396c392f14f9b53c5e98fc602ecb13ddc7287e41aa219f704f1e210030b875,1920,1080,,title|c1_h|c1_b|c2_h|c2_b|c3_h|c3_b,,https://cdn.jsdelivr.net/npm/gsap@3.14.2/dist/gsap.min.js,0,False,False
docs/producer/evidence/student-kit-audit-2026-09-09/card-source-inventory.csv:239: trailing whitespace.
+kallaway.t1.overview.duallist,kallaway,draft,tier1,overview,style-library/02-kallaway/cards/tier1/t1-overview-duallist.html,a9a612c623b9bd892e547d441c7b83998ab368b7,029e4f11cbe26d89bf05caddb246417350d63c69cddcc70a86228f7c65009372,1920,1080,,title|col_l|l1|l2|l3|l4|col_r|r1|r2|r3|r4,,https://cdn.jsdelivr.net/npm/gsap@3.14.2/dist/gsap.min.js,0,False,False
docs/producer/evidence/student-kit-audit-2026-09-09/card-source-inventory.csv:240: trailing whitespace.
+kallaway.t1.overview.featurecompare,kallaway,draft,tier1,overview,style-library/02-kallaway/cards/tier1/t1-overview-featurecompare.html,781fa537d074512af99212ae89a8fa3418a27d01,81f4a7013c49e1a6c371ee0cbe59489fd8fc3f2c74fadc12e87b7271ce0f6c6c,1920,1080,,title|col1|col2|f1|f2|f3|f4,,https://cdn.jsdelivr.net/npm/gsap@3.14.2/dist/gsap.min.js,0,False,False
docs/producer/evidence/student-kit-audit-2026-09-09/card-source-inventory.csv:241: trailing whitespace.
+kallaway.t1.overview.featuregrid,kallaway,draft,tier1,overview,style-library/02-kallaway/cards/tier1/t1-overview-featuregrid.html,8b0b11d35775435de5c40fe71c42dce897e4f8b0,61b4d704643b8af0d7cbc2990317ace31ce9d6e7cdb7b25766f3593afba2b90d,1920,1080,,title|f1_h|f1_b|f2_h|f2_b|f3_h|f3_b|f4_h|f4_b,,https://cdn.jsdelivr.net/npm/gsap@3.14.2/dist/gsap.min.js,0,False,False
docs/producer/evidence/student-kit-audit-2026-09-09/card-source-inventory.csv:242: trailing whitespace.
+kallaway.t1.overview.flashcards,kallaway,draft,tier1,overview,style-library/02-kallaway/cards/tier1/t1-overview-flashcards.html,9887a77c58e8c3788a4d2cb6ce805d67cf96e3c3,27966ef3e52bfafa5288a7eb12b88d655aef5baca6b01a237bae751575452e55,1920,1080,,title|fc1_label|fc1_cap|fc2_label|fc2_cap|fc3_label|fc3_cap|fc4_label|fc4_cap,,https://cdn.jsdelivr.net/npm/gsap@3.14.2/dist/gsap.min.js,0,False,False
docs/producer/evidence/student-kit-audit-2026-09-09/card-source-inventory.csv:243: trailing whitespace.
+kallaway.t1.overview.flow,kallaway,draft,tier1,overview,style-library/02-kallaway/cards/tier1/t1-overview-flow.html,08dfa20b18a3d6bd3ba0bb14c602caa2dd5d54bb,0c60bb23e3fb9baa53390c759d497f1d2519e7ee5757fbcd956d883ab26f4bf8,1920,1080,,title|n1|n2|n3|n4,,https://cdn.jsdelivr.net/npm/gsap@3.14.2/dist/gsap.min.js,0,False,False
docs/producer/evidence/student-kit-audit-2026-09-09/card-source-inventory.csv:244: trailing whitespace.
+kallaway.t1.overview.funnel,kallaway,draft,tier1,overview,style-library/02-kallaway/cards/tier1/t1-overview-funnel.html,60e121a5ca8ce1cd5bf3800a7676b634662dd0a3,9b55baa2d224a4b9a8031f2ee5cb16f64053d59dabe06506b870c6ad035f588b,1920,1080,,title|f1_label|f1_pct|f2_label|f2_pct|f3_label|f3_pct|f4_label|f4_pct,,https://cdn.jsdelivr.net/npm/gsap@3.14.2/dist/gsap.min.js,0,False,False
docs/producer/evidence/student-kit-audit-2026-09-09/card-source-inventory.csv:245: trailing whitespace.
+kallaway.t1.overview.gantt,kallaway,draft,tier1,overview,style-library/02-kallaway/cards/tier1/t1-overview-gantt.html,96a6c6116eeb26871100cbb74b63ce1e9ba481de,5c3ecb2ac4fb9cc32fc2baa17a63a0831ff6b3486831dc11502080f9ca3fb61d,1920,1080,,title|r1_label|r2_label|r3_label|r4_label,,https://cdn.jsdelivr.net/npm/gsap@3.14.2/dist/gsap.min.js,0,False,False
docs/producer/evidence/student-kit-audit-2026-09-09/card-source-inventory.csv:246: trailing whitespace.
+kallaway.t1.overview.grid6,kallaway,draft,tier1,overview,style-library/02-kallaway/cards/tier1/t1-overview-grid6.html,9afbd767e743b8a212e1935d1bc8366dbbbd85a5,d3698e39686267205babbfb735f84410a1117f15a66009d8f14b12b37e1ddf17,1920,1080,,title|i1|i2|i3|i4|i5|i6,,https://cdn.jsdelivr.net/npm/gsap@3.14.2/dist/gsap.min.js,0,False,False
docs/producer/evidence/student-kit-audit-2026-09-09/card-source-inventory.csv:247: trailing whitespace.
+kallaway.t1.overview.grid9,kallaway,draft,tier1,overview,style-library/02-kallaway/cards/tier1/t1-overview-grid9.html,e92c34b9bf58407dbff5dbb28ff4975aea1418ef,d5640bce85f9296362d6bf7e182b0d5fa5f693361cb6e3fb63170f1c6f44cc6f,1920,1080,,title|i1|i2|i3|i4|i5|i6|i7|i8|i9,,https://cdn.jsdelivr.net/npm/gsap@3.14.2/dist/gsap.min.js,0,False,False
docs/producer/evidence/student-kit-audit-2026-09-09/card-source-inventory.csv:248: trailing whitespace.
+kallaway.t1.overview.iconlist,kallaway,draft,tier1,overview,style-library/02-kallaway/cards/tier1/t1-overview-iconlist.html,97f6124fac3c8f3cb2636a83c1be23b362d67e94,e9b3d68a4c2c7fa07b9b5302d8f9c1b728ce84f57a1bec57782ba2413990d431,1920,1080,,title|i1_h|i1_b|i2_h|i2_b|i3_h|i3_b,,https://cdn.jsdelivr.net/npm/gsap@3.14.2/dist/gsap.min.js,0,False,False
docs/producer/evidence/student-kit-audit-2026-09-09/card-source-inventory.csv:249: trailing whitespace.
+kallaway.t1.overview.journey,kallaway,draft,tier1,overview,style-library/02-kallaway/cards/tier1/t1-overview-journey.html,d43d8c15eb67e7317ef9da07155282819f7e4236,8893496607816b21cbe43845231a4d015755381184570f5f5a0b54a288245382,1920,1080,,title|stop1_label|stop1_body|stop2_label|stop2_body|stop3_label|stop3_body|stop4_label|stop4_body,,https://cdn.jsdelivr.net/npm/gsap@3.14.2/dist/gsap.min.js,0,False,False
docs/producer/evidence/student-kit-audit-2026-09-09/card-source-inventory.csv:250: trailing whitespace.
+kallaway.t1.overview.kpirow,kallaway,draft,tier1,overview,style-library/02-kallaway/cards/tier1/t1-overview-kpirow.html,7ddd3fb6e4556f55788ff2fc4b6d6717a5321fdd,579ede138cf0ea2913128a98a8f58ff1ccc6130144443d0285215b68319c6941,1920,1080,,title|k1-label|k1-unit|k2-label|k2-unit|k3-label|k3-unit,,https://cdn.jsdelivr.net/npm/gsap@3.14.2/dist/gsap.min.js,0,False,False
docs/producer/evidence/student-kit-audit-2026-09-09/card-source-inventory.csv:251: trailing whitespace.
+kallaway.t1.overview.layers,kallaway,draft,tier1,overview,style-library/02-kallaway/cards/tier1/t1-overview-layers.html,e55ab5ec67a6eedbe817ea0ce8144ad14398fa03,b3eeadd71b1973bacf14e436de54fa6066ff7db1c5fddc06036cc49c5cd60865,1920,1080,,title|layer4|layer3|layer2|layer1,,https://cdn.jsdelivr.net/npm/gsap@3.14.2/dist/gsap.min.js,0,False,False
docs/producer/evidence/student-kit-audit-2026-09-09/card-source-inventory.csv:252: trailing whitespace.
+kallaway.t1.overview.legend,kallaway,draft,tier1,overview,style-library/02-kallaway/cards/tier1/t1-overview-legend.html,a9116112013b7c5dbe2992d68d2e39aad8a35335,d6ab7ebf7c5a28c671709e5673419d000b00b14dc06a20ed8874779594db4484,1920,1080,,title|r1-label|r1-val|r2-label|r2-val|r3-label|r3-val|r4-label|r4-val,,https://cdn.jsdelivr.net/npm/gsap@3.14.2/dist/gsap.min.js,0,False,False
docs/producer/evidence/student-kit-audit-2026-09-09/card-source-inventory.csv:253: trailing whitespace.
+kallaway.t1.overview.levels,kallaway,draft,tier1,overview,style-library/02-kallaway/cards/tier1/t1-overview-levels.html,a48490307c779aeb0772752a2ec95025880c0154,ddbbab5a4b60e22b6ee45698d4949edf50f51615566de8d4468e37ecaca468b0,1920,1080,,title_left|l3|l2|l1|title_right,,https://cdn.jsdelivr.net/npm/gsap@3.14.2/dist/gsap.min.js,0,False,False
docs/producer/evidence/student-kit-audit-2026-09-09/card-source-inventory.csv:254: trailing whitespace.
+kallaway.t1.overview.logowall,kallaway,draft,tier1,overview,style-library/02-kallaway/cards/tier1/t1-overview-logowall.html,24b5c8e3a225c76f9e1e042abd05e72984cfafef,24c35b8d4de79418a4fc576c2c64d6d12b10995b657228ae9bff8f44223bc3fe,1920,1080,,title|l1_name|l1_label|l2_name|l2_label|l3_name|l3_label|l4_name|l4_label|l5_name|l5_label|l6_name|l6_label,,https://cdn.jsdelivr.net/npm/gsap@3.14.2/dist/gsap.min.js,0,False,False
docs/producer/evidence/student-kit-audit-2026-09-09/card-source-inventory.csv:255: trailing whitespace.
+kallaway.t1.overview.mappoints,kallaway,draft,tier1,overview,style-library/02-kallaway/cards/tier1/t1-overview-mappoints.html,ae4da4b6c68a276cd2d9427131181b46c641ff28,97b8647205c0cadc1ffef66b78012fe657839c51db6f5e5657c950d7f416c205,1920,1080,,title|p1-name|p1-val|p2-name|p2-val|p3-name|p3-val,,https://cdn.jsdelivr.net/npm/gsap@3.14.2/dist/gsap.min.js,0,False,False
docs/producer/evidence/student-kit-audit-2026-09-09/card-source-inventory.csv:256: trailing whitespace.
+kallaway.t1.overview.matrix,kallaway,draft,tier1,overview,style-library/02-kallaway/cards/tier1/t1-overview-matrix.html,f9cf6a69b53b01ad398fed8873080054b2524c20,d9ce1ced9af213f3f7ba1320e8c233a33555a364f11461d5cd575388060013e9,1920,1080,,title|x_lo|x_hi|y_lo|y_hi|q_tl|q_tr|q_bl|q_br,,https://cdn.jsdelivr.net/npm/gsap@3.14.2/dist/gsap.min.js,0,False,False
docs/producer/evidence/student-kit-audit-2026-09-09/card-source-inventory.csv:257: trailing whitespace.
+kallaway.t1.overview.milestones,kallaway,draft,tier1,overview,style-library/02-kallaway/cards/tier1/t1-overview-milestones.html,7561cadf85a52b29c8ce54abd3f635fbebf10f5a,f41a9b55def2ebd343cda7d19b4b8bd3a42a501d40de04f732e213f4635da42f,1920,1080,,title|ms1_date|ms1_head|ms2_head|ms2_date|ms3_date|ms3_head|ms4_head|ms4_date|ms5_date|ms5_head,,https://cdn.jsdelivr.net/npm/gsap@3.14.2/dist/gsap.min.js,0,False,False
docs/producer/evidence/student-kit-audit-2026-09-09/card-source-inventory.csv:258: trailing whitespace.
+kallaway.t1.overview.mindmap,kallaway,draft,tier1,overview,style-library/02-kallaway/cards/tier1/t1-overview-mindmap.html,2bb08bbb249b86630da1fe130477347b761ead2e,8b57145d9959772dd4a12d5c118361d9126e22536efd9860341cd6cde23f276f,1920,1080,,title|center|leaf1|leaf1_sub|leaf2|leaf2_sub|leaf3|leaf3_sub|leaf4|leaf4_sub,,https://cdn.jsdelivr.net/npm/gsap@3.14.2/dist/gsap.min.js,0,False,False
docs/producer/evidence/student-kit-audit-2026-09-09/card-source-inventory.csv:259: trailing whitespace.
+kallaway.t1.overview.nested,kallaway,draft,tier1,overview,style-library/02-kallaway/cards/tier1/t1-overview-nested.html,4f8e19d92db90a225df7299153b3f0c7d0562706,8f80f99b9c9017056aad58cdd49f632e38ed101bdd1630b21707812a7815919f,1920,1080,,title|ring1|ring2|ring3,,https://cdn.jsdelivr.net/npm/gsap@3.14.2/dist/gsap.min.js,0,False,False
docs/producer/evidence/student-kit-audit-2026-09-09/card-source-inventory.csv:260: trailing whitespace.
+kallaway.t1.overview.network,kallaway,draft,tier1,overview,style-library/02-kallaway/cards/tier1/t1-overview-network.html,7f61984d384eb86390c5db499538f10f24c34b93,7a5b383f284564646670c19f512cc9582236136b01967d5fb286ac094fcb5811,1920,1080,,title|n1|n2|n3|n4|n5,,https://cdn.jsdelivr.net/npm/gsap@3.14.2/dist/gsap.min.js,0,False,False
docs/producer/evidence/student-kit-audit-2026-09-09/card-source-inventory.csv:261: trailing whitespace.
+kallaway.t1.overview.notifs,kallaway,draft,tier1,overview,style-library/02-kallaway/cards/tier1/t1-overview-notifs.html,64a9d05b28d8372c721fe08a7721cf1986417444,e593227d99c70af1186ff5410ee81e2b53812b91f0d50e9efb4dcb3f181087e4,1920,1080,,title|r1_t|r1_b|r2_t|r2_b|r3_t|r3_b,,https://cdn.jsdelivr.net/npm/gsap@3.14.2/dist/gsap.min.js,0,False,False
docs/producer/evidence/student-kit-audit-2026-09-09/card-source-inventory.csv:262: trailing whitespace.
+kallaway.t1.overview.numlist,kallaway,draft,tier1,overview,style-library/02-kallaway/cards/tier1/t1-overview-numlist.html,87e6eb9745a303531b8157987a613b8166b170eb,26d1861d3da90b11c12d2829e5dd2f9a05a6c5ed76c7d30a29c82f606e145f5e,1920,1080,,title|n1_h|n1_b|n2_h|n2_b|n3_h|n3_b,,https://cdn.jsdelivr.net/npm/gsap@3.14.2/dist/gsap.min.js,0,False,False
docs/producer/evidence/student-kit-audit-2026-09-09/card-source-inventory.csv:263: trailing whitespace.
+kallaway.t1.overview.orgchart,kallaway,draft,tier1,overview,style-library/02-kallaway/cards/tier1/t1-overview-orgchart.html,afdf2b8cce88297fe8ad637aef64b13e7a02963c,a91fede4bc0c2e367555847c0f6b5520b08c7564b42c8308d969ba2ae0bd3979,1920,1080,,title|root|c1|c1_sub|c2|c2_sub|c3|c3_sub,,https://cdn.jsdelivr.net/npm/gsap@3.14.2/dist/gsap.min.js,0,False,False
docs/producer/evidence/student-kit-audit-2026-09-09/card-source-inventory.csv:264: trailing whitespace.
+kallaway.t1.overview.outline,kallaway,draft,tier1,overview,style-library/02-kallaway/cards/tier1/t1-overview-outline.html,0b687f2aceb4abaafa282c31851dc7c50e037b2e,578c4dc38b113450ff852d66e6c304256b3e82fa8e7a64baf1f4a7bb75477c71,1920,1080,,title|p1|p1s1|p1s2|p2|p2s1|p2s2|p3|p3s1,,https://cdn.jsdelivr.net/npm/gsap@3.14.2/dist/gsap.min.js,0,False,False
docs/producer/evidence/student-kit-audit-2026-09-09/card-source-inventory.csv:265: trailing whitespace.
+kallaway.t1.overview.phases,kallaway,draft,tier1,overview,style-library/02-kallaway/cards/tier1/t1-overview-phases.html,e6affb71c707f2b86fe28fb7bce0516b8a24e201,df4d19a15594da10593c9e8c8cfed8387f1cc0f3d39512d9a55eea9ad09e4d7a,1920,1080,,title|p1_h|p1_b|p2_h|p2_b|p3_h|p3_b,,https://cdn.jsdelivr.net/npm/gsap@3.14.2/dist/gsap.min.js,0,False,False
docs/producer/evidence/student-kit-audit-2026-09-09/card-source-inventory.csv:266: trailing whitespace.
+kallaway.t1.overview.pipeline,kallaway,draft,tier1,overview,style-library/02-kallaway/cards/tier1/t1-overview-pipeline.html,f2ba01bd56d607563c9c24e3948d07e36b610411,ad907957911d618842adb7f7b107bfb2ec2d750a3a179dd2b073703b26d3fd23,1920,1080,,title|p1|p2|p3|p4,,https://cdn.jsdelivr.net/npm/gsap@3.14.2/dist/gsap.min.js,0,False,False
docs/producer/evidence/student-kit-audit-2026-09-09/card-source-inventory.csv:267: trailing whitespace.
+kallaway.t1.overview.pricing,kallaway,draft,tier1,overview,style-library/02-kallaway/cards/tier1/t1-overview-pricing.html,71df74bc578f9ba5c693e686310de9fac892beab,cacb5cf35c83a3724a80a602d387a45c34773ceea1cb6bc484dafc37809ebd2f,1920,1080,,title|t1_name|t1_f1|t1_f2|t1_f3|t2_name|t2_f1|t2_f2|t2_f3|t3_name|t3_f1|t3_f2|t3_f3,,https://cdn.jsdelivr.net/npm/gsap@3.14.2/dist/gsap.min.js,0,False,False
docs/producer/evidence/student-kit-audit-2026-09-09/card-source-inventory.csv:268: trailing whitespace.
+kallaway.t1.overview.profiles,kallaway,draft,tier1,overview,style-library/02-kallaway/cards/tier1/t1-overview-profiles.html,867358ea93881d36ae5a251ee919395dc570b79c,99d53331eafa5577c34dfc1f73902047e4897c1b486884b3af7684b2b2082bc7,1920,1080,,title|p1_name|p1_role|p2_name|p2_role|p3_name|p3_role,,https://cdn.jsdelivr.net/npm/gsap@3.14.2/dist/gsap.min.js,0,False,False
docs/producer/evidence/student-kit-audit-2026-09-09/card-source-inventory.csv:269: trailing whitespace.
+kallaway.t1.overview.proscons,kallaway,draft,tier1,overview,style-library/02-kallaway/cards/tier1/t1-overview-proscons.html,0d51027944e27fe6414d49bf8a4367b13e862a7f,d0302117f814adca8ecea00b0b16bf43a35ac14358b04ab317fa75858f82130a,1920,1080,,title|pro1|pro2|pro3|con1|con2|con3,,https://cdn.jsdelivr.net/npm/gsap@3.14.2/dist/gsap.min.js,0,False,False
docs/producer/evidence/student-kit-audit-2026-09-09/card-source-inventory.csv:270: trailing whitespace.
+kallaway.t1.overview.pyramid,kallaway,draft,tier1,overview,style-library/02-kallaway/cards/tier1/t1-overview-pyramid.html,ae094ab89d9f3ed12e9bcf4bc71cb2f50ff3d71f,0fc1fe2048bf2bfb37a4168f7a0ca950ead71d80a331ba8648f0279850775ed3,1920,1080,,title|tier3_tag|tier3|tier2_tag|tier2|tier1_tag|tier1,,https://cdn.jsdelivr.net/npm/gsap@3.14.2/dist/gsap.min.js,0,False,False
docs/producer/evidence/student-kit-audit-2026-09-09/card-source-inventory.csv:271: trailing whitespace.
+kallaway.t1.overview.quad,kallaway,draft,tier1,overview,style-library/02-kallaway/cards/tier1/t1-overview-quad.html,ec44662dcd37fd04fe2a61ae6200a3a9e21cd7e2,1925d87a5570743ba681e14af5c47a5a0c2e64e2937102f6c36ecbcd37dd0248,1920,1080,,title|c1|c2|c3|c4,,https://cdn.jsdelivr.net/npm/gsap@3.14.2/dist/gsap.min.js,0,False,False
docs/producer/evidence/student-kit-audit-2026-09-09/card-source-inventory.csv:272: trailing whitespace.
+kallaway.t1.overview.quotegrid,kallaway,draft,tier1,overview,style-library/02-kallaway/cards/tier1/t1-overview-quotegrid.html,1e5883df125d338f0b4821de24d483a26ae72ba4,a8f8d3caebac4848fa71e260e5d8df85fdc5e9e73ab983a47e33fb06f8783a8d,1920,1080,,title|q1|q1_attr|q2|q2_attr|q3|q3_attr|q4|q4_attr,,https://cdn.jsdelivr.net/npm/gsap@3.14.2/dist/gsap.min.js,0,False,False
docs/producer/evidence/student-kit-audit-2026-09-09/card-source-inventory.csv:273: trailing whitespace.
+kallaway.t1.overview.ranked,kallaway,draft,tier1,overview,style-library/02-kallaway/cards/tier1/t1-overview-ranked.html,18e9fa82d55c070bb12f26efef4dd18abc0858eb,a694f466af2703059c1a53fd3a41077f97f57f80917f193794b4a401403313fa,1920,1080,,title|r1_h|r1_b|r2_h|r2_b|r3_h|r3_b|r4_h|r4_b|r5_h|r5_b,,https://cdn.jsdelivr.net/npm/gsap@3.14.2/dist/gsap.min.js,0,False,False
docs/producer/evidence/student-kit-audit-2026-09-09/card-source-inventory.csv:274: trailing whitespace.
+kallaway.t1.overview.roadmap,kallaway,draft,tier1,overview,style-library/02-kallaway/cards/tier1/t1-overview-roadmap.html,e424839181d12eba1274007e5c87e45cc5a39518,97a6232d09c109ff96268c49b8430c1ba71e0b3553fed6a67937bd1767c30aef,1920,1080,,title|d1|m1|d2|m2|d3|m3|d4|m4,,https://cdn.jsdelivr.net/npm/gsap@3.14.2/dist/gsap.min.js,0,False,False
docs/producer/evidence/student-kit-audit-2026-09-09/card-source-inventory.csv:275: trailing whitespace.
+kallaway.t1.overview.spectrum,kallaway,draft,tier1,overview,style-library/02-kallaway/cards/tier1/t1-overview-spectrum.html,8a9c435af81f211672cbe1dcde08a714951e4d79,00f2c56ecf6ad6f4ff2b3e3506457e3fe896d06935e4fdcdfc521b4445f792da,1920,1080,,title|x_lo|x_hi|m1_label|m1_val|m2_label|m2_val|m3_label|m3_val,,https://cdn.jsdelivr.net/npm/gsap@3.14.2/dist/gsap.min.js,0,False,False
docs/producer/evidence/student-kit-audit-2026-09-09/card-source-inventory.csv:276: trailing whitespace.
+kallaway.t1.overview.split3,kallaway,draft,tier1,overview,style-library/02-kallaway/cards/tier1/t1-overview-split3.html,a02c621677708e1d8809355a7c94a8c092253b5c,18899c3460bae4f5459fa44d78307d6727a9573d123bcaf20c40ed6c50e048a7,1920,1080,,title|p1_h|p1_b|p2_h|p2_b|p3_h|p3_b,,https://cdn.jsdelivr.net/npm/gsap@3.14.2/dist/gsap.min.js,0,False,False
docs/producer/evidence/student-kit-audit-2026-09-09/card-source-inventory.csv:277: trailing whitespace.
+kallaway.t1.overview.spotlightcard,kallaway,draft,tier1,overview,style-library/02-kallaway/cards/tier1/t1-overview-spotlightcard.html,e779971be4a3753b8726e14c03b5254ae32fcb17,6629ea88e3b311c51523951e911a2871ba1c895ca221f3042f0de7365b31cd4d,1920,1080,,title|left_h|left_b|main_h|main_b|right_h|right_b,,https://cdn.jsdelivr.net/npm/gsap@3.14.2/dist/gsap.min.js,0,False,False
docs/producer/evidence/student-kit-audit-2026-09-09/card-source-inventory.csv:278: trailing whitespace.
+kallaway.t1.overview.statgrid,kallaway,draft,tier1,overview,style-library/02-kallaway/cards/tier1/t1-overview-statgrid.html,e4ce9a205ce6a147c186192d8fb17303ee08450c,b53450d00caffdce9e3ff308377d1ffef30dca73b25251392e43c024218574ed,1920,1080,,title|s1_val|s1_suffix|s1_label|s2_val|s2_suffix|s2_label|s3_val|s3_suffix|s3_label|s4_val|s4_suffix|s4_label,,https://cdn.jsdelivr.net/npm/gsap@3.14.2/dist/gsap.min.js,0,False,False
docs/producer/evidence/student-kit-audit-2026-09-09/card-source-inventory.csv:279: trailing whitespace.
+kallaway.t1.overview.steps,kallaway,draft,tier1,overview,style-library/02-kallaway/cards/tier1/t1-overview-steps.html,0b47b48c78360c6d65468de18103f814f2343346,8f3fc9c8fa00071546eeb4157e05ede4baa11dc8e22249ac7564935ea9901825,1920,1080,,title|s1_h|s1_b|s2_h|s2_b|s3_h|s3_b,,https://cdn.jsdelivr.net/npm/gsap@3.14.2/dist/gsap.min.js,0,False,False
docs/producer/evidence/student-kit-audit-2026-09-09/card-source-inventory.csv:280: trailing whitespace.
+kallaway.t1.overview.summary,kallaway,draft,tier1,overview,style-library/02-kallaway/cards/tier1/t1-overview-summary.html,e5db3262f8aa05056ff33ac6fc51ee1b4c9c75bb,40ca03430bfe55434c3891c33dc9e9440423df5d8617680b6e976c13a7a4aea6,1920,1080,,title|k1_num|k1_h|k1_b|k2_num|k2_h|k2_b|k3_num|k3_h|k3_b,,https://cdn.jsdelivr.net/npm/gsap@3.14.2/dist/gsap.min.js,0,False,False
docs/producer/evidence/student-kit-audit-2026-09-09/card-source-inventory.csv:281: trailing whitespace.
+kallaway.t1.overview.tiercompare,kallaway,draft,tier1,overview,style-library/02-kallaway/cards/tier1/t1-overview-tiercompare.html,5c7628b0ea19b79b7d8abdc09c27ac83bb08792d,a854336f8ca6c27648b642978a4bf7150838c94817edaa0ea834871ea668a3eb,1920,1080,,title|t1_hdr|t1_f1|t1_f2|t1_f3|t2_hdr|t2_f1|t2_f2|t2_f3|t3_hdr|t3_f1|t3_f2|t3_f3,,https://cdn.jsdelivr.net/npm/gsap@3.14.2/dist/gsap.min.js,0,False,False
docs/producer/evidence/student-kit-audit-2026-09-09/card-source-inventory.csv:282: trailing whitespace.
+kallaway.t1.overview.timeline,kallaway,draft,tier1,overview,style-library/02-kallaway/cards/tier1/t1-overview-timeline.html,08a8249992b6b6132930f4a0c0b30ede41d30928,d65bd332e39208fcf3bec8510b2acbdc82ddc7aa97763760fc64b6121feafefd,1920,1080,,title|s1|s2|s3,,https://cdn.jsdelivr.net/npm/gsap@3.14.2/dist/gsap.min.js,0,False,False
docs/producer/evidence/student-kit-audit-2026-09-09/card-source-inventory.csv:283: trailing whitespace.
+kallaway.t1.overview.toc,kallaway,draft,tier1,overview,style-library/02-kallaway/cards/tier1/t1-overview-toc.html,a7601bc02dceefdf0b2ce611b4c03c1009849b33,2317c6f03313209a21da3b2868225086473f7014f8a4767111667728c474cf0f,1920,1080,,title|e1_h|e1_n|e2_h|e2_n|e3_h|e3_n|e4_h|e4_n|e5_h|e5_n,,https://cdn.jsdelivr.net/npm/gsap@3.14.2/dist/gsap.min.js,0,False,False
docs/producer/evidence/student-kit-audit-2026-09-09/card-source-inventory.csv:284: trailing whitespace.
+kallaway.t1.overview.tree,kallaway,draft,tier1,overview,style-library/02-kallaway/cards/tier1/t1-overview-tree.html,0711d89ce6f90632f7b668d37300cc653399d89b,640379e6819eedf1c8c99828f4a2cd65cbf1b1d85510aff808b4a2f983249da1,1920,1080,,title|root|b1|b2|b3,,https://cdn.jsdelivr.net/npm/gsap@3.14.2/dist/gsap.min.js,0,False,False
docs/producer/evidence/student-kit-audit-2026-09-09/card-source-inventory.csv:285: trailing whitespace.
+kallaway.t1.overview.tricards,kallaway,draft,tier1,overview,style-library/02-kallaway/cards/tier1/t1-overview-tricards.html,a414062dbf336f00b507f9b991e5e18c61833594,759b35036d14d160147701d95fd786102d79299e3b13a116eff2e3062e336d44,1920,1080,,title|c1_h|c1_b|c2_h|c2_b|c3_h|c3_b,,https://cdn.jsdelivr.net/npm/gsap@3.14.2/dist/gsap.min.js,0,False,False
docs/producer/evidence/student-kit-audit-2026-09-09/card-source-inventory.csv:286: trailing whitespace.
+kallaway.t1.overview.venn,kallaway,draft,tier1,overview,style-library/02-kallaway/cards/tier1/t1-overview-venn.html,f414505e2849ff7640d48c5e17e3b1476622a518,ef9f1ecb2de19dbf7b2a9d76e047dc55a9d1a91df8db35c73225677bc918e319,1920,1080,,title|label_a|label_a_sub|label_overlap|label_overlap_sub|label_b|label_b_sub,,https://cdn.jsdelivr.net/npm/gsap@3.14.2/dist/gsap.min.js,0,False,False
docs/producer/evidence/student-kit-audit-2026-09-09/card-source-inventory.csv:287: trailing whitespace.
+kallaway.t1.overview.vstable,kallaway,draft,tier1,overview,style-library/02-kallaway/cards/tier1/t1-overview-vstable.html,dfefc5263b33741668025eda87f7906a7cec5c09,9b02d7686b6f68543d762c364501230370662dfa423b37c130eebc65a377b93c,1920,1080,,title|col_a|col_b|r1_label|r1_a|r1_b|r2_label|r2_a|r2_b|r3_label|r3_a|r3_b,,https://cdn.jsdelivr.net/npm/gsap@3.14.2/dist/gsap.min.js,0,False,False
docs/producer/evidence/student-kit-audit-2026-09-09/card-source-inventory.csv:288: trailing whitespace.
+kallaway.t2.lower-third.avatar,kallaway,draft,tier2,lower-third,style-library/02-kallaway/cards/tier2/t2-lt-avatar.html,6e93d148efe7c9d7c755dfcaae067a1021d45eb7,1811bccb2501bdf517e37dcbc2fb6eaa23d5661dec925ea91307629cab6123fc,1920,1080,,name|role,,https://cdn.jsdelivr.net/npm/gsap@3.14.2/dist/gsap.min.js,0,False,False
docs/producer/evidence/student-kit-audit-2026-09-09/card-source-inventory.csv:289: trailing whitespace.
+kallaway.t2.lower-third.badgecard,kallaway,draft,tier2,lower-third,style-library/02-kallaway/cards/tier2/t2-lt-badgecard.html,5e4e6f57cbd9f3b9c6855b685b3404186d16b7a8,cbe694962dce160e199cc42eef2683f085785abf3dcddefee41ff63993bfcf97,1920,1080,,name|role,,https://cdn.jsdelivr.net/npm/gsap@3.14.2/dist/gsap.min.js,0,False,False
docs/producer/evidence/student-kit-audit-2026-09-09/card-source-inventory.csv:290: trailing whitespace.
+kallaway.t2.lower-third.barslide,kallaway,draft,tier2,lower-third,style-library/02-kallaway/cards/tier2/t2-lt-barslide.html,609ee38d586b21070392dd5812df3875df04d33a,1f2f9c675e3eb38dfb3f0cf7128762789f19acd0081381747612f7a9ca75eec5,1920,1080,,name|role,,https://cdn.jsdelivr.net/npm/gsap@3.14.2/dist/gsap.min.js,0,False,False
docs/producer/evidence/student-kit-audit-2026-09-09/card-source-inventory.csv:291: trailing whitespace.
+kallaway.t2.lower-third.bracket,kallaway,draft,tier2,lower-third,style-library/02-kallaway/cards/tier2/t2-lt-bracket.html,e4c91ebd76a0c30bfb790da04bae5378311cb6dd,145710fe299dc77cffe604a3a4a7134033304fece6bc9391f888660ad2a2f201,1920,1080,,name|role,,https://cdn.jsdelivr.net/npm/gsap@3.14.2/dist/gsap.min.js,0,False,False
docs/producer/evidence/student-kit-audit-2026-09-09/card-source-inventory.csv:292: trailing whitespace.
+kallaway.t2.lower-third.brandbar,kallaway,draft,tier2,lower-third,style-library/02-kallaway/cards/tier2/t2-lt-brandbar.html,9ad2de2ae1dece8fc287f656bd32aff79c10a167,fdc09d55634dbdfd6b79e8522ff875626b6f48f9bcf5ce727d4d53570a45e63e,1920,1080,,name|role,,https://cdn.jsdelivr.net/npm/gsap@3.14.2/dist/gsap.min.js,0,False,False
docs/producer/evidence/student-kit-audit-2026-09-09/card-source-inventory.csv:293: trailing whitespace.
+kallaway.t2.lower-third.bug,kallaway,draft,tier2,lower-third,style-library/02-kallaway/cards/tier2/t2-lt-bug.html,4153fda1296adc5115403050f22d720282b09b7c,2d5bbbab65a2a46de3de5ac68327a466b84c33756aa81832008a8d800ed95969,1920,1080,,brand|label,,https://cdn.jsdelivr.net/npm/gsap@3.14.2/dist/gsap.min.js,0,False,False
docs/producer/evidence/student-kit-audit-2026-09-09/card-source-inventory.csv:294: trailing whitespace.
+kallaway.t2.lower-third.capsule,kallaway,draft,tier2,lower-third,style-library/02-kallaway/cards/tier2/t2-lt-capsule.html,c2da82e01c33fa9de20dd951c60d59f7cffa74cb,b96aadbe5055f91a44a0bb3e4cdc53b0046066b9d7347c9a720c7f767e20a464,1920,1080,,name|role,,https://cdn.jsdelivr.net/npm/gsap@3.14.2/dist/gsap.min.js,0,False,False
docs/producer/evidence/student-kit-audit-2026-09-09/card-source-inventory.csv:295: trailing whitespace.
+kallaway.t2.lower-third.chapterbar,kallaway,draft,tier2,lower-third,style-library/02-kallaway/cards/tier2/t2-lt-chapterbar.html,0286cd51f8e54887062bff3dee1fd71dce64e568,e0055a5dd81ecc8396fe831d2f2b57360b061bc847775a693716c465f03fc3ce,1920,1080,,chapter|title,,https://cdn.jsdelivr.net/npm/gsap@3.14.2/dist/gsap.min.js,0,False,False
docs/producer/evidence/student-kit-audit-2026-09-09/card-source-inventory.csv:296: trailing whitespace.
+kallaway.t2.lower-third.chip,kallaway,draft,tier2,lower-third,style-library/02-kallaway/cards/tier2/t2-lt-chip.html,9884dfb0bc87d4f6611d81a629a12eac3c4f7970,c2e67638d527d6f56ce7b64c4fc0a27f69d55fc0a1a080bf4c48a616f3037f83,1920,1080,,name|role,,https://cdn.jsdelivr.net/npm/gsap@3.14.2/dist/gsap.min.js,0,False,False
docs/producer/evidence/student-kit-audit-2026-09-09/card-source-inventory.csv:297: trailing whitespace.
+kallaway.t2.lower-third.cinemastrip,kallaway,draft,tier2,lower-third,style-library/02-kallaway/cards/tier2/t2-lt-cinemastrip.html,420bddb3101d4535bd0226a19389ee1f471a137a,96c1cb259e9c46a2d57af0d4c627d9e6c2e542b4fe9d5edba7430ef57bdeb407,1920,1080,,name|role,,https://cdn.jsdelivr.net/npm/gsap@3.14.2/dist/gsap.min.js,0,False,False
docs/producer/evidence/student-kit-audit-2026-09-09/card-source-inventory.csv:298: trailing whitespace.
+kallaway.t2.lower-third.cite,kallaway,draft,tier2,lower-third,style-library/02-kallaway/cards/tier2/t2-lt-cite.html,7ea6d35f75205ebe360eb53bb1e55805ede38a7d,36be660239f54884a4ef083ca87414883f2d36f9f82db3a4296172f4468cd10b,1920,1080,,quote|attribution,,https://cdn.jsdelivr.net/npm/gsap@3.14.2/dist/gsap.min.js,0,False,False
docs/producer/evidence/student-kit-audit-2026-09-09/card-source-inventory.csv:299: trailing whitespace.
+kallaway.t2.lower-third.clockname,kallaway,draft,tier2,lower-third,style-library/02-kallaway/cards/tier2/t2-lt-clockname.html,3fccadce366cb26d57c0473c3751ddac246afb0f,c62cc5a365719ea87586aedfd990d363c79cf9ad3bc6bd595afcd1b1fa6f1bf6,1920,1080,,timestamp|name,,https://cdn.jsdelivr.net/npm/gsap@3.14.2/dist/gsap.min.js,0,False,False
docs/producer/evidence/student-kit-audit-2026-09-09/card-source-inventory.csv:300: trailing whitespace.
+kallaway.t2.lower-third.coordbar,kallaway,draft,tier2,lower-third,style-library/02-kallaway/cards/tier2/t2-lt-coordbar.html,13894a7b18e986fe621a7e4f70ff1666168ebc66,7b4b31bfc7cda447bac67fe8b4a4f0afdf5b8f763e553dc5aea0846ad941ace9,1920,1080,,name|meta,,https://cdn.jsdelivr.net/npm/gsap@3.14.2/dist/gsap.min.js,0,False,False
docs/producer/evidence/student-kit-audit-2026-09-09/card-source-inventory.csv:301: trailing whitespace.
+kallaway.t2.lower-third.corner,kallaway,draft,tier2,lower-third,style-library/02-kallaway/cards/tier2/t2-lt-corner.html,ede3514b80fea3482420dfe26c829931adb25324,83a98a1dd424e388e9065ad2bbb8a20bf0e61462c0c8ba4306423a043a7a269a,1920,1080,,name|role,,https://cdn.jsdelivr.net/npm/gsap@3.14.2/dist/gsap.min.js,0,False,False
docs/producer/evidence/student-kit-audit-2026-09-09/card-source-inventory.csv:302: trailing whitespace.
+kallaway.t2.lower-third.cornerframe,kallaway,draft,tier2,lower-third,style-library/02-kallaway/cards/tier2/t2-lt-cornerframe.html,97e0a38f925209099580c9ddfff89142a03b180b,c0d8341ae1003debe5488f9af4b67a3e3445d8e69b899b256ddc9c32d0a64ed6,1920,1080,,name|role,,https://cdn.jsdelivr.net/npm/gsap@3.14.2/dist/gsap.min.js,0,False,False
docs/producer/evidence/student-kit-audit-2026-09-09/card-source-inventory.csv:303: trailing whitespace.
+kallaway.t2.lower-third.countbar,kallaway,draft,tier2,lower-third,style-library/02-kallaway/cards/tier2/t2-lt-countbar.html,308d658e6673a4ddbe2b4e7dabc80cafa0abd881,a292d62a14a42bfbc72aac838c52394cb863ed92feecbe9a725e5f3763ae38a3,1920,1080,,name|count,,https://cdn.jsdelivr.net/npm/gsap@3.14.2/dist/gsap.min.js,0,False,False
docs/producer/evidence/student-kit-audit-2026-09-09/card-source-inventory.csv:304: trailing whitespace.
+kallaway.t2.lower-third.dividername,kallaway,draft,tier2,lower-third,style-library/02-kallaway/cards/tier2/t2-lt-dividername.html,e35cc3fb0e41882c9fbf418a59e3c0c282fb07cb,5973d5f36a2a3597e1879eb62f622ff44347e3951b371ada82bb93fcedeaf3ab,1920,1080,,name|role,,https://cdn.jsdelivr.net/npm/gsap@3.14.2/dist/gsap.min.js,0,False,False
docs/producer/evidence/student-kit-audit-2026-09-09/card-source-inventory.csv:305: trailing whitespace.
+kallaway.t2.lower-third.dotline,kallaway,draft,tier2,lower-third,style-library/02-kallaway/cards/tier2/t2-lt-dotline.html,c96cd4c88bf6442474e5bced79ef8717126286d8,0051c4d93a7704a5d53452b147566b7b515a2b30b45c60dfcb9734e48be896f9,1920,1080,,name|role,,https://cdn.jsdelivr.net/npm/gsap@3.14.2/dist/gsap.min.js,0,False,False
docs/producer/evidence/student-kit-audit-2026-09-09/card-source-inventory.csv:306: trailing whitespace.
+kallaway.t2.lower-third.doublecard,kallaway,draft,tier2,lower-third,style-library/02-kallaway/cards/tier2/t2-lt-doublecard.html,e104d4db0f6484e32f6fe10af21b995ae16973c1,623359b92990368de545374456537b7766a8eeda3f364c8882fafeee233d9f64,1920,1080,,name|topic,,https://cdn.jsdelivr.net/npm/gsap@3.14.2/dist/gsap.min.js,0,False,False
docs/producer/evidence/student-kit-audit-2026-09-09/card-source-inventory.csv:307: trailing whitespace.
+kallaway.t2.lower-third.dual,kallaway,draft,tier2,lower-third,style-library/02-kallaway/cards/tier2/t2-lt-dual.html,bf105b7e57e494592196887fe3e5de827f4d9eaa,17a3f868e1e97d8f1f13b01393e44ccbb14c711400967a2761dcc90d72ca8bcc,1920,1080,,name|role|name2|role2,,https://cdn.jsdelivr.net/npm/gsap@3.14.2/dist/gsap.min.js,0,False,False
docs/producer/evidence/student-kit-audit-2026-09-09/card-source-inventory.csv:308: trailing whitespace.
+kallaway.t2.lower-third.edgebar,kallaway,draft,tier2,lower-third,style-library/02-kallaway/cards/tier2/t2-lt-edgebar.html,ff350936f50be01a4f1b327656b3c7be4e4f3160,63b099a96915ca6a6bb11a5bdcf59dc75897ba3fa165972163827421dfd812ac,1920,1080,,name|role,,https://cdn.jsdelivr.net/npm/gsap@3.14.2/dist/gsap.min.js,0,False,False
docs/producer/evidence/student-kit-audit-2026-09-09/card-source-inventory.csv:309: trailing whitespace.
+kallaway.t2.lower-third.flipcard,kallaway,draft,tier2,lower-third,style-library/02-kallaway/cards/tier2/t2-lt-flipcard.html,a44f47e40b2da110eaeabac0aaa90d8658daf0e8,596ff184a3806038064d18a3b97b2a6517601a5ae8125c8bb48fd2cd74af5852,1920,1080,,name|role,,https://cdn.jsdelivr.net/npm/gsap@3.14.2/dist/gsap.min.js,0,False,False
docs/producer/evidence/student-kit-audit-2026-09-09/card-source-inventory.csv:310: trailing whitespace.
+kallaway.t2.lower-third.geopin,kallaway,draft,tier2,lower-third,style-library/02-kallaway/cards/tier2/t2-lt-geopin.html,9c63fa907e14089704ce5a734505936a25ff1bf1,6685d5be7d40a89d6c1f94788ebbce29af4827600624d20cbbec850c7b2666f0,1920,1080,,place|coords,,https://cdn.jsdelivr.net/npm/gsap@3.14.2/dist/gsap.min.js,0,False,False
docs/producer/evidence/student-kit-audit-2026-09-09/card-source-inventory.csv:311: trailing whitespace.
+kallaway.t2.lower-third.glasscard,kallaway,draft,tier2,lower-third,style-library/02-kallaway/cards/tier2/t2-lt-glasscard.html,b9092dce243744297c2ac30632944c4b7f851c23,21d6600f501a31979887c52a7bf153fb7c7e481d9fbf9f00d414caeada130a11,1920,1080,,name|role,,https://cdn.jsdelivr.net/npm/gsap@3.14.2/dist/gsap.min.js,0,False,False
docs/producer/evidence/student-kit-audit-2026-09-09/card-source-inventory.csv:312: trailing whitespace.
+kallaway.t2.lower-third.gradient,kallaway,draft,tier2,lower-third,style-library/02-kallaway/cards/tier2/t2-lt-gradient.html,042d4523725d6f0f89af81cddd4513a785a802d0,eb94b5b68aa1a3ea4a63e3401f0325e32c4246e06fa3be7011eba968de416ee3,1920,1080,,name|role,,https://cdn.jsdelivr.net/npm/gsap@3.14.2/dist/gsap.min.js,0,False,False
docs/producer/evidence/student-kit-audit-2026-09-09/card-source-inventory.csv:313: trailing whitespace.
+kallaway.t2.lower-third.gradientbar,kallaway,draft,tier2,lower-third,style-library/02-kallaway/cards/tier2/t2-lt-gradientbar.html,f893360b29c7d16738f2f0b876050c8173336533,aa0d8d349be45b773e622b57d767b9f715f9739e427ca51ed8c5691ca4677b06,1920,1080,,name|role,,https://cdn.jsdelivr.net/npm/gsap@3.14.2/dist/gsap.min.js,0,False,False
docs/producer/evidence/student-kit-audit-2026-09-09/card-source-inventory.csv:314: trailing whitespace.
+kallaway.t2.lower-third.handlebar,kallaway,draft,tier2,lower-third,style-library/02-kallaway/cards/tier2/t2-lt-handlebar.html,bf93b8443f41e8b3de7fb18d23d2acaf84c294d6,f9487887259442353a5540e863158b96647df32e5773b384bcc6674eba25f3ae,1920,1080,,platform|handle,,https://cdn.jsdelivr.net/npm/gsap@3.14.2/dist/gsap.min.js,0,False,False
docs/producer/evidence/student-kit-audit-2026-09-09/card-source-inventory.csv:315: trailing whitespace.
+kallaway.t2.lower-third.infochips,kallaway,draft,tier2,lower-third,style-library/02-kallaway/cards/tier2/t2-lt-infochips.html,04709a34e840048a569d1ecfef3be77e380bea2c,689d4e97dae5b222f5cf2039b99efaf674fc47a8ce16af92b90d0b223cb16411,1920,1080,,name|role,,https://cdn.jsdelivr.net/npm/gsap@3.14.2/dist/gsap.min.js,0,False,False
docs/producer/evidence/student-kit-audit-2026-09-09/card-source-inventory.csv:316: trailing whitespace.
+kallaway.t2.lower-third.lensbar,kallaway,draft,tier2,lower-third,style-library/02-kallaway/cards/tier2/t2-lt-lensbar.html,89d0b945df90e3a2d29be686db3bc976b00cbeb0,591acbf119daec27936a415297c304a65d4782a413d66c114186944a492f0a95,1920,1080,,name|role,,https://cdn.jsdelivr.net/npm/gsap@3.14.2/dist/gsap.min.js,0,False,False
docs/producer/evidence/student-kit-audit-2026-09-09/card-source-inventory.csv:317: trailing whitespace.
+kallaway.t2.lower-third.live,kallaway,draft,tier2,lower-third,style-library/02-kallaway/cards/tier2/t2-lt-live.html,b927cc70ac6c97c56949644e90357e23d720038e,4df080961e003622a590b508c12033f3d2d3ff733faa9bde65f1de3fcd6c1d92,1920,1080,,name|role,,https://cdn.jsdelivr.net/npm/gsap@3.14.2/dist/gsap.min.js,0,False,False
docs/producer/evidence/student-kit-audit-2026-09-09/card-source-inventory.csv:318: trailing whitespace.
+kallaway.t2.lower-third.location,kallaway,draft,tier2,lower-third,style-library/02-kallaway/cards/tier2/t2-lt-location.html,912bd416d1bc1effe094e3403ee5e1a76fb74f3a,5ffb2fff7ce773d9e0e16d8c2fc725bb3be8b87281d4d95a381b969a88d492ec,1920,1080,,name|role|location,,https://cdn.jsdelivr.net/npm/gsap@3.14.2/dist/gsap.min.js,0,False,False
docs/producer/evidence/student-kit-audit-2026-09-09/card-source-inventory.csv:319: trailing whitespace.
+kallaway.t2.lower-third.logolock,kallaway,draft,tier2,lower-third,style-library/02-kallaway/cards/tier2/t2-lt-logolock.html,b333df0c8198f9cd5677933a81f1314eda411b71,c1b734f1960dee756dfd33e6d7911194886ece51197c9ee6c8f8c66c23a67387,1920,1080,,name|role,,https://cdn.jsdelivr.net/npm/gsap@3.14.2/dist/gsap.min.js,0,False,False
docs/producer/evidence/student-kit-audit-2026-09-09/card-source-inventory.csv:320: trailing whitespace.
+kallaway.t2.lower-third.micname,kallaway,draft,tier2,lower-third,style-library/02-kallaway/cards/tier2/t2-lt-micname.html,59b53306f446b445051fa7d5fd81694ba73670e1,109e684f75ac0dab0f0b5ff6f3fcc56ef1b966c261536a243f90be0836ccfbc5,1920,1080,,name|role,,https://cdn.jsdelivr.net/npm/gsap@3.14.2/dist/gsap.min.js,0,False,False
docs/producer/evidence/student-kit-audit-2026-09-09/card-source-inventory.csv:321: trailing whitespace.
+kallaway.t2.lower-third.minicard,kallaway,draft,tier2,lower-third,style-library/02-kallaway/cards/tier2/t2-lt-minicard.html,9ae34d4533b6ffd4cc999ca3595f35e6cf9a0874,8a0d10cf517bf0fc30ff9efda0e8b006316dcf63d859fddf85eb3772bef8de53,1920,1080,,name|role,,https://cdn.jsdelivr.net/npm/gsap@3.14.2/dist/gsap.min.js,0,False,False
docs/producer/evidence/student-kit-audit-2026-09-09/card-source-inventory.csv:322: trailing whitespace.
+kallaway.t2.lower-third.minimal,kallaway,draft,tier2,lower-third,style-library/02-kallaway/cards/tier2/t2-lt-minimal.html,4f0bf07b5a65d4891e3f605b4712dab5621f02a3,a304445fd4b0bc10ff1613a1614e98a2adc510bde42534064e7c8187c57c913a,1920,1080,,name|role,,https://cdn.jsdelivr.net/npm/gsap@3.14.2/dist/gsap.min.js,0,False,False
docs/producer/evidence/student-kit-audit-2026-09-09/card-source-inventory.csv:323: trailing whitespace.
+kallaway.t2.lower-third.nameplate3d,kallaway,draft,tier2,lower-third,style-library/02-kallaway/cards/tier2/t2-lt-nameplate3d.html,df709d0a07adf5b892089a83d9be4011bb2210ce,67e863bce3aae768e765897c384598da7fe5538cf69d4e369e2174cc0ab1a756,1920,1080,,name|role,,https://cdn.jsdelivr.net/npm/gsap@3.14.2/dist/gsap.min.js,0,False,False
docs/producer/evidence/student-kit-audit-2026-09-09/card-source-inventory.csv:324: trailing whitespace.
+kallaway.t2.lower-third.neonframe,kallaway,draft,tier2,lower-third,style-library/02-kallaway/cards/tier2/t2-lt-neonframe.html,44dec027745cd743f99ae1ef7eeabfc8b5885826,d428ab8df89ccde0ed6163d88365298554a94d3655efdf78c7434f59a77546f4,1920,1080,,name|role,,https://cdn.jsdelivr.net/npm/gsap@3.14.2/dist/gsap.min.js,0,False,False
docs/producer/evidence/student-kit-audit-2026-09-09/card-source-inventory.csv:325: trailing whitespace.
+kallaway.t2.lower-third.neonpill,kallaway,draft,tier2,lower-third,style-library/02-kallaway/cards/tier2/t2-lt-neonpill.html,b9dcc71ba9b4f6d8c9f8ab4424cda66ef42c3cdd,e2701552fe1e2238b233a1d4a7f8f69ef8bd0f26357a86f7f3fde4cd7f61d31b,1920,1080,,name|role,,https://cdn.jsdelivr.net/npm/gsap@3.14.2/dist/gsap.min.js,0,False,False
docs/producer/evidence/student-kit-audit-2026-09-09/card-source-inventory.csv:326: trailing whitespace.
+kallaway.t2.lower-third.nowplaying,kallaway,draft,tier2,lower-third,style-library/02-kallaway/cards/tier2/t2-lt-nowplaying.html,39f7ae4c1fcf1e1736ad0b866a9ccefea2c06911,5babeb06e2d9fec38ad7c64a756735f1ffd32ce0c3d2a6bcd047b63600398107,1920,1080,,title|subtitle,,https://cdn.jsdelivr.net/npm/gsap@3.14.2/dist/gsap.min.js,0,False,False
docs/producer/evidence/student-kit-audit-2026-09-09/card-source-inventory.csv:327: trailing whitespace.
+kallaway.t2.lower-third.orbitbadge,kallaway,draft,tier2,lower-third,style-library/02-kallaway/cards/tier2/t2-lt-orbitbadge.html,dd8940fdfc504de69f1d8ce66d1a3c6a8dae5afe,1901e186b2f231e75d5f33e7c74c3fd974f92f80bfa5d300b206f5d57ce6accd,1920,1080,,name|role,,https://cdn.jsdelivr.net/npm/gsap@3.14.2/dist/gsap.min.js,0,False,False
docs/producer/evidence/student-kit-audit-2026-09-09/card-source-inventory.csv:328: trailing whitespace.
+kallaway.t2.lower-third.pill,kallaway,draft,tier2,lower-third,style-library/02-kallaway/cards/tier2/t2-lt-pill.html,8c032f390db42435f27c42adccb0197c75351a47,f919afe15f4034a06754a51e45932ab57cd241895aceb963c6a1fb35431869a4,1920,1080,,name|role,,https://cdn.jsdelivr.net/npm/gsap@3.14.2/dist/gsap.min.js,0,False,False
docs/producer/evidence/student-kit-audit-2026-09-09/card-source-inventory.csv:329: trailing whitespace.
+kallaway.t2.lower-third.portraitframe,kallaway,draft,tier2,lower-third,style-library/02-kallaway/cards/tier2/t2-lt-portraitframe.html,89d43b546d0e90b54bd46ba4246748abf8a79f61,c17e8617aa350239927c952a0c1b7870ce8714531506556f1d333f16035949d3,1920,1080,,name|role,,https://cdn.jsdelivr.net/npm/gsap@3.14.2/dist/gsap.min.js,0,False,False
docs/producer/evidence/student-kit-audit-2026-09-09/card-source-inventory.csv:330: trailing whitespace.
+kallaway.t2.lower-third.progressname,kallaway,draft,tier2,lower-third,style-library/02-kallaway/cards/tier2/t2-lt-progressname.html,f4a086b0d0e986e5af61e46de70c976436e94fd3,31a1febecc079575344471fcd4ba491e31d07fc939a216f425bd4fcf1feceeb5,1920,1080,,name|role,,https://cdn.jsdelivr.net/npm/gsap@3.14.2/dist/gsap.min.js,0,False,False
docs/producer/evidence/student-kit-audit-2026-09-09/card-source-inventory.csv:331: trailing whitespace.
+kallaway.t2.lower-third.quote,kallaway,draft,tier2,lower-third,style-library/02-kallaway/cards/tier2/t2-lt-quote.html,c0295230ea660c05e883fb9a811b06fd920876d9,bc3b29549da7ab18d9d97a8ce58b7d381d0806d6663707050aac8723223133c6,1920,1080,,name|role|quote,,https://cdn.jsdelivr.net/npm/gsap@3.14.2/dist/gsap.min.js,0,False,False
docs/producer/evidence/student-kit-audit-2026-09-09/card-source-inventory.csv:332: trailing whitespace.
+kallaway.t2.lower-third.ratingname,kallaway,draft,tier2,lower-third,style-library/02-kallaway/cards/tier2/t2-lt-ratingname.html,d1dee0acac6a33093bede991cb96c188f0115859,552e3c34c2c7110902e65d68666d54fa05141b56ea4162e54e846fcf485ee659,1920,1080,,name|role,,https://cdn.jsdelivr.net/npm/gsap@3.14.2/dist/gsap.min.js,0,False,False
docs/producer/evidence/student-kit-audit-2026-09-09/card-source-inventory.csv:333: trailing whitespace.
+kallaway.t2.lower-third.ribbon,kallaway,draft,tier2,lower-third,style-library/02-kallaway/cards/tier2/t2-lt-ribbon.html,552b481176471ecb6873daa5cae728d03229b6cc,2491cd3eba808d218e6072fdd1375126f01e05150016dba3694e820a1951eb4a,1920,1080,,name|role,,https://cdn.jsdelivr.net/npm/gsap@3.14.2/dist/gsap.min.js,0,False,False
docs/producer/evidence/student-kit-audit-2026-09-09/card-source-inventory.csv:334: trailing whitespace.
+kallaway.t2.lower-third.sidebracket,kallaway,draft,tier2,lower-third,style-library/02-kallaway/cards/tier2/t2-lt-sidebracket.html,31b61d89aaa91c3b84d32316ba81cb5a6e16d0a7,1e90c02f5764de892a095c08454023b0f42556a3912c2ae31c13e947bb9073e9,1920,1080,,name|role,,https://cdn.jsdelivr.net/npm/gsap@3.14.2/dist/gsap.min.js,0,False,False
docs/producer/evidence/student-kit-audit-2026-09-09/card-source-inventory.csv:335: trailing whitespace.
+kallaway.t2.lower-third.slidetab,kallaway,draft,tier2,lower-third,style-library/02-kallaway/cards/tier2/t2-lt-slidetab.html,3cba50d3d6641d7c5b2b77343cdf166574f28114,08431d7d9140d944a1b62568100b0890d53f9523045744d820bae35222ad0cd9,1920,1080,,name|role,,https://cdn.jsdelivr.net/npm/gsap@3.14.2/dist/gsap.min.js,0,False,False
docs/producer/evidence/student-kit-audit-2026-09-09/card-source-inventory.csv:336: trailing whitespace.
+kallaway.t2.lower-third.social,kallaway,draft,tier2,lower-third,style-library/02-kallaway/cards/tier2/t2-lt-social.html,39f9447321d801a9c5b733c1e2a27c533887bc79,85e51a171150df8c600492faeded6b539cdb2bc7eff58185782caf61975599e6,1920,1080,,name|role,,https://cdn.jsdelivr.net/npm/gsap@3.14.2/dist/gsap.min.js,0,False,False
docs/producer/evidence/student-kit-audit-2026-09-09/card-source-inventory.csv:337: trailing whitespace.
+kallaway.t2.lower-third.spotlightname,kallaway,draft,tier2,lower-third,style-library/02-kallaway/cards/tier2/t2-lt-spotlightname.html,0b62cbe388f4aa51e224f499c0a320be1c2c9142,8db0bc64f69fd128b88e059cbb828dd2dfaa94ad721941104ca248bf8a7f1d03,1920,1080,,name|role,,https://cdn.jsdelivr.net/npm/gsap@3.14.2/dist/gsap.min.js,0,False,False
docs/producer/evidence/student-kit-audit-2026-09-09/card-source-inventory.csv:338: trailing whitespace.
+kallaway.t2.lower-third.stacked,kallaway,draft,tier2,lower-third,style-library/02-kallaway/cards/tier2/t2-lt-stacked.html,de0f7522e7ddee79e29ea140aa71e1f9202e9cf8,378eb494115fe486940316aa28d2d10911fe89850d77e6d0a2b66a542cb26eec,1920,1080,,name|role,,https://cdn.jsdelivr.net/npm/gsap@3.14.2/dist/gsap.min.js,0,False,False
docs/producer/evidence/student-kit-audit-2026-09-09/card-source-inventory.csv:339: trailing whitespace.
+kallaway.t2.lower-third.statline,kallaway,draft,tier2,lower-third,style-library/02-kallaway/cards/tier2/t2-lt-statline.html,977f69f975b6627f73b7a4c5e5c99ac15f5a5882,1022ac50a601566d001dcc3602ead0369eed07fc842cae270cd838ed31e809a7,1920,1080,,name|stat,,https://cdn.jsdelivr.net/npm/gsap@3.14.2/dist/gsap.min.js,0,False,False
docs/producer/evidence/student-kit-audit-2026-09-09/card-source-inventory.csv:340: trailing whitespace.
+kallaway.t2.lower-third.tagrow,kallaway,draft,tier2,lower-third,style-library/02-kallaway/cards/tier2/t2-lt-tagrow.html,e801bbc7dd0d692a3c137d94b9b72e8ffba4fcf3,5d877a4595725e34ec9b14d51085124b6cb83ab8e80335a1a1b2c0571aa6ba5f,1920,1080,,name|tags,,https://cdn.jsdelivr.net/npm/gsap@3.14.2/dist/gsap.min.js,0,False,False
docs/producer/evidence/student-kit-audit-2026-09-09/card-source-inventory.csv:341: trailing whitespace.
+kallaway.t2.lower-third.thinstrip,kallaway,draft,tier2,lower-third,style-library/02-kallaway/cards/tier2/t2-lt-thinstrip.html,33423540181af53abf9d51b6e20bae5650cc9bf1,0543e8886b9ef67b27042753a5079739b2061e5c3fc7e614d7f4017415c9afe0,1920,1080,,name|role,,https://cdn.jsdelivr.net/npm/gsap@3.14.2/dist/gsap.min.js,0,False,False
docs/producer/evidence/student-kit-audit-2026-09-09/card-source-inventory.csv:342: trailing whitespace.
+kallaway.t2.lower-third.ticker,kallaway,draft,tier2,lower-third,style-library/02-kallaway/cards/tier2/t2-lt-ticker.html,817f841fa60420cb87c848218a728b554317479b,95711cfcc80b356083cfde53f0474505c4327923b11107c3dc1754f1c11b9e79,1920,1080,,tag|headline,,https://cdn.jsdelivr.net/npm/gsap@3.14.2/dist/gsap.min.js,0,False,False
docs/producer/evidence/student-kit-audit-2026-09-09/card-source-inventory.csv:343: trailing whitespace.
+kallaway.t2.lower-third.titlebar,kallaway,draft,tier2,lower-third,style-library/02-kallaway/cards/tier2/t2-lt-titlebar.html,c4bdca8585f123e042e16b5794fef69b1ea51787,6f622ae0ba0c558d0c253598360df73884efe2a8564ac8666e2835ffb547d96a,1920,1080,,name|role,,https://cdn.jsdelivr.net/npm/gsap@3.14.2/dist/gsap.min.js,0,False,False
docs/producer/evidence/student-kit-audit-2026-09-09/card-source-inventory.csv:344: trailing whitespace.
+kallaway.t2.lower-third.trust,kallaway,draft,tier2,lower-third,style-library/02-kallaway/cards/tier2/t2-lt-trust.html,ebb30fbe8a94e6bd8d3f727510a5d06a676152cf,6d2be0ee36c2c58688fcf71b23de0a58bf37c8cf45d5cb8375f5578166b72c8a,1920,1080,,tag|name|role,,https://cdn.jsdelivr.net/npm/gsap@3.14.2/dist/gsap.min.js,0,False,False
docs/producer/evidence/student-kit-audit-2026-09-09/card-source-inventory.csv:345: trailing whitespace.
+kallaway.t2.lower-third.typedname,kallaway,draft,tier2,lower-third,style-library/02-kallaway/cards/tier2/t2-lt-typedname.html,7c0057d3f3283116127af2838bf2e74df9e76420,9a2329a973aae1e2d2dda969f312df2e48028f43004329220ce2c8ccd441a5b3,1920,1080,,name|role,,https://cdn.jsdelivr.net/npm/gsap@3.14.2/dist/gsap.min.js,0,False,False
docs/producer/evidence/student-kit-audit-2026-09-09/card-source-inventory.csv:346: trailing whitespace.
+kallaway.t2.lower-third.underbar,kallaway,draft,tier2,lower-third,style-library/02-kallaway/cards/tier2/t2-lt-underbar.html,14cd053230eade93615ba2474d45118721a3dbbf,139fb347b36be4e7f0b5af3ab60ce42cb542e93259a0c889e7efcfd6382c7d88,1920,1080,,name|role,,https://cdn.jsdelivr.net/npm/gsap@3.14.2/dist/gsap.min.js,0,False,False
docs/producer/evidence/student-kit-audit-2026-09-09/card-source-inventory.csv:347: trailing whitespace.
+kallaway.t2.lower-third.waveband,kallaway,draft,tier2,lower-third,style-library/02-kallaway/cards/tier2/t2-lt-waveband.html,6ca31d7a6a149d6fe02f232b6a5a7cf6aac86a59,1b237fea787a0cc783a3064f025ec18d590c8d7be790141dd4c1961e1060042e,1920,1080,,name|role,,https://cdn.jsdelivr.net/npm/gsap@3.14.2/dist/gsap.min.js,0,False,False
docs/producer/evidence/student-kit-audit-2026-09-09/card-source-inventory.csv:348: trailing whitespace.
+kallaway.t2.label.badge,kallaway,draft,tier2,label,style-library/02-kallaway/cards/tier2/t2-lb-badge.html,b8bf00c0786c643801c3e30f44e5a81ded94a3ce,d508a5609db20e0e4bb291b6e94a8cdf50aa969bef4023706ace55d952bc2a62,1920,1080,,term|detail,,https://cdn.jsdelivr.net/npm/gsap@3.14.2/dist/gsap.min.js,0,False,False
docs/producer/evidence/student-kit-audit-2026-09-09/card-source-inventory.csv:349: trailing whitespace.
+kallaway.t2.label.brace,kallaway,draft,tier2,label,style-library/02-kallaway/cards/tier2/t2-lb-brace.html,7dcaf8f54576146514c94bc3ba84bb4df8349fb1,50c6b620839c64ed089004a3d068b5a244e088d6164239947d0d064b3871dd0e,1920,1080,,term|detail,,https://cdn.jsdelivr.net/npm/gsap@3.14.2/dist/gsap.min.js,0,False,False
docs/producer/evidence/student-kit-audit-2026-09-09/card-source-inventory.csv:350: trailing whitespace.
+kallaway.t2.label.bracket,kallaway,draft,tier2,label,style-library/02-kallaway/cards/tier2/t2-lb-bracket.html,e892fee3fc9cbe1fc616e1c1eb0a0e7dae927f69,24255c0b935bc93f676d1801897367004a23055f9dc9fe7d5935b55ad15f46b0,1920,1080,,term|detail,,https://cdn.jsdelivr.net/npm/gsap@3.14.2/dist/gsap.min.js,0,False,False
docs/producer/evidence/student-kit-audit-2026-09-09/card-source-inventory.csv:351: trailing whitespace.
+kallaway.t2.label.bubble,kallaway,draft,tier2,label,style-library/02-kallaway/cards/tier2/t2-lb-bubble.html,18b1bd57924569012ba1910bb7e3b9553b2fcaa7,38f0665a43f1666575bbd9ef69b4ea56db7a3cc5bef07b931508d0a57a3380c1,1920,1080,,term|detail,,https://cdn.jsdelivr.net/npm/gsap@3.14.2/dist/gsap.min.js,0,False,False
docs/producer/evidence/student-kit-audit-2026-09-09/card-source-inventory.csv:352: trailing whitespace.
+kallaway.t2.label.byline,kallaway,draft,tier2,label,style-library/02-kallaway/cards/tier2/t2-lb-byline.html,03a41eb1bee74dc43e9a5ee59a6d4ed69f5bdba1,3c30566306b02af2b964f18505b8b089b8edf60a38df1875fb86233aa96402c5,1920,1080,,term|detail,,https://cdn.jsdelivr.net/npm/gsap@3.14.2/dist/gsap.min.js,0,False,False
docs/producer/evidence/student-kit-audit-2026-09-09/card-source-inventory.csv:353: trailing whitespace.
+kallaway.t2.label.callout,kallaway,draft,tier2,label,style-library/02-kallaway/cards/tier2/t2-lb-callout.html,7e9e2b1d84983d59b31c70f1a44aada154ecf81e,556ba6656714b39517a9dc92a4d0d040b42353e3a5d5c06ce6ec20b2dc9d26d9,1920,1080,,term|detail,,https://cdn.jsdelivr.net/npm/gsap@3.14.2/dist/gsap.min.js,0,False,False
docs/producer/evidence/student-kit-audit-2026-09-09/card-source-inventory.csv:354: trailing whitespace.
+kallaway.t2.label.category,kallaway,draft,tier2,label,style-library/02-kallaway/cards/tier2/t2-lb-category.html,4bb3bda88cd9876aa787c10359c04e5b37e0ef9c,5cac36de013777ffd3da487ce3d5d4db900e3db9c792344de2daefb1ef265afb,1920,1080,,category|term|detail,,https://cdn.jsdelivr.net/npm/gsap@3.14.2/dist/gsap.min.js,0,False,False
docs/producer/evidence/student-kit-audit-2026-09-09/card-source-inventory.csv:355: trailing whitespace.
+kallaway.t2.label.checkmark,kallaway,draft,tier2,label,style-library/02-kallaway/cards/tier2/t2-lb-checkmark.html,391a0de2e25cc6442abf9341b9ed67bc69870d48,6f3e648c79999c63e1870ca4f461d859ea1252c13b6295579918eb88237c5ca8,1920,1080,,term|detail,,https://cdn.jsdelivr.net/npm/gsap@3.14.2/dist/gsap.min.js,0,False,False
docs/producer/evidence/student-kit-audit-2026-09-09/card-source-inventory.csv:356: trailing whitespace.
+kallaway.t2.label.chipstat,kallaway,draft,tier2,label,style-library/02-kallaway/cards/tier2/t2-lb-chipstat.html,fa3e03e16854feccb54356feb52d1adb0138d8c3,3fef61c8a17b000e567b9d49843be74cb74817e91b2912e752e863bdc0457d26,1920,1080,,term|detail,,https://cdn.jsdelivr.net/npm/gsap@3.14.2/dist/gsap.min.js,0,False,False
docs/producer/evidence/student-kit-audit-2026-09-09/card-source-inventory.csv:357: trailing whitespace.
+kallaway.t2.label.comparemini,kallaway,draft,tier2,label,style-library/02-kallaway/cards/tier2/t2-lb-comparemini.html,c75dc9efd9409c3409b4e601b8381006b20d9744,edd2d12d8552d5847a5b21f01ebd28f9ebf641433055caf695f508c13b7ac78f,1920,1080,,,,https://cdn.jsdelivr.net/npm/gsap@3.14.2/dist/gsap.min.js,0,False,False
docs/producer/evidence/student-kit-audit-2026-09-09/card-source-inventory.csv:358: trailing whitespace.
+kallaway.t2.label.coord,kallaway,draft,tier2,label,style-library/02-kallaway/cards/tier2/t2-lb-coord.html,54d7b1d40299dadcc71efe7e5c1302c81c48db95,741342bf8d0fcdf157c7e7a508d7f326788ac4d52bbdebb1ba44aa5e1dc55f46,1920,1080,,term|detail,,https://cdn.jsdelivr.net/npm/gsap@3.14.2/dist/gsap.min.js,0,False,False
docs/producer/evidence/student-kit-audit-2026-09-09/card-source-inventory.csv:359: trailing whitespace.
+kallaway.t2.label.counter,kallaway,draft,tier2,label,style-library/02-kallaway/cards/tier2/t2-lb-counter.html,418755f21fed30b47b72b98541c3f5ae4612ba8c,73e0781529165753f2a96827338f9c69512ac41a18754d5ba4781dbe919babe1,1920,1080,,term|detail,,https://cdn.jsdelivr.net/npm/gsap@3.14.2/dist/gsap.min.js,0,False,False
docs/producer/evidence/student-kit-audit-2026-09-09/card-source-inventory.csv:360: trailing whitespace.
+kallaway.t2.label.crosshair,kallaway,draft,tier2,label,style-library/02-kallaway/cards/tier2/t2-lb-crosshair.html,b261bf35be1efdf0b3fde6e10b5cb6276dadd56f,cfdbed2692a328c1764fd5de9b7785a5e2f7b47d1b88901a8c0705619b5b2c0e,1920,1080,,term|detail,,https://cdn.jsdelivr.net/npm/gsap@3.14.2/dist/gsap.min.js,0,False,False
docs/producer/evidence/student-kit-audit-2026-09-09/card-source-inventory.csv:361: trailing whitespace.
+kallaway.t2.label.dashed,kallaway,draft,tier2,label,style-library/02-kallaway/cards/tier2/t2-lb-dashed.html,036ca93a75fd3e72603d4a29e0019ed15d19e20e,d24432dda3a94b1b749b375c02cc32ebcb465e61c4fd8655eb6e6e3235c88767,1920,1080,,term|detail,,https://cdn.jsdelivr.net/npm/gsap@3.14.2/dist/gsap.min.js,0,False,False
docs/producer/evidence/student-kit-audit-2026-09-09/card-source-inventory.csv:362: trailing whitespace.
+kallaway.t2.label.definition,kallaway,draft,tier2,label,style-library/02-kallaway/cards/tier2/t2-lb-definition.html,7d926c259aa5ae3411833d7d63e415c33a6f1ad4,ce2def4b8a42925188ef9827311275516718cf93f3060ce196cfaceff3b663e2,1920,1080,,term|detail,,https://cdn.jsdelivr.net/npm/gsap@3.14.2/dist/gsap.min.js,0,False,False
docs/producer/evidence/student-kit-audit-2026-09-09/card-source-inventory.csv:363: trailing whitespace.
+kallaway.t2.label.deltachip,kallaway,draft,tier2,label,style-library/02-kallaway/cards/tier2/t2-lb-deltachip.html,5094b420ada591b577bebef62147496144eb4155,d3274ca235487032c73734d56f55ef9be3390e9710b92b8165e267347bc40844,1920,1080,,term|detail,,https://cdn.jsdelivr.net/npm/gsap@3.14.2/dist/gsap.min.js,0,False,False
docs/producer/evidence/student-kit-audit-2026-09-09/card-source-inventory.csv:364: trailing whitespace.
+kallaway.t2.label.eyebrow,kallaway,draft,tier2,label,style-library/02-kallaway/cards/tier2/t2-lb-eyebrow.html,18cb3372fa6d524f47f3ff1a670ae536bb21b60f,8ff5c523085a56c2653bbaca407a05cf0f6d9c274827f9caa7eaecea0ae73771,1920,1080,,term|detail,,https://cdn.jsdelivr.net/npm/gsap@3.14.2/dist/gsap.min.js,0,False,False
docs/producer/evidence/student-kit-audit-2026-09-09/card-source-inventory.csv:365: trailing whitespace.
+kallaway.t2.label.fact,kallaway,draft,tier2,label,style-library/02-kallaway/cards/tier2/t2-lb-fact.html,830a9c23e9588b2b47dd09e95fa217ad21bd515d,056ffce5f0521e72f834449d0f1edc10940975c0149c9e391aa210ac03d3ea79,1920,1080,,term|detail,,https://cdn.jsdelivr.net/npm/gsap@3.14.2/dist/gsap.min.js,0,False,False
docs/producer/evidence/student-kit-audit-2026-09-09/card-source-inventory.csv:366: trailing whitespace.
+kallaway.t2.label.flag,kallaway,draft,tier2,label,style-library/02-kallaway/cards/tier2/t2-lb-flag.html,00f4274567b92e61f7e682300d45e099f7c57413,bf29689a757f13e329234c6133e1db2c62c1e2f761d44b1cb785ad8f47016305,1920,1080,,term|detail,,https://cdn.jsdelivr.net/npm/gsap@3.14.2/dist/gsap.min.js,0,False,False
docs/producer/evidence/student-kit-audit-2026-09-09/card-source-inventory.csv:367: trailing whitespace.
+kallaway.t2.label.formula,kallaway,draft,tier2,label,style-library/02-kallaway/cards/tier2/t2-lb-formula.html,d789f199827b2129e2a53f46a6696123fc3fcad2,c19dac145b03d9a4cfff6f0ff9f2d95d6fc682155c40638e687b980f3d4933f0,1920,1080,,term|detail,,https://cdn.jsdelivr.net/npm/gsap@3.14.2/dist/gsap.min.js,0,False,False
docs/producer/evidence/student-kit-audit-2026-09-09/card-source-inventory.csv:368: trailing whitespace.
+kallaway.t2.label.hash,kallaway,draft,tier2,label,style-library/02-kallaway/cards/tier2/t2-lb-hash.html,6211de8f5baefb8ade82aea7e49151089e6f157e,759efb36f18b8ef18b601f469b15b4e5657a586f5c81865e7ae2397ef2911c7f,1920,1080,,term|detail,,https://cdn.jsdelivr.net/npm/gsap@3.14.2/dist/gsap.min.js,0,False,False
docs/producer/evidence/student-kit-audit-2026-09-09/card-source-inventory.csv:369: trailing whitespace.
+kallaway.t2.label.highlightbox,kallaway,draft,tier2,label,style-library/02-kallaway/cards/tier2/t2-lb-highlightbox.html,be7e368e1c859496c154bd0ab56449b741417770,7db069cf3434ecbf17314db452a6176454c79b3b9c042118101926e42548c4f8,1920,1080,,term|detail,,https://cdn.jsdelivr.net/npm/gsap@3.14.2/dist/gsap.min.js,0,False,False
docs/producer/evidence/student-kit-audit-2026-09-09/card-source-inventory.csv:370: trailing whitespace.
+kallaway.t2.label.iconchip,kallaway,draft,tier2,label,style-library/02-kallaway/cards/tier2/t2-lb-iconchip.html,72e06518bfbfd0f53b8b0e105f80fbb95586185f,3a1058b474c857138cbead9e75585ddfcbb1bfeae6bcef49c7d30b7a6bb2f33a,1920,1080,,term|detail,,https://cdn.jsdelivr.net/npm/gsap@3.14.2/dist/gsap.min.js,0,False,False
docs/producer/evidence/student-kit-audit-2026-09-09/card-source-inventory.csv:371: trailing whitespace.
+kallaway.t2.label.info,kallaway,draft,tier2,label,style-library/02-kallaway/cards/tier2/t2-lb-info.html,ba21f1e142249d26007520760d66a41d701abeb6,6c1f228104298cc4a4b99dda75d8e1a1c88c84fb17e7678a2f2c5e2b17324b2b,1920,1080,,term|detail,,https://cdn.jsdelivr.net/npm/gsap@3.14.2/dist/gsap.min.js,0,False,False
docs/producer/evidence/student-kit-audit-2026-09-09/card-source-inventory.csv:372: trailing whitespace.
+kallaway.t2.label.infocard,kallaway,draft,tier2,label,style-library/02-kallaway/cards/tier2/t2-lb-infocard.html,d38394cfb8b0bf926dba7d0198dba4d40f57bdc8,21603ed481751756da69c6bfe1f07c6ec4f29435b32adab685606948815b2ec4,1920,1080,,term|detail,,https://cdn.jsdelivr.net/npm/gsap@3.14.2/dist/gsap.min.js,0,False,False
docs/producer/evidence/student-kit-audit-2026-09-09/card-source-inventory.csv:373: trailing whitespace.
+kallaway.t2.label.keycap,kallaway,draft,tier2,label,style-library/02-kallaway/cards/tier2/t2-lb-keycap.html,b53e488204cf797571c203d5bc56ea9022e89792,ab29efed5b6ae930d8a94ffbe05e9a36d590c8507a03559478dfa04148a57d73,1920,1080,,term|detail,,https://cdn.jsdelivr.net/npm/gsap@3.14.2/dist/gsap.min.js,0,False,False
docs/producer/evidence/student-kit-audit-2026-09-09/card-source-inventory.csv:374: trailing whitespace.
+kallaway.t2.label.keyword,kallaway,draft,tier2,label,style-library/02-kallaway/cards/tier2/t2-lb-keyword.html,421427671e77491a27dccd785ede2d854366a660,16d1b72dce1d1e076dac68a018c6b324174fb5ee1d1c62a2efa651ab786f2370,1920,1080,,term|note,,https://cdn.jsdelivr.net/npm/gsap@3.14.2/dist/gsap.min.js,0,False,False
docs/producer/evidence/student-kit-audit-2026-09-09/card-source-inventory.csv:375: trailing whitespace.
+kallaway.t2.label.leader,kallaway,draft,tier2,label,style-library/02-kallaway/cards/tier2/t2-lb-leader.html,ea2d3a653334369d1301bf45e50fad4f2dad4c50,df95b84522402af91f9dddbe1b54e2a32e609a1d60c750d5784659bcd2a48aaa,1920,1080,,term|detail,,https://cdn.jsdelivr.net/npm/gsap@3.14.2/dist/gsap.min.js,0,False,False
docs/producer/evidence/student-kit-audit-2026-09-09/card-source-inventory.csv:376: trailing whitespace.
+kallaway.t2.label.legend,kallaway,draft,tier2,label,style-library/02-kallaway/cards/tier2/t2-lb-legend.html,6b97b6be2f76e89badb123cc97b11938fad5a7e2,615bca29b865e9c630a7c782072104e2688f61d6e14f15fbbdff78d2d11e055d,1920,1080,,term|detail,,https://cdn.jsdelivr.net/npm/gsap@3.14.2/dist/gsap.min.js,0,False,False
docs/producer/evidence/student-kit-audit-2026-09-09/card-source-inventory.csv:377: trailing whitespace.
+kallaway.t2.label.measure,kallaway,draft,tier2,label,style-library/02-kallaway/cards/tier2/t2-lb-measure.html,fea2c936c2304e5ba1ab18b21e761ea194646218,abd0758b0fef93e03c925b496af558c6833dccaeee5d9917280ba4bf60e16f80,1920,1080,,term|detail,,https://cdn.jsdelivr.net/npm/gsap@3.14.2/dist/gsap.min.js,0,False,False
docs/producer/evidence/student-kit-audit-2026-09-09/card-source-inventory.csv:378: trailing whitespace.
+kallaway.t2.label.meterchip,kallaway,draft,tier2,label,style-library/02-kallaway/cards/tier2/t2-lb-meterchip.html,2c1f666481a80f77fb3d9853312a1c45235a194d,8217ee1f10d2bb545de279001b333134995ba38299fc7133497a1776e9c9d41c,1920,1080,,term|detail,,https://cdn.jsdelivr.net/npm/gsap@3.14.2/dist/gsap.min.js,0,False,False
docs/producer/evidence/student-kit-audit-2026-09-09/card-source-inventory.csv:379: trailing whitespace.
+kallaway.t2.label.metric,kallaway,draft,tier2,label,style-library/02-kallaway/cards/tier2/t2-lb-metric.html,44312e9f2fbadcd8de9c283220b2c8bc866f8614,ee6da6c2c8991bb04e6e9b02bc7be9b54f5d6d388edd098cb287b417133e5ceb,1920,1080,,term|detail,,https://cdn.jsdelivr.net/npm/gsap@3.14.2/dist/gsap.min.js,0,False,False
docs/producer/evidence/student-kit-audit-2026-09-09/card-source-inventory.csv:380: trailing whitespace.
+kallaway.t2.label.micropie,kallaway,draft,tier2,label,style-library/02-kallaway/cards/tier2/t2-lb-micropie.html,2b0cccc559c668ef239e0990633a5a39bf7fac8d,340fb6bbcc938578a621e67a6f27de476ca69390a355c0ef3ec0c766c73e8d4b,1920,1080,,term|detail,,https://cdn.jsdelivr.net/npm/gsap@3.14.2/dist/gsap.min.js,0,False,False
docs/producer/evidence/student-kit-audit-2026-09-09/card-source-inventory.csv:381: trailing whitespace.
+kallaway.t2.label.minibar,kallaway,draft,tier2,label,style-library/02-kallaway/cards/tier2/t2-lb-minibar.html,caa741f17b8860de0d06bf43dcbc8af656a1b52f,0b70925eaea51f91d8c890024dae37a2583a7ddc9350780e87d2ba8674d841ae,1920,1080,,term|detail,,https://cdn.jsdelivr.net/npm/gsap@3.14.2/dist/gsap.min.js,0,False,False
docs/producer/evidence/student-kit-audit-2026-09-09/card-source-inventory.csv:382: trailing whitespace.
+kallaway.t2.label.node,kallaway,draft,tier2,label,style-library/02-kallaway/cards/tier2/t2-lb-node.html,901513cf1001ac13822116edf25aa69ad3afbb40,21ad94965b26092e301b625ef0b463c81ab2542a67a02ae7babd5c2d7bb54812,1920,1080,,term|detail,,https://cdn.jsdelivr.net/npm/gsap@3.14.2/dist/gsap.min.js,0,False,False
docs/producer/evidence/student-kit-audit-2026-09-09/card-source-inventory.csv:383: trailing whitespace.
+kallaway.t2.label.note,kallaway,draft,tier2,label,style-library/02-kallaway/cards/tier2/t2-lb-note.html,a0b20a6e1993296e8ecde20f9e7796fdb03447b3,cdc7d25622fcc0687efea9d9528e7ccff74b07fc8e29e490b52f7977959508b4,1920,1080,,term|detail,,https://cdn.jsdelivr.net/npm/gsap@3.14.2/dist/gsap.min.js,0,False,False
docs/producer/evidence/student-kit-audit-2026-09-09/card-source-inventory.csv:384: trailing whitespace.
+kallaway.t2.label.numbercallout,kallaway,draft,tier2,label,style-library/02-kallaway/cards/tier2/t2-lb-numbercallout.html,4d21df9ca6961fb4b8ead5852c0c9935198c10c3,e93e8f9fbf0717e1536553ece42b1b72db8c3f4981343485c90b156439364560,1920,1080,,detail|term,term,https://cdn.jsdelivr.net/npm/gsap@3.14.2/dist/gsap.min.js,0,False,False
docs/producer/evidence/student-kit-audit-2026-09-09/card-source-inventory.csv:385: trailing whitespace.
+kallaway.t2.label.percent,kallaway,draft,tier2,label,style-library/02-kallaway/cards/tier2/t2-lb-percent.html,244ced3fe9bf6d8e93d42f1107109aa8da1b0ee2,95041cbc2863361b81c4dbe161548ee925ad528ba87961704c6fd83d94c5ff5c,1920,1080,,detail,,https://cdn.jsdelivr.net/npm/gsap@3.14.2/dist/gsap.min.js,0,False,False
docs/producer/evidence/student-kit-audit-2026-09-09/card-source-inventory.csv:386: trailing whitespace.
+kallaway.t2.label.pointer,kallaway,draft,tier2,label,style-library/02-kallaway/cards/tier2/t2-lb-pointer.html,d361e521833b685c9945f791e352c82dc232a312,32ad887ae7b0e70c3e7d49144042cb7099833497fa0e60be1b32f940ea76d3cb,1920,1080,,term|detail,,https://cdn.jsdelivr.net/npm/gsap@3.14.2/dist/gsap.min.js,0,False,False
docs/producer/evidence/student-kit-audit-2026-09-09/card-source-inventory.csv:387: trailing whitespace.
+kallaway.t2.label.price,kallaway,draft,tier2,label,style-library/02-kallaway/cards/tier2/t2-lb-price.html,1dc2f0b52fe420002abaf71d2362926d87261005,da519f4b10e3c0d5f032383aed1c2f138be57f3c93ce95bea828db549e5df5e9,1920,1080,,term|detail,,https://cdn.jsdelivr.net/npm/gsap@3.14.2/dist/gsap.min.js,0,False,False
docs/producer/evidence/student-kit-audit-2026-09-09/card-source-inventory.csv:388: trailing whitespace.
+kallaway.t2.label.progress,kallaway,draft,tier2,label,style-library/02-kallaway/cards/tier2/t2-lb-progress.html,94bcd06d99d3995820b5d044b0f3c64207e2137e,3427880d32f2a1c90fda7d131b38750cd55c36de8c0878c412793f7b20928075,1920,1080,,term|detail,,https://cdn.jsdelivr.net/npm/gsap@3.14.2/dist/gsap.min.js,0,False,False
docs/producer/evidence/student-kit-audit-2026-09-09/card-source-inventory.csv:389: trailing whitespace.
+kallaway.t2.label.pulse,kallaway,draft,tier2,label,style-library/02-kallaway/cards/tier2/t2-lb-pulse.html,c9122fbfdb8ea5ff7b1a7f2387b89cfa34298167,ad1818e46dc145fa113fdfcb60ec9d124f3ed1da32b0702a39263021d96d0336,1920,1080,,term|detail,,https://cdn.jsdelivr.net/npm/gsap@3.14.2/dist/gsap.min.js,0,False,False
docs/producer/evidence/student-kit-audit-2026-09-09/card-source-inventory.csv:390: trailing whitespace.
+kallaway.t2.label.qmark,kallaway,draft,tier2,label,style-library/02-kallaway/cards/tier2/t2-lb-qmark.html,6c05334d941f5cc8dd9cf2113275e6cd9916d526,2ad0827ec96a3ee020f21bbd9d07498ebd1572d71e9a16553e54702890c7c670,1920,1080,,term|detail,,https://cdn.jsdelivr.net/npm/gsap@3.14.2/dist/gsap.min.js,0,False,False
docs/producer/evidence/student-kit-audit-2026-09-09/card-source-inventory.csv:391: trailing whitespace.
+kallaway.t2.label.quote,kallaway,draft,tier2,label,style-library/02-kallaway/cards/tier2/t2-lb-quote.html,00de27772bba1f899f95379aaa6dcca6503a5aa4,d82bf8af0ec35d86f7f5c8dc195f585e98461701ace5c723ed4219ed125976bb,1920,1080,,term|detail,,https://cdn.jsdelivr.net/npm/gsap@3.14.2/dist/gsap.min.js,0,False,False
docs/producer/evidence/student-kit-audit-2026-09-09/card-source-inventory.csv:392: trailing whitespace.
+kallaway.t2.label.rating,kallaway,draft,tier2,label,style-library/02-kallaway/cards/tier2/t2-lb-rating.html,f374509e0ee4f3c326f531fc2660a6ee70938ee0,94a5dbf7743be9eb5071ad845020724cae3ea2627e5d516d174e3f32ed3af33c,1920,1080,,term|detail,,https://cdn.jsdelivr.net/npm/gsap@3.14.2/dist/gsap.min.js,0,False,False
docs/producer/evidence/student-kit-audit-2026-09-09/card-source-inventory.csv:393: trailing whitespace.
+kallaway.t2.label.ribbon,kallaway,draft,tier2,label,style-library/02-kallaway/cards/tier2/t2-lb-ribbon.html,5242e1ef505cdbb01b6d1131ceb4df82c04ba268,2329a46c8eb8df7de2a4ab4b113d175f1abcfeee194f788928fe60792ef0b7de,1920,1080,,term|detail,,https://cdn.jsdelivr.net/npm/gsap@3.14.2/dist/gsap.min.js,0,False,False
docs/producer/evidence/student-kit-audit-2026-09-09/card-source-inventory.csv:394: trailing whitespace.
+kallaway.t2.label.ringmark,kallaway,draft,tier2,label,style-library/02-kallaway/cards/tier2/t2-lb-ringmark.html,9825835b64da4986ac0fecb418765e0eeddd8d85,53bb137d5bc03b0b15531d1aa2a33f7444efe1d79f3605913f11932b74fb3ff5,1920,1080,,term|detail,,https://cdn.jsdelivr.net/npm/gsap@3.14.2/dist/gsap.min.js,0,False,False
docs/producer/evidence/student-kit-audit-2026-09-09/card-source-inventory.csv:395: trailing whitespace.
+kallaway.t2.label.search,kallaway,draft,tier2,label,style-library/02-kallaway/cards/tier2/t2-lb-search.html,7f1834fbb45c44154febe6a388f7210237634706,656615f7826af2baf4fe22c1324f872fb99c82f43b69543735ad30d7c75b507a,1920,1080,,term|detail,,https://cdn.jsdelivr.net/npm/gsap@3.14.2/dist/gsap.min.js,0,False,False
docs/producer/evidence/student-kit-audit-2026-09-09/card-source-inventory.csv:396: trailing whitespace.
+kallaway.t2.label.sparkchip,kallaway,draft,tier2,label,style-library/02-kallaway/cards/tier2/t2-lb-sparkchip.html,cebb86d2d0ca30d521d64839323484cf9b098db3,6e1091f2fad28ad80c0995c70a7bedccbb8848694d1ac7a00a2642eeb76980e9,1920,1080,,term|detail,,https://cdn.jsdelivr.net/npm/gsap@3.14.2/dist/gsap.min.js,0,False,False
docs/producer/evidence/student-kit-audit-2026-09-09/card-source-inventory.csv:397: trailing whitespace.
+kallaway.t2.label.spec,kallaway,draft,tier2,label,style-library/02-kallaway/cards/tier2/t2-lb-spec.html,20c87c224595260161c34fc68f6e4df7e199e5e1,08698d0930863d69b98874635e3b8ff5f5fd96e4ab0b0daa176c4818afd906a3,1920,1080,,term|detail,,https://cdn.jsdelivr.net/npm/gsap@3.14.2/dist/gsap.min.js,0,False,False
docs/producer/evidence/student-kit-audit-2026-09-09/card-source-inventory.csv:398: trailing whitespace.
+kallaway.t2.label.status,kallaway,draft,tier2,label,style-library/02-kallaway/cards/tier2/t2-lb-status.html,55bac826f1fcd89f642129c2bfd4b99cca89242c,2e6b1e568692c7b8bcda9a2041dfdb1f3b5cd33911acbdcd5c31a09637487026,1920,1080,,term|detail,,https://cdn.jsdelivr.net/npm/gsap@3.14.2/dist/gsap.min.js,0,False,False
docs/producer/evidence/student-kit-audit-2026-09-09/card-source-inventory.csv:399: trailing whitespace.
+kallaway.t2.label.step,kallaway,draft,tier2,label,style-library/02-kallaway/cards/tier2/t2-lb-step.html,a5536a43e3eb48bce13c342908dfe6a9d365d4b6,f0adfc6f9a19af376c60b7fc6924f3ac2f095a1cf59c88056c29f7c8e3b929ed,1920,1080,,term|detail,,https://cdn.jsdelivr.net/npm/gsap@3.14.2/dist/gsap.min.js,0,False,False
docs/producer/evidence/student-kit-audit-2026-09-09/card-source-inventory.csv:400: trailing whitespace.
+kallaway.t2.label.tag,kallaway,draft,tier2,label,style-library/02-kallaway/cards/tier2/t2-lb-tag.html,2324931028106f4ae5dece0a8450dae5aa3c1b88,dfcdafb9e800c135710b593eae53fce4181affe673ace019b54c865ef4b19ed4,1920,1080,,term|detail,,https://cdn.jsdelivr.net/npm/gsap@3.14.2/dist/gsap.min.js,0,False,False
docs/producer/evidence/student-kit-audit-2026-09-09/card-source-inventory.csv:401: trailing whitespace.
+kallaway.t2.label.takeaway,kallaway,draft,tier2,label,style-library/02-kallaway/cards/tier2/t2-lb-takeaway.html,647c6b148d2b1b059ac7a1cc75f2072142e49003,fe3c9a21cb38ded0eb98002d651117c25fe31c51f08b685e8a4af9c825481d5e,1920,1080,,term|detail,,https://cdn.jsdelivr.net/npm/gsap@3.14.2/dist/gsap.min.js,0,False,False
docs/producer/evidence/student-kit-audit-2026-09-09/card-source-inventory.csv:402: trailing whitespace.
+kallaway.t2.label.tcode,kallaway,draft,tier2,label,style-library/02-kallaway/cards/tier2/t2-lb-tcode.html,205655d7e4434382a44f79ec7c68c78477351d06,d1865758386201d343a4a2fabb611e528ad18e7f3008c091f5b7aa49cf5984b3,1920,1080,,term|detail,,https://cdn.jsdelivr.net/npm/gsap@3.14.2/dist/gsap.min.js,0,False,False
docs/producer/evidence/student-kit-audit-2026-09-09/card-source-inventory.csv:403: trailing whitespace.
+kallaway.t2.label.timestamp,kallaway,draft,tier2,label,style-library/02-kallaway/cards/tier2/t2-lb-timestamp.html,41186962d81ec10bba3e17bd7c801e9990d803a1,cd291eab77895f14657ef987eac0a9822769a0c93ec25861086fa54380ddaf58,1920,1080,,term|detail,,https://cdn.jsdelivr.net/npm/gsap@3.14.2/dist/gsap.min.js,0,False,False
docs/producer/evidence/student-kit-audit-2026-09-09/card-source-inventory.csv:404: trailing whitespace.
+kallaway.t2.label.toast,kallaway,draft,tier2,label,style-library/02-kallaway/cards/tier2/t2-lb-toast.html,1ff58d67be844b7d675c42a683a31bb3a00dec95,8eaf7f0b299e2e09677399cc18815d09d5a2076836b136ef392305b3650dc952,1920,1080,,term|detail,,https://cdn.jsdelivr.net/npm/gsap@3.14.2/dist/gsap.min.js,0,False,False
docs/producer/evidence/student-kit-audit-2026-09-09/card-source-inventory.csv:405: trailing whitespace.
+kallaway.t2.label.tooltip,kallaway,draft,tier2,label,style-library/02-kallaway/cards/tier2/t2-lb-tooltip.html,c41bb5738e85d4202abc7b313605f6f3e3b3b485,a8a7fb7322016013b3568a44d5fe556eaadac44991ac5e75688af9217b5f3fc9,1920,1080,,term|detail,,https://cdn.jsdelivr.net/npm/gsap@3.14.2/dist/gsap.min.js,0,False,False
docs/producer/evidence/student-kit-audit-2026-09-09/card-source-inventory.csv:406: trailing whitespace.
+kallaway.t2.label.underline,kallaway,draft,tier2,label,style-library/02-kallaway/cards/tier2/t2-lb-underline.html,a97a1bc24c95dbd6f5eded9299173ad4fb4931ea,955fbadf4966a39045d4ee646c659d579af682d64f9399eb2ec9a2d3020a09d9,1920,1080,,term|detail,,https://cdn.jsdelivr.net/npm/gsap@3.14.2/dist/gsap.min.js,0,False,False
docs/producer/evidence/student-kit-audit-2026-09-09/card-source-inventory.csv:407: trailing whitespace.
+kallaway.t2.label.warning,kallaway,draft,tier2,label,style-library/02-kallaway/cards/tier2/t2-lb-warning.html,04d9a32454d3ba2ce70ce6dfbf4aa4575a6153bd,e0e76cc0b5963f3fc68f1bac4ea405457470670f0c19a1afeb939b0e27d2308a,1920,1080,,term|detail,,https://cdn.jsdelivr.net/npm/gsap@3.14.2/dist/gsap.min.js,0,False,False
scripts/producer/graphics/comp_capability_timing.py:50: new blank line at EOF.
scripts/producer/tests/_caption_karaoke_pixels.py:74: new blank line at EOF.
scripts/producer/tests/live_grade_v2_owner.ts:23: trailing whitespace.
+    ...["live_grade_v2_owner.ts", "live_grade_v2_contract.ts", "live_grade_v2_fixture.py", "live_grade_v2_finalization.ts", "live_grade_v2_lifecycle.ts", 
scripts/producer/tests/test_scene_unit_dispatch.py:144: new blank line at EOF.
vendor/hyperframes-catalog/compositions/assets/fonts/OFL.txt:21: trailing whitespace.
+fonts, including any derivative works, can be bundled, embedded, 
